This is pdfTeX, Version 3.141592653-2.6-1.40.25 (MiKTeX 24.1) (preloaded format=pdflatex 2026.4.27)  4 MAY 2026 06:22
entering extended mode
 restricted \write18 enabled.
 file:line:error style messages enabled.
 %&-line parsing enabled.
**"c:/Users/Maurice Mary Simon/.vscode/Latex/thesis.tex"
(c:/Users/Maurice Mary Simon/.vscode/Latex/thesis.tex
LaTeX2e <2025-11-01>
L3 programming layer <2025-12-24>
(maththesis.cls
Document Class: maththesis 
(C:\Users\Maurice Mary Simon\Application Mods\tex/latex/base\report.cls
Document Class: report 2025/01/22 v1.4n Standard LaTeX document class
(C:\Users\Maurice Mary Simon\Application Mods\tex/latex/base\size12.clo
File: size12.clo 2025/01/22 v1.4n Standard LaTeX file (size option)
)
\c@part=\count275
\c@chapter=\count276
\c@section=\count277
\c@subsection=\count278
\c@subsubsection=\count279
\c@paragraph=\count280
\c@subparagraph=\count281
\c@figure=\count282
\c@table=\count283
\abovecaptionskip=\skip49
\belowcaptionskip=\skip50
\bibindent=\dimen148
) (C:\Users\Maurice Mary Simon\Application Mods\tex/latex/amsfonts\amssymb.sty
Package: amssymb 2013/01/14 v3.01 AMS font symbols
 (C:\Users\Maurice Mary Simon\Application Mods\tex/latex/amsfonts\amsfonts.sty
Package: amsfonts 2013/01/14 v3.01 Basic AMSFonts support
\@emptytoks=\toks17
\symAMSa=\mathgroup4
\symAMSb=\mathgroup5
LaTeX Font Info:    Redeclaring math symbol \hbar on input line 98.
LaTeX Font Info:    Overwriting math alphabet `\mathfrak' in version `bold'
(Font)                  U/euf/m/n --> U/euf/b/n on input line 106.
)) (C:\Users\Maurice Mary Simon\Application Mods\tex/latex/amsmath\amsmath.sty
Package: amsmath 2025/07/09 v2.17z AMS math features
\@mathmargin=\skip51

For additional information on amsmath, use the `?' option.
(C:\Users\Maurice Mary Simon\Application Mods\tex/latex/amsmath\amstext.sty
Package: amstext 2024/11/17 v2.01 AMS text
 (C:\Users\Maurice Mary Simon\Application Mods\tex/latex/amsmath\amsgen.sty
File: amsgen.sty 1999/11/30 v2.0 generic functions
\@emptytoks=\toks18
\ex@=\dimen149
)) (C:\Users\Maurice Mary Simon\Application Mods\tex/latex/amsmath\amsbsy.sty
Package: amsbsy 1999/11/29 v1.2d Bold Symbols
\pmbraise@=\dimen150
) (C:\Users\Maurice Mary Simon\Application Mods\tex/latex/amsmath\amsopn.sty
Package: amsopn 2022/04/08 v2.04 operator names
)
\inf@bad=\count284
LaTeX Info: Redefining \frac on input line 233.
\uproot@=\count285
\leftroot@=\count286
LaTeX Info: Redefining \overline on input line 398.
LaTeX Info: Redefining \colon on input line 409.
\classnum@=\count287
\DOTSCASE@=\count288
LaTeX Info: Redefining \ldots on input line 495.
LaTeX Info: Redefining \dots on input line 498.
LaTeX Info: Redefining \cdots on input line 619.
\Mathstrutbox@=\box53
\strutbox@=\box54
LaTeX Info: Redefining \big on input line 721.
LaTeX Info: Redefining \Big on input line 722.
LaTeX Info: Redefining \bigg on input line 723.
LaTeX Info: Redefining \Bigg on input line 724.
\big@size=\dimen151
LaTeX Font Info:    Redeclaring font encoding OML on input line 742.
LaTeX Font Info:    Redeclaring font encoding OMS on input line 743.
\macc@depth=\count289
LaTeX Info: Redefining \bmod on input line 904.
LaTeX Info: Redefining \pmod on input line 909.
LaTeX Info: Redefining \smash on input line 939.
LaTeX Info: Redefining \relbar on input line 969.
LaTeX Info: Redefining \Relbar on input line 970.
\c@MaxMatrixCols=\count290
\dotsspace@=\muskip17
\c@parentequation=\count291
\dspbrk@lvl=\count292
\tag@help=\toks19
\row@=\count293
\column@=\count294
\maxfields@=\count295
\andhelp@=\toks20
\eqnshift@=\dimen152
\alignsep@=\dimen153
\tagshift@=\dimen154
\tagwidth@=\dimen155
\totwidth@=\dimen156
\lineht@=\dimen157
\@envbody=\toks21
\multlinegap=\skip52
\multlinetaggap=\skip53
\mathdisplay@stack=\toks22
LaTeX Info: Redefining \[ on input line 2950.
LaTeX Info: Redefining \] on input line 2951.
) (C:\Users\Maurice Mary Simon\Application Mods\tex/latex/tools\indentfirst.sty
Package: indentfirst 2023/07/02 v1.03 Indent first paragraph (DPC)
) (C:\Users\Maurice Mary Simon\Application Mods\tex/latex/base\ifthen.sty
Package: ifthen 2024/03/16 v1.1e Standard LaTeX ifthen package (DPC)
)) (commands.tex (C:\Program Files\MiKTeX\tex/latex/colortbl\colortbl.sty
Package: colortbl 2024/10/29 v1.0k Color table columns (DPC)
 (C:\Users\Maurice Mary Simon\Application Mods\tex/latex/tools\array.sty
Package: array 2025/09/25 v2.6n Tabular extension package (FMi)
\col@sep=\dimen158
\ar@mcellbox=\box55
\extrarowheight=\dimen159
\NC@list=\toks23
\extratabsurround=\skip54
\backup@length=\skip55
\ar@cellbox=\box56
) (C:\Users\Maurice Mary Simon\Application Mods\tex/latex/graphics\color.sty
Package: color 2025/01/14 v1.3e Standard LaTeX Color (DPC)
 (C:\Users\Maurice Mary Simon\Application Mods\tex/latex/graphics-cfg\color.cfg
File: color.cfg 2016/01/02 v1.6 sample color configuration
)
Package color Info: Driver file: pdftex.def on input line 149.
 (C:\Users\Maurice Mary Simon\Application Mods\tex/latex/graphics-def\pdftex.def
File: pdftex.def 2025/09/29 v1.2d Graphics/color driver for pdftex
) (C:\Users\Maurice Mary Simon\Application Mods\tex/latex/graphics\mathcolor.ltx))
\everycr=\toks24
\minrowclearance=\skip56
\rownum=\count296
) (C:\Users\Maurice Mary Simon\Application Mods\tex/latex/base\textcomp.sty
Package: textcomp 2024/04/24 v2.1b Standard LaTeX package
) (C:\Users\Maurice Mary Simon\Application Mods\tex/latex/apacite\apacite.sty
Package: apacite 2013/07/21 v6.03 APA citation
\c@BibCnt=\count297
\bibleftmargin=\skip57
\bibindent=\skip58
\bibparsep=\skip59
\bibitemsep=\skip60
\biblabelsep=\skip61
) (C:\Program Files\MiKTeX\tex/latex/natbib\natbib.sty
Package: natbib 2010/09/13 8.31b (PWD, AO)
\bibhang=\skip62
\bibsep=\skip63
LaTeX Info: Redefining \cite on input line 694.
LaTeX Info: Redefining \citeauthor on input line 712.
LaTeX Info: Redefining \citeyear on input line 735.
\c@NAT@ctr=\count298
) (C:\Program Files\MiKTeX\tex/latex/jknappen\mathrsfs.sty
Package: mathrsfs 1996/01/01 Math RSFS package v1.0 (jk)
\symrsfs=\mathgroup6
) (C:\Users\Maurice Mary Simon\Application Mods\tex/latex/base\latexsym.sty
Package: latexsym 1998/08/17 v2.2e Standard LaTeX package (lasy symbols)
\symlasy=\mathgroup7
LaTeX Font Info:    Overwriting symbol font `lasy' in version `bold'
(Font)                  U/lasy/m/n --> U/lasy/b/n on input line 52.
) (C:\Program Files\MiKTeX\tex/latex/wasysym\wasysym.sty
Package: wasysym 2020/01/19 v2.4 Wasy-2 symbol support package
\symwasy=\mathgroup8
LaTeX Font Info:    Overwriting symbol font `wasy' in version `bold'
(Font)                  U/wasy/m/n --> U/wasy/b/n on input line 93.
) (C:\Users\Maurice Mary Simon\Application Mods\tex/latex/graphics\graphicx.sty
Package: graphicx 2024/12/31 v1.2e Enhanced LaTeX Graphics (DPC,SPQR)
 (C:\Users\Maurice Mary Simon\Application Mods\tex/latex/graphics\keyval.sty
Package: keyval 2022/05/29 v1.15 key=value parser (DPC)
\KV@toks@=\toks25
) (C:\Users\Maurice Mary Simon\Application Mods\tex/latex/graphics\graphics.sty
Package: graphics 2024/08/06 v1.4g Standard LaTeX Graphics (DPC,SPQR)
 (C:\Users\Maurice Mary Simon\Application Mods\tex/latex/graphics\trig.sty
Package: trig 2023/12/02 v1.11 sin cos tan (DPC)
) (C:\Users\Maurice Mary Simon\Application Mods\tex/latex/graphics-cfg\graphics.cfg
File: graphics.cfg 2016/06/04 v1.11 sample graphics configuration
)
Package graphics Info: Driver file: pdftex.def on input line 106.
)
\Gin@req@height=\dimen160
\Gin@req@width=\dimen161
) (C:\Program Files\MiKTeX\tex/latex/enumitem\enumitem.sty
Package: enumitem 2025/02/06 v3.11 Customized lists
\labelindent=\skip64
\enit@outerparindent=\dimen162
\enit@toks=\toks26
\enit@inbox=\box57
\enit@count@id=\count299
\enitdp@description=\count300
) (C:\Program Files\MiKTeX\tex/latex/caption\caption.sty
Package: caption 2023/08/05 v3.6o Customizing captions (AR)
 (C:\Program Files\MiKTeX\tex/latex/caption\caption3.sty
Package: caption3 2023/07/31 v2.4d caption3 kernel (AR)
\caption@tempdima=\dimen163
\captionmargin=\dimen164
\caption@leftmargin=\dimen165
\caption@rightmargin=\dimen166
\caption@width=\dimen167
\caption@indent=\dimen168
\caption@parindent=\dimen169
\caption@hangindent=\dimen170
Package caption Info: Standard document class detected.
)
\c@caption@flags=\count301
\c@continuedfloat=\count302
) (C:\Program Files\MiKTeX\tex/latex/titlesec\titletoc.sty
Package: titletoc 2025/01/04 v2.17 TOC entries
\ttl@leftsep=\dimen171
) (C:\Program Files\MiKTeX\tex/latex/tocloft\tocloft.sty
Package: tocloft 2017/08/31 v2.3i parameterised ToC, etc., typesetting
Package tocloft Info: The document has chapter divisions on input line 51.
\cftparskip=\skip65
\cftbeforetoctitleskip=\skip66
\cftaftertoctitleskip=\skip67
\cftbeforepartskip=\skip68
\cftpartnumwidth=\skip69
\cftpartindent=\skip70
\cftbeforechapskip=\skip71
\cftchapindent=\skip72
\cftchapnumwidth=\skip73
\cftbeforesecskip=\skip74
\cftsecindent=\skip75
\cftsecnumwidth=\skip76
\cftbeforesubsecskip=\skip77
\cftsubsecindent=\skip78
\cftsubsecnumwidth=\skip79
\cftbeforesubsubsecskip=\skip80
\cftsubsubsecindent=\skip81
\cftsubsubsecnumwidth=\skip82
\cftbeforeparaskip=\skip83
\cftparaindent=\skip84
\cftparanumwidth=\skip85
\cftbeforesubparaskip=\skip86
\cftsubparaindent=\skip87
\cftsubparanumwidth=\skip88
\cftbeforeloftitleskip=\skip89
\cftafterloftitleskip=\skip90
\cftbeforefigskip=\skip91
\cftfigindent=\skip92
\cftfignumwidth=\skip93
\c@lofdepth=\count303
\c@lotdepth=\count304
\cftbeforelottitleskip=\skip94
\cftafterlottitleskip=\skip95
\cftbeforetabskip=\skip96
\cfttabindent=\skip97
\cfttabnumwidth=\skip98
) (C:\Users\Maurice Mary Simon\Application Mods\tex/latex/xcolor\xcolor.sty
Package: xcolor 2024/09/29 v3.02 LaTeX color extensions (UK)
 (C:\Users\Maurice Mary Simon\Application Mods\tex/latex/graphics-cfg\color.cfg
File: color.cfg 2016/01/02 v1.6 sample color configuration
)
Package xcolor Info: Driver file: pdftex.def on input line 274.
LaTeX Info: Redefining \color on input line 762.
 (C:\Users\Maurice Mary Simon\Application Mods\tex/latex/graphics\mathcolor.ltx)
Package xcolor Info: Model `cmy' substituted by `cmy0' on input line 1349.
Package xcolor Info: Model `hsb' substituted by `rgb' on input line 1353.
Package xcolor Info: Model `RGB' extended on input line 1365.
Package xcolor Info: Model `HTML' substituted by `rgb' on input line 1367.
Package xcolor Info: Model `Hsb' substituted by `hsb' on input line 1368.
Package xcolor Info: Model `tHsb' substituted by `hsb' on input line 1369.
Package xcolor Info: Model `HSB' substituted by `hsb' on input line 1370.
Package xcolor Info: Model `Gray' substituted by `gray' on input line 1371.
Package xcolor Info: Model `wave' substituted by `hsb' on input line 1372.
) (C:\Program Files\MiKTeX\tex/latex/xpatch\xpatch.sty (C:\Users\Maurice Mary Simon\Application Mods\tex/latex/l3kernel\expl3.sty
Package: expl3 2025-12-24 L3 programming layer (loader) 
 (C:\Users\Maurice Mary Simon\Application Mods\tex/latex/l3backend\l3backend-pdftex.def
File: l3backend-pdftex.def 2025-10-09 L3 backend support: PDF output (pdfTeX)
\l__color_backend_stack_int=\count305
))
Package: xpatch 2020/03/25 v0.3a Extending etoolbox patching commands
 (C:\Users\Maurice Mary Simon\Application Mods\tex/latex/l3packages/xparse\xparse.sty
Package: xparse 2025-10-09 L3 Experimental document command parser
) (C:\Users\Maurice Mary Simon\Application Mods\tex/latex/etoolbox\etoolbox.sty
Package: etoolbox 2025/10/02 v2.5m e-TeX tools for LaTeX (JAW)
\etb@tempcnta=\count306
)) (C:\Users\Maurice Mary Simon\Application Mods\tex/latex/hyperref\hyperref.sty
Package: hyperref 2025-07-12 v7.01o Hypertext links for LaTeX
 (C:\Users\Maurice Mary Simon\Application Mods\tex/generic/iftex\iftex.sty
Package: iftex 2024/12/12 v1.0g TeX engine tests
) (C:\Program Files\MiKTeX\tex/latex/kvsetkeys\kvsetkeys.sty
Package: kvsetkeys 2022-10-05 v1.19 Key value parser (HO)
) (C:\Program Files\MiKTeX\tex/generic/kvdefinekeys\kvdefinekeys.sty
Package: kvdefinekeys 2019-12-19 v1.6 Define keys (HO)
) (C:\Program Files\MiKTeX\tex/generic/pdfescape\pdfescape.sty
Package: pdfescape 2019/12/09 v1.15 Implements pdfTeX's escape features (HO)
 (C:\Program Files\MiKTeX\tex/generic/ltxcmds\ltxcmds.sty
Package: ltxcmds 2023-12-04 v1.26 LaTeX kernel commands for general use (HO)
) (C:\Users\Maurice Mary Simon\Application Mods\tex/generic/pdftexcmds\pdftexcmds.sty
Package: pdftexcmds 2020-06-27 v0.33 Utility functions of pdfTeX for LuaTeX (HO)
 (C:\Program Files\MiKTeX\tex/generic/infwarerr\infwarerr.sty
Package: infwarerr 2019/12/03 v1.5 Providing info/warning/error messages (HO)
)
Package pdftexcmds Info: \pdf@primitive is available.
Package pdftexcmds Info: \pdf@ifprimitive is available.
Package pdftexcmds Info: \pdfdraftmode found.
)) (C:\Program Files\MiKTeX\tex/latex/hycolor\hycolor.sty
Package: hycolor 2020-01-27 v1.10 Color options for hyperref/bookmark (HO)
) (C:\Users\Maurice Mary Simon\Application Mods\tex/latex/hyperref\nameref.sty
Package: nameref 2025-06-21 v2.57 Cross-referencing by name of section
 (C:\Program Files\MiKTeX\tex/latex/refcount\refcount.sty
Package: refcount 2019/12/15 v3.6 Data extraction from label references (HO)
) (C:\Program Files\MiKTeX\tex/generic/gettitlestring\gettitlestring.sty
Package: gettitlestring 2019/12/15 v1.6 Cleanup title references (HO)
 (C:\Program Files\MiKTeX\tex/latex/kvoptions\kvoptions.sty
Package: kvoptions 2022-06-15 v3.15 Key value format for package options (HO)
))
\c@section@level=\count307
) (C:\Program Files\MiKTeX\tex/generic/stringenc\stringenc.sty
Package: stringenc 2019/11/29 v1.12 Convert strings between diff. encodings (HO)
)
\@linkdim=\dimen172
\Hy@linkcounter=\count308
\Hy@pagecounter=\count309
 (C:\Users\Maurice Mary Simon\Application Mods\tex/latex/hyperref\pd1enc.def
File: pd1enc.def 2025-07-12 v7.01o Hyperref: PDFDocEncoding definition (HO)
Now handling font encoding PD1 ...
... no UTF-8 mapping file for font encoding PD1
) (C:\Program Files\MiKTeX\tex/generic/intcalc\intcalc.sty
Package: intcalc 2019/12/15 v1.3 Expandable calculations with integers (HO)
)
\Hy@SavedSpaceFactor=\count310
 (C:\Users\Maurice Mary Simon\Application Mods\tex/latex/hyperref\puenc.def
File: puenc.def 2025-07-12 v7.01o Hyperref: PDF Unicode definition (HO)
Now handling font encoding PU ...
... no UTF-8 mapping file for font encoding PU
)
Package hyperref Info: Hyper figures OFF on input line 4195.
Package hyperref Info: Link nesting OFF on input line 4200.
Package hyperref Info: Hyper index ON on input line 4203.
Package hyperref Info: Plain pages OFF on input line 4210.
Package hyperref Info: Backreferencing OFF on input line 4215.
Package hyperref Info: Implicit mode ON; LaTeX internals redefined.
Package hyperref Info: Bookmarks ON on input line 4462.
\c@Hy@tempcnt=\count311
 (C:\Users\Maurice Mary Simon\Application Mods\tex/latex/url\url.sty
\Urlmuskip=\muskip18
Package: url 2013/09/16  ver 3.4  Verb mode for urls, etc.
)
LaTeX Info: Redefining \url on input line 4801.
\XeTeXLinkMargin=\dimen173
 (C:\Program Files\MiKTeX\tex/generic/bitset\bitset.sty
Package: bitset 2019/12/09 v1.3 Handle bit-vector datatype (HO)
 (C:\Program Files\MiKTeX\tex/generic/bigintcalc\bigintcalc.sty
Package: bigintcalc 2019/12/15 v1.5 Expandable calculations on big integers (HO)
))
\Fld@menulength=\count312
\Field@Width=\dimen174
\Fld@charsize=\dimen175
Package hyperref Info: Hyper figures OFF on input line 6078.
Package hyperref Info: Link nesting OFF on input line 6083.
Package hyperref Info: Hyper index ON on input line 6086.
Package hyperref Info: backreferencing OFF on input line 6093.
Package hyperref Info: Link coloring OFF on input line 6098.
Package hyperref Info: Link coloring with OCG OFF on input line 6103.
Package hyperref Info: PDF/A mode OFF on input line 6108.
\Hy@abspage=\count313
\c@Item=\count314
\c@Hfootnote=\count315
)
Package hyperref Info: Driver (autodetected): hpdftex.
 (C:\Users\Maurice Mary Simon\Application Mods\tex/latex/hyperref\hpdftex.def
File: hpdftex.def 2025-07-12 v7.01o Hyperref driver for pdfTeX
\Fld@listcount=\count316
\c@bookmark@seq@number=\count317
 (C:\Program Files\MiKTeX\tex/latex/rerunfilecheck\rerunfilecheck.sty
Package: rerunfilecheck 2025-06-21 v1.11 Rerun checks for auxiliary files (HO)
 (C:\Program Files\MiKTeX\tex/generic/uniquecounter\uniquecounter.sty
Package: uniquecounter 2019/12/15 v1.4 Provide unlimited unique counter (HO)
)
Package uniquecounter Info: New unique counter `rerunfilecheck' on input line 284.
)
\Hy@SectionHShift=\skip99
) (C:\Program Files\MiKTeX\tex/latex/booktabs\booktabs.sty
Package: booktabs 2020/01/12 v1.61803398 Publication quality tables
\heavyrulewidth=\dimen176
\lightrulewidth=\dimen177
\cmidrulewidth=\dimen178
\belowrulesep=\dimen179
\belowbottomsep=\dimen180
\aboverulesep=\dimen181
\abovetopsep=\dimen182
\cmidrulesep=\dimen183
\cmidrulekern=\dimen184
\defaultaddspace=\dimen185
\@cmidla=\count318
\@cmidlb=\count319
\@aboverulesep=\dimen186
\@belowrulesep=\dimen187
\@thisruleclass=\count320
\@lastruleclass=\count321
\@thisrulewidth=\dimen188
) (C:\Users\Maurice Mary Simon\Application Mods\tex/latex/tools\longtable.sty
Package: longtable 2025-10-13 v4.24 Multi-page Table package (DPC)
\LTleft=\skip100
\LTright=\skip101
\LTpre=\skip102
\LTpost=\skip103
\LTchunksize=\count322
\LTcapwidth=\dimen189
\LT@head=\box58
\LT@firsthead=\box59
\LT@foot=\box60
\LT@lastfoot=\box61
\LT@gbox=\box62
\LT@cols=\count323
\LT@rows=\count324
\c@LT@tables=\count325
\c@LT@chunks=\count326
\LT@p@ftn=\toks27
) (C:\Program Files\MiKTeX\tex/latex/float\float.sty
Package: float 2001/11/08 v1.3d Float enhancements (AL)
\c@float@type=\count327
\float@exts=\toks28
\float@box=\box63
\@float@everytoks=\toks29
\@floatcapt=\box64
) (C:\Program Files\MiKTeX\tex/latex/mhchem\mhchem.sty
Package: mhchem 2024/01/29 v4.10 for typesetting chemical formulae
 (C:\Users\Maurice Mary Simon\Application Mods\tex/latex/l3packages/l3keys2e\l3keys2e.sty
Package: l3keys2e 2025-10-09 LaTeX2e option processing using LaTeX3 keys
) (C:\Users\Maurice Mary Simon\Application Mods\tex/latex/tools\calc.sty
Package: calc 2025/03/01 v4.3b Infix arithmetic (KKT,FJ)
\calc@Acount=\count328
\calc@Bcount=\count329
\calc@Adimen=\dimen190
\calc@Bdimen=\dimen191
\calc@Askip=\skip104
\calc@Bskip=\skip105
LaTeX Info: Redefining \setlength on input line 86.
LaTeX Info: Redefining \addtolength on input line 87.
\calc@Ccount=\count330
\calc@Cskip=\skip106
) (C:\Program Files\MiKTeX\tex/latex/chemgreek\chemgreek.sty
Package: chemgreek 2020/01/16 v1.1a interface for upright Greek letters for use in chemistry (CN)
\l__chemgreek_tmpa_int=\count331
\g__chemgreek_tmpa_int=\count332
)
\l__mhchem_ce_distanceFromLastComma_int=\count333
\__mhchem_arrow_extPgfLength_skip=\skip107
\mhchem@minispace@tmp=\skip108
\mhchem@minibackspace@tmp=\skip109
\mhchem@bondwidth=\skip110
\mhchem@bondheight=\skip111
\mhchem@smallbondwidth@tmpA=\skip112
\mhchem@smallbondwidth@tmpB=\skip113
\mhchem@smallbondwidth=\skip114
\mhchem@bondtmp@minussidebearingleft=\skip115
\mhchem@bondtmp@minussidebearingright=\skip116
\l__mhchem_option_version_int=\count334
\mhchem@option@minusmathsidebearingleft=\dimen192
\mhchem@option@minusmathsidebearingright=\dimen193
\mhchem@option@minustextsidebearingleft=\dimen194
\mhchem@option@minustextsidebearingright=\dimen195
) (C:\Users\Maurice Mary Simon\Application Mods\tex/latex/base\inputenc.sty
Package: inputenc 2024/02/08 v1.3d Input encoding file
\inpenc@prehook=\toks30
\inpenc@posthook=\toks31
) (C:\Users\Maurice Mary Simon\Application Mods\tex/latex/tools\tabularx.sty
Package: tabularx 2023/12/11 v2.12a `tabularx' package (DPC)
\TX@col@width=\dimen196
\TX@old@table=\dimen197
\TX@old@col=\dimen198
\TX@target=\dimen199
\TX@delta=\dimen256
\TX@cols=\count335
\TX@ftn=\toks32
) (C:\Program Files\MiKTeX\tex/latex/acronym\acronym.sty
Package: acronym 2025/01/17 v1.50 Support for acronyms (Tobias Oetiker)
 (C:\Program Files\MiKTeX\tex/latex/bigfoot\suffix.sty
Package: suffix 2006/07/15 1.5a Variant command support
) (C:\Program Files\MiKTeX\tex/latex/xstring\xstring.sty (C:\Program Files\MiKTeX\tex/generic/xstring\xstring.tex
\xs_counta=\count336
\xs_countb=\count337
)
Package: xstring 2023/08/22 v1.86 String manipulations (CT)
)
\AC@clearlist=\toks33
) (C:\Program Files\MiKTeX\tex/latex/titlesec\titlesec.sty
Package: titlesec 2025/01/04 v2.17 Sectioning titles
\ttl@box=\box65
\beforetitleunit=\skip117
\aftertitleunit=\skip118
\ttl@plus=\dimen257
\ttl@minus=\dimen258
\ttl@toksa=\toks34
\titlewidth=\dimen259
\titlewidthlast=\dimen260
\titlewidthfirst=\dimen261
) (C:\Program Files\MiKTeX\tex/latex/pdflscape\pdflscape.sty
Package: pdflscape 2022-10-27 v0.13 Display of landscape pages in PDF
 (C:\Program Files\MiKTeX\tex/latex/pdflscape\pdflscape-nometadata.sty
Package: pdflscape-nometadata 2022-10-28 v0.13 Display of landscape pages in PDF (HO)
 (C:\Users\Maurice Mary Simon\Application Mods\tex/latex/graphics\lscape.sty
Package: lscape 2020/05/28 v3.02 Landscape Pages (DPC)
)
Package pdflscape Info: Auto-detected driver: pdftex on input line 81.
)) (C:\Users\Maurice Mary Simon\Application Mods\tex/latex/ragged2e\ragged2e.sty
Package: ragged2e 2023/06/22 v3.6 ragged2e Package
\CenteringLeftskip=\skip119
\RaggedLeftLeftskip=\skip120
\RaggedRightLeftskip=\skip121
\CenteringRightskip=\skip122
\RaggedLeftRightskip=\skip123
\RaggedRightRightskip=\skip124
\CenteringParfillskip=\skip125
\RaggedLeftParfillskip=\skip126
\RaggedRightParfillskip=\skip127
\JustifyingParfillskip=\skip128
\CenteringParindent=\skip129
\RaggedLeftParindent=\skip130
\RaggedRightParindent=\skip131
\JustifyingParindent=\skip132
) (C:\Program Files\MiKTeX\tex/latex/seqsplit\seqsplit.sty
Package: seqsplit 2006/08/07 v0.1 Splitting long sequences (DNA, RNA, proteins, etc.) 
)
\tocindent=\skip133
\c@myequations=\count338
\cftbeforemyequationsskip=\skip134
\cftmyequationsindent=\skip135
\cftmyequationsnumwidth=\skip136
\c@expdepth=\count339
\cftbeforeexptitleskip=\skip137
\cftafterexptitleskip=\skip138
 (C:\Program Files\MiKTeX\tex/latex/geometry\geometry.sty
Package: geometry 2026/03/07 v6.0 Page Geometry
 (C:\Users\Maurice Mary Simon\Application Mods\tex/generic/iftex\ifvtex.sty
Package: ifvtex 2019/10/25 v1.7 ifvtex legacy package. Use iftex instead.
)
\Gm@cnth=\count340
\Gm@cntv=\count341
\c@Gm@tempcnt=\count342
\Gm@bindingoffset=\dimen262
\Gm@wd@mp=\dimen263
\Gm@odd@mp=\dimen264
\Gm@even@mp=\dimen265
\Gm@layoutwidth=\dimen266
\Gm@layoutheight=\dimen267
\Gm@layouthoffset=\dimen268
\Gm@layoutvoffset=\dimen269
\Gm@dimlist=\toks35
 (C:\Program Files\MiKTeX\tex/latex/geometry\geometry.cfg))) (basicinfo.tex) (C:\Program Files\MiKTeX\tex/latex/topiclongtable\topiclongtable.sty (C:\Program Files\MiKTeX\tex/latex/zref\zref-abspage.sty
Package: zref-abspage 2026-03-07 v2.37 Module abspage for zref (HO)
 (C:\Program Files\MiKTeX\tex/latex/zref\zref-base.sty
Package: zref-base 2026-03-07 v2.37 Module base for zref (HO)
 (C:\Program Files\MiKTeX\tex/generic/etexcmds\etexcmds.sty
Package: etexcmds 2019/12/15 v1.7 Avoid name clashes with e-TeX commands (HO)
) (C:\Program Files\MiKTeX\tex/latex/auxhook\auxhook.sty
Package: auxhook 2019-12-17 v1.6 Hooks for auxiliary files (HO)
)
Package zref Info: New property list: main on input line 767.
Package zref Info: New property: default on input line 768.
Package zref Info: New property: page on input line 769.
)
\c@abspage=\count343
Package zref Info: New property: abspage on input line 67.
) (C:\Program Files\MiKTeX\tex/latex/multirow\multirow.sty
Package: multirow 2024/11/12 v2.9 Span multiple rows of a table
\multirow@colwidth=\skip139
\multirow@cntb=\count344
\multirow@dima=\skip140
\bigstrutjot=\dimen270
)
Package: topiclongtable 2020/04/12 v1.3.2 Renders autocollapsing cells in longtables
\g_tlt_row_idx_int=\count345
\g_tlt_col_idx_int=\count346
\g_tlt_col_tot_int=\count347
) (C:\Program Files\MiKTeX\tex/latex/setspace\setspace.sty
Package: setspace 2022/12/04 v6.7b set line spacing
) (C:\Program Files\MiKTeX\tex/latex/ulem\ulem.sty
\UL@box=\box66
\UL@hyphenbox=\box67
\UL@skip=\skip141
\UL@hook=\toks36
\UL@height=\dimen271
\UL@pe=\count348
\UL@pixel=\dimen272
\ULC@box=\box68
Package: ulem 2019/11/18
\ULdepth=\dimen273
) (C:\Program Files\MiKTeX\tex/latex/mdframed\mdframed.sty
Package: mdframed 2013/07/01 1.9b: mdframed
 (C:\Program Files\MiKTeX\tex/latex/needspace\needspace.sty
Package: needspace 2025/03/13 v1.3e reserve vertical space
)
\mdf@templength=\skip142
\c@mdf@globalstyle@cnt=\count349
\mdf@skipabove@length=\skip143
\mdf@skipbelow@length=\skip144
\mdf@leftmargin@length=\skip145
\mdf@rightmargin@length=\skip146
\mdf@innerleftmargin@length=\skip147
\mdf@innerrightmargin@length=\skip148
\mdf@innertopmargin@length=\skip149
\mdf@innerbottommargin@length=\skip150
\mdf@splittopskip@length=\skip151
\mdf@splitbottomskip@length=\skip152
\mdf@outermargin@length=\skip153
\mdf@innermargin@length=\skip154
\mdf@linewidth@length=\skip155
\mdf@innerlinewidth@length=\skip156
\mdf@middlelinewidth@length=\skip157
\mdf@outerlinewidth@length=\skip158
\mdf@roundcorner@length=\skip159
\mdf@footenotedistance@length=\skip160
\mdf@userdefinedwidth@length=\skip161
\mdf@needspace@length=\skip162
\mdf@frametitleaboveskip@length=\skip163
\mdf@frametitlebelowskip@length=\skip164
\mdf@frametitlerulewidth@length=\skip165
\mdf@frametitleleftmargin@length=\skip166
\mdf@frametitlerightmargin@length=\skip167
\mdf@shadowsize@length=\skip168
\mdf@extratopheight@length=\skip169
\mdf@subtitleabovelinewidth@length=\skip170
\mdf@subtitlebelowlinewidth@length=\skip171
\mdf@subtitleaboveskip@length=\skip172
\mdf@subtitlebelowskip@length=\skip173
\mdf@subtitleinneraboveskip@length=\skip174
\mdf@subtitleinnerbelowskip@length=\skip175
\mdf@subsubtitleabovelinewidth@length=\skip176
\mdf@subsubtitlebelowlinewidth@length=\skip177
\mdf@subsubtitleaboveskip@length=\skip178
\mdf@subsubtitlebelowskip@length=\skip179
\mdf@subsubtitleinneraboveskip@length=\skip180
\mdf@subsubtitleinnerbelowskip@length=\skip181
 (C:\Program Files\MiKTeX\tex/latex/mdframed\md-frame-0.mdf
File: md-frame-0.mdf 2013/07/01\ 1.9b: md-frame-0
)
\mdf@frametitlebox=\box69
\mdf@footnotebox=\box70
\mdf@splitbox@one=\box71
\mdf@splitbox@two=\box72
\mdf@splitbox@save=\box73
\mdfsplitboxwidth=\skip182
\mdfsplitboxtotalwidth=\skip183
\mdfsplitboxheight=\skip184
\mdfsplitboxdepth=\skip185
\mdfsplitboxtotalheight=\skip186
\mdfframetitleboxwidth=\skip187
\mdfframetitleboxtotalwidth=\skip188
\mdfframetitleboxheight=\skip189
\mdfframetitleboxdepth=\skip190
\mdfframetitleboxtotalheight=\skip191
\mdffootnoteboxwidth=\skip192
\mdffootnoteboxtotalwidth=\skip193
\mdffootnoteboxheight=\skip194
\mdffootnoteboxdepth=\skip195
\mdffootnoteboxtotalheight=\skip196
\mdftotallinewidth=\skip197
\mdfboundingboxwidth=\skip198
\mdfboundingboxtotalwidth=\skip199
\mdfboundingboxheight=\skip256
\mdfboundingboxdepth=\skip257
\mdfboundingboxtotalheight=\skip258
\mdf@freevspace@length=\skip259
\mdf@horizontalwidthofbox@length=\skip260
\mdf@verticalmarginwhole@length=\skip261
\mdf@horizontalspaceofbox=\skip262
\mdfsubtitleheight=\skip263
\mdfsubsubtitleheight=\skip264
\c@mdfcountframes=\count350

****** mdframed patching \endmdf@trivlist

****** -- success******

\mdf@envdepth=\count351
\c@mdf@env@i=\count352
\c@mdf@env@ii=\count353
\c@mdf@zref@counter=\count354
Package zref Info: New property: mdf@pagevalue on input line 895.
) (C:\Program Files\MiKTeX\tex/latex/chngcntr\chngcntr.sty
Package: chngcntr 2018/04/09 v1.1a change counter resetting
Package chngcntr Info: \counterwithout already defined.
(chngcntr)             Quitting chngcntr on input line 21.
) (thesis.aux (chapter1.aux) (chapter2.aux) (chapter3.aux

LaTeX Warning: Label `fig:architecture' multiply defined.


LaTeX Warning: Label `fig:solar harvesting' multiply defined.


LaTeX Warning: Label `fig:energy conversion' multiply defined.


LaTeX Warning: Label `fig:power monitoring' multiply defined.


LaTeX Warning: Label `fig:welcome' multiply defined.

) (chapter4.aux

LaTeX Warning: Label `fig:3d' multiply defined.


LaTeX Warning: Label `fig:3d' multiply defined.


LaTeX Warning: Label `fig:3d' multiply defined.


LaTeX Warning: Label `fig:3d' multiply defined.


LaTeX Warning: Label `fig:3d' multiply defined.


LaTeX Warning: Label `fig:3d' multiply defined.


LaTeX Warning: Label `fig:3d' multiply defined.


LaTeX Warning: Label `fig:3d2' multiply defined.


LaTeX Warning: Label `fig:3d2' multiply defined.


LaTeX Warning: Label `fig:3d2' multiply defined.


LaTeX Warning: Label `fig:welcome' multiply defined.


LaTeX Warning: Label `fig:signin' multiply defined.


LaTeX Warning: Label `fig:signup' multiply defined.


LaTeX Warning: Label `fig:user home' multiply defined.


LaTeX Warning: Label `fig:renting' multiply defined.


LaTeX Warning: Label `fig:coin-slot' multiply defined.


LaTeX Warning: Label `fig:credit-points' multiply defined.


LaTeX Warning: Label `fig:alerts' multiply defined.


LaTeX Warning: Label `fig:profile' multiply defined.


LaTeX Warning: Label `fig:admin' multiply defined.


LaTeX Warning: Label `fig:admin2' multiply defined.


LaTeX Warning: Label `fig:admin3' multiply defined.


LaTeX Warning: Label `fig:admin4' multiply defined.


LaTeX Warning: Label `fig:admin5' multiply defined.


LaTeX Warning: Label `fig:admin6' multiply defined.


LaTeX Warning: Label `fig:admin7' multiply defined.


LaTeX Warning: Label `fig:admin8' multiply defined.


LaTeX Warning: Label `fig:admin9' multiply defined.


LaTeX Warning: Label `fig:admin10' multiply defined.


LaTeX Warning: Label `fig:coin-slot' multiply defined.


LaTeX Warning: Label `fig:coin-slot' multiply defined.

) (chapter5.aux) (appendix.aux

LaTeX Warning: Label `fig:interview-conducted1' multiply defined.


LaTeX Warning: Label `fig:interview-conducted2' multiply defined.


LaTeX Warning: Label `fig:interview-conducted1' multiply defined.


LaTeX Warning: Label `fig:interview-conducted2' multiply defined.


LaTeX Warning: Label `fig:interview-conducted1' multiply defined.


LaTeX Warning: Label `fig:interview-conducted2' multiply defined.


LaTeX Warning: Label `fig:interview-conducted1' multiply defined.


LaTeX Warning: Label `fig:interview-conducted2' multiply defined.


LaTeX Warning: Label `fig:interview-conducted1' multiply defined.


LaTeX Warning: Label `fig:interview-conducted2' multiply defined.


LaTeX Warning: Label `fig:interview-conducted1' multiply defined.


LaTeX Warning: Label `fig:interview-conducted2' multiply defined.


LaTeX Warning: Label `fig:interview-conducted1' multiply defined.


LaTeX Warning: Label `fig:interview-conducted2' multiply defined.


LaTeX Warning: Label `fig:interview-conducted1' multiply defined.


LaTeX Warning: Label `fig:interview-conducted2' multiply defined.


LaTeX Warning: Label `fig:interview-conducted1' multiply defined.


LaTeX Warning: Label `fig:interview-conducted2' multiply defined.

) (bibliography.aux) (cv.aux) (caa.aux))
\openout1 = `thesis.aux'.

LaTeX Font Info:    Checking defaults for OML/cmm/m/it on input line 56.
LaTeX Font Info:    ... okay on input line 56.
LaTeX Font Info:    Checking defaults for OMS/cmsy/m/n on input line 56.
LaTeX Font Info:    ... okay on input line 56.
LaTeX Font Info:    Checking defaults for OT1/cmr/m/n on input line 56.
LaTeX Font Info:    ... okay on input line 56.
LaTeX Font Info:    Checking defaults for T1/cmr/m/n on input line 56.
LaTeX Font Info:    ... okay on input line 56.
LaTeX Font Info:    Checking defaults for TS1/cmr/m/n on input line 56.
LaTeX Font Info:    ... okay on input line 56.
LaTeX Font Info:    Checking defaults for OMX/cmex/m/n on input line 56.
LaTeX Font Info:    ... okay on input line 56.
LaTeX Font Info:    Checking defaults for U/cmr/m/n on input line 56.
LaTeX Font Info:    ... okay on input line 56.
LaTeX Font Info:    Checking defaults for PD1/pdf/m/n on input line 56.
LaTeX Font Info:    ... okay on input line 56.
LaTeX Font Info:    Checking defaults for PU/pdf/m/n on input line 56.
LaTeX Font Info:    ... okay on input line 56.
 (C:\Users\Maurice Mary Simon\Application Mods\tex/context/base/mkii\supp-pdf.mkii
[Loading MPS to PDF converter (version 2006.09.02).]
\scratchcounter=\count355
\scratchdimen=\dimen274
\scratchbox=\box74
\nofMPsegments=\count356
\nofMParguments=\count357
\everyMPshowfont=\toks37
\MPscratchCnt=\count358
\MPscratchDim=\dimen275
\MPnumerator=\count359
\makeMPintoPDFobject=\count360
\everyMPtoPDFconversion=\toks38
) (C:\Users\Maurice Mary Simon\Application Mods\tex/latex/epstopdf-pkg\epstopdf-base.sty
Package: epstopdf-base 2020-01-24 v2.11 Base part for package epstopdf
Package epstopdf-base Info: Redefining graphics rule for `.eps' on input line 485.
 (C:\Users\Maurice Mary Simon\Application Mods\tex/latex/00miktex\epstopdf-sys.cfg
File: epstopdf-sys.cfg 2021/03/18 v2.0 Configuration of epstopdf for MiKTeX
))
\c@maskedRefs=\count361
 (C:\Users\Maurice Mary Simon\Application Mods\tex/latex/apacite\english.apc
File: english.apc 2013/07/21 v6.03 apacite language file
LaTeX Info: Redefining \BPBI on input line 129.
LaTeX Info: Redefining \BHBI on input line 130.
)
Package caption Info: Begin \AtBeginDocument code.
Package caption Info: float package is loaded.
Package caption Info: hyperref package is loaded.
Package caption Info: longtable package is loaded.
 (C:\Program Files\MiKTeX\tex/latex/caption\ltcaption.sty
Package: ltcaption 2021/01/08 v1.4c longtable captions (AR)
)
Package caption Info: End \AtBeginDocument code.
Package hyperref Info: Link coloring OFF on input line 56.
 (thesis.out) (thesis.out)
\@outlinefile=\write3
\openout3 = `thesis.out'.


Package chemgreek Info: Activating mapping `default' on line 56.


*geometry* driver: auto-detecting
*geometry* detected driver: pdftex
*geometry* verbose mode - [ preamble ] result:
* driver: pdftex
* paper: <default>
* layout: <same size as paper>
* layoutoffset:(h,v)=(0.0pt,0.0pt)
* modes: 
* h-part:(L,W,R)=(126.47249pt, 397.48502pt, 90.3375pt)
* v-part:(T,H,B)=(130.08621pt, 574.54628pt, 90.3375pt)
* \paperwidth=614.295pt
* \paperheight=794.96999pt
* \textwidth=397.48502pt
* \textheight=574.54628pt
* \oddsidemargin=54.2025pt
* \evensidemargin=54.2025pt
* \topmargin=20.81622pt
* \headheight=12.0pt
* \headsep=25.0pt
* \topskip=12.0pt
* \footskip=30.0pt
* \marginparwidth=44.0pt
* \marginparsep=10.0pt
* \columnsep=10.0pt
* \skip\footins=10.8pt plus 4.0pt minus 2.0pt
* \hoffset=0.0pt
* \voffset=0.0pt
* \mag=1000
* \@twocolumnfalse
* \@twosidefalse
* \@mparswitchfalse
* \@reversemarginfalse
* (1in=72.27pt=25.4mm, 1cm=28.453pt)

\g_tlt_stream_iow=\write4
\openout4 = `thesis.tlt'.

(titlepage.tex)

[1


{C:/Users/Maurice Mary Simon/AppData/Local/MiKTeX/fonts/map/pdftex/pdftex.map}] (approval.tex
<figures/header.png, id=587, 1247.66125pt x 201.75375pt>
File: figures/header.png Graphic file (type png)
<use figures/header.png>
Package pdftex.def Info: figures/header.png  used on input line 12.
(pdftex.def)             Requested size: 397.48502pt x 64.27313pt.
LaTeX Font Info:    Trying to load font information for U+msa on input line 13.
 (C:\Users\Maurice Mary Simon\Application Mods\tex/latex/amsfonts\umsa.fd
File: umsa.fd 2013/01/14 v3.01 AMS symbols A
)
LaTeX Font Info:    Trying to load font information for U+msb on input line 13.
 (C:\Users\Maurice Mary Simon\Application Mods\tex/latex/amsfonts\umsb.fd
File: umsb.fd 2013/01/14 v3.01 AMS symbols B
)
LaTeX Font Info:    Trying to load font information for U+rsfs on input line 13.
 (C:\Program Files\MiKTeX\tex/latex/jknappen\ursfs.fd
File: ursfs.fd 1998/03/24 rsfs font definition file (jk)
)
LaTeX Font Info:    Trying to load font information for U+lasy on input line 13.
 (C:\Users\Maurice Mary Simon\Application Mods\tex/latex/base\ulasy.fd
File: ulasy.fd 1998/08/17 v2.2e LaTeX symbol font definitions
)
LaTeX Font Info:    Trying to load font information for U+wasy on input line 13.
 (C:\Program Files\MiKTeX\tex/latex/wasysym\uwasy.fd
File: uwasy.fd 2020/01/19 v2.4 Wasy-2 symbol font definitions
)
Underfull \hbox (badness 1270) in paragraph at lines 31--35
\OT1/cmr/m/n/12 This The-sis en-ti-tled: $[]$
 []


Underfull \hbox (badness 10000) in paragraph at lines 31--35
\OT1/cmr/m/n/12 sub-mit-ted by $[]$
 []


Underfull \hbox (badness 10000) in paragraph at lines 31--35
[]$
 []


Overfull \hbox (31.22742pt too wide) in paragraph at lines 77--81
 [] 
 []

)

[2 <./figures/header.png>] (abstract.tex)

[3] (dedication.tex)

[4] (acknowledgment.tex

[5])

[6] (thesis.toc
Overfull \hbox (1.36159pt too wide) in paragraph at lines 27--27
 [][] [][]\OT1/cmr/m/n/12 Wireless Com-mu-ni-ca-tion and Po-si-tion-ing The- 
 []



[7

]
Overfull \hbox (12.49211pt too wide) in paragraph at lines 38--38
 [][] [][]\OT1/cmr/m/n/12 A solar-powered multi-functional portable charg- 
 []


Overfull \hbox (3.34502pt too wide) in paragraph at lines 38--38
 \OT1/cmr/m/n/12 ing de-vice (SPMF-PCD) with internet-of-things 
 []


Overfull \hbox (0.57281pt too wide) in paragraph at lines 39--39
 [][] [][]\OT1/cmr/m/n/12 Renewable En-ergy from So-lar Pan-els: A Study 
 []


Overfull \hbox (9.94347pt too wide) in paragraph at lines 39--39
 \OT1/cmr/m/n/12 of Pho-to-voltaic Physics and En-vi-ron-men-tal Ben- 
 []



[8]

[9]
Overfull \hbox (27.62947pt too wide) in paragraph at lines 92--92
 [][] [][]\OT1/cmr/m/n/12 LiFePO4 Bat-tery Voltage-to-State of Charge 
 []


Overfull \hbox (12.81566pt too wide) in paragraph at lines 113--113
 [][] [][]\OT1/cmr/m/n/12 Energy Fea-si-bil-ity of Charg-ing De-tach-able Power 
 []



[10]
Overfull \hbox (9.58658pt too wide) in paragraph at lines 118--118
 [][] [][]\OT1/cmr/m/n/12 Component Lay-out and Sys-tem Ar-range- 
 []


Overfull \hbox (11.08797pt too wide) in paragraph at lines 119--119
 [][] [][]\OT1/cmr/m/n/12 Physical Di-men-sions and En-clo-sure Spec- 
 []



[11])
\tf@toc=\write5
\openout5 = `thesis.toc'.



[12] (thesis.lot)
\tf@lot=\write6
\openout6 = `thesis.lot'.



[13

] (listofnotations.tex)
Overfull \hbox (30.34445pt too wide) in paragraph at lines 7--70
[]
 []


Underfull \hbox (badness 10000) in paragraph at lines 7--70

 []



[14] (thesis.lof
Overfull \hbox (4.18723pt too wide) in paragraph at lines 15--15
 [][] [][]\OT1/cmr/m/n/12 Data Flow Rep-re-sen-ta-tion of the Solar-Powered Rental 
 []


Overfull \hbox (2.79414pt too wide) in paragraph at lines 18--18
 [][] [][]\OT1/cmr/m/n/12 Solar-powered en-ergy con-ver-sion and dis-tri-bu-tion with 
 []



[15

]
Overfull \hbox (8.69133pt too wide) in paragraph at lines 55--55
 [][] [][]\OT1/cmr/m/n/12 Solar-Powered Rental Sta-tion In-ter-nal Com-po-nent Lay- 
 []


Overfull \hbox (1.05807pt too wide) in paragraph at lines 60--60
 \OT1/cmr/m/n/12 ment for De-tach-able Power Source Di-men-sions (Close- 
 []


Overfull \hbox (1.05807pt too wide) in paragraph at lines 61--61
 \OT1/cmr/m/n/12 ment for De-tach-able Power Source Di-men-sions (Close- 
 []



[16])
\tf@lof=\write7
\openout7 = `thesis.lof'.



[17] (thesis.exp)
\tf@exp=\write8
\openout8 = `thesis.exp'.



[18

] (listofequations.tex)
Overfull \hbox (131.86679pt too wide) in paragraph at lines 7--74
[]
 []


Underfull \hbox (badness 10000) in paragraph at lines 7--74

 []



[19]
\openout2 = `chapter1.aux'.

 (chapter1.tex
Chapter 1.


[1


]

[2]

[3]

[4]

[5]

[6]

[7]

[8]
Overfull \hbox (9.51353pt too wide) in paragraph at lines 92--93
[]\OT1/cmr/m/n/12 Implement coin-operated or app-based ac-cess for rent-ing the power sources. 
 []



[9]

[10]

[11]

[12])

[13]
\openout2 = `chapter2.aux'.

 (chapter2.tex
Chapter 2.


[14




]

[15]

[16]

[17]
<figures/theoretical.png, id=1130, 724.7075pt x 676.5275pt>
File: figures/theoretical.png Graphic file (type png)
<use figures/theoretical.png>
Package pdftex.def Info: figures/theoretical.png  used on input line 32.
(pdftex.def)             Requested size: 357.73409pt x 333.95824pt.


[18]

[19 <./figures/theoretical.png>]
<figures/ipo.png, id=1141, 627.34375pt x 311.1625pt>
File: figures/ipo.png Graphic file (type png)
<use figures/ipo.png>
Package pdftex.def Info: figures/ipo.png  used on input line 47.
(pdftex.def)             Requested size: 278.2383pt x 138.0087pt.


[20 <./figures/ipo.png>]

[21]

[22]

[23]
<figures/schematic.png, id=1163, 443.6575pt x 503.8825pt>
File: figures/schematic.png Graphic file (type png)
<use figures/schematic.png>
Package pdftex.def Info: figures/schematic.png  used on input line 126.
(pdftex.def)             Requested size: 198.74251pt x 225.71475pt.


[24]

[25 <./figures/schematic.png>]

[26]

[27]

[28]

[29]
Overfull \hbox (4.08305pt too wide) in paragraph at lines 152--152
|[]\OT1/cmr/bx/n/12 Design and De-vel-op-ment of Portable Stand-Alone So-lar Power
 []



[30]
Overfull \hbox (4.031pt too wide) in paragraph at lines 155--156
[]\OT1/cmr/m/n/12 The sys-tem was me-chan-i-cally de-signed to al-low PV pan-els to be mounted
 []



[31]

[32]

[33]

[34]
Overfull \hbox (8.12961pt too wide) in paragraph at lines 175--176
[]$[][][]$ \OT1/cmr/m/n/12 bat-ter-ies are gen-er-ally more energy-efficient, al-low-ing for greater
 []



[35]

[36]

[37]

[38]

[39]
Overfull \hbox (11.7086pt too wide) in paragraph at lines 192--193
[]\OT1/cmr/m/n/12 To ad-dress these gaps, re-cent ap-proaches pro-pose com-bin-ing high-capacity
 []


Overfull \hbox (3.54897pt too wide) in paragraph at lines 194--195
[]\OT1/cmr/m/n/12 Overall, the sys-tem's sus-tain-able de-sign|characterized by high-capacity
 []



[40]
Underfull \hbox (badness 1163) in paragraph at lines 218--218
\OT1/cmr/m/n/10.95 en-ergy de-vices with a 12V
 []


Underfull \hbox (badness 3601) in paragraph at lines 218--218
\OT1/cmr/m/n/10.95 bat-tery pack, and showed
 []


Underfull \hbox (badness 10000) in paragraph at lines 218--218
\OT1/cmr/m/n/10.95 work-able charge-discharge
 []


Underfull \hbox (badness 10000) in paragraph at lines 219--219
[]|\OT1/cmr/m/n/10.95 Improve bat-tery
 []


Underfull \hbox (badness 10000) in paragraph at lines 219--219
\OT1/cmr/m/n/10.95 stor-age ca-pac-ity
 []


Underfull \hbox (badness 2951) in paragraph at lines 219--219
\OT1/cmr/m/n/10.95 and op-ti-mize so-lar
 []


Underfull \hbox (badness 10000) in paragraph at lines 219--219
\OT1/cmr/m/n/10.95 panel per-for-mance
 []


Underfull \hbox (badness 10000) in paragraph at lines 219--219
\OT1/cmr/m/n/10.95 for higher en-ergy
 []


Underfull \hbox (badness 10000) in paragraph at lines 220--221
[]|\OT1/cmr/m/n/10.95 Only sup-ply low-
 []


Underfull \hbox (badness 10000) in paragraph at lines 220--221
\OT1/cmr/m/n/10.95 energy loads such
 []


Underfull \hbox (badness 10000) in paragraph at lines 220--221
\OT1/cmr/m/n/10.95 as mo-bile phone
 []


Underfull \hbox (badness 10000) in paragraph at lines 220--221
\OT1/cmr/m/n/10.95 charg-ing, portable
 []


Underfull \hbox (badness 3354) in paragraph at lines 220--221
\OT1/cmr/m/n/10.95 light-ing, and small
 []


Underfull \hbox (badness 10000) in paragraph at lines 220--221
\OT1/cmr/m/n/10.95 a small AM/FM
 []


Underfull \hbox (badness 1635) in paragraph at lines 227--227
[]|\OT1/cmr/m/n/10.95 Compatible to mo-bile gad-
 []


Underfull \hbox (badness 10000) in paragraph at lines 228--228
[]|\OT1/cmr/m/n/10.95 Install sys-tems in
 []


Underfull \hbox (badness 10000) in paragraph at lines 228--228
\OT1/cmr/m/n/10.95 strate-gic lo-ca-tions
 []


Underfull \hbox (badness 2111) in paragraph at lines 228--228
\OT1/cmr/m/n/10.95 for com-mu-nal pur-
 []


Underfull \hbox (badness 10000) in paragraph at lines 228--228
\OT1/cmr/m/n/10.95 pose and in-clude
 []


Underfull \hbox (badness 5548) in paragraph at lines 228--228
\OT1/cmr/m/n/10.95 safe-guards to pre-
 []


Underfull \hbox (badness 10000) in paragraph at lines 229--230
[]|\OT1/cmr/m/n/10.95 Not yet em-ployed
 []


Underfull \hbox (badness 7558) in paragraph at lines 229--230
\OT1/cmr/m/n/10.95 in the com-mu-nity,
 []


Underfull \hbox (badness 10000) in paragraph at lines 229--230
\OT1/cmr/m/n/10.95 and sug-gested to
 []


Underfull \hbox (badness 10000) in paragraph at lines 229--230
\OT1/cmr/m/n/10.95 in-te-grate se-cu-rity
 []


Underfull \hbox (badness 3792) in paragraph at lines 229--230
\OT1/cmr/m/n/10.95 fea-tures to pre-vent
 []


Underfull \hbox (badness 2293) in paragraph at lines 236--236
\OT1/cmr/m/n/10.95 load mon-i-tor-ing, and used
 []


Underfull \hbox (badness 4634) in paragraph at lines 237--237
\OT1/cmr/m/n/10.95 tery. Lesser ca-
 []


Underfull \hbox (badness 2846) in paragraph at lines 238--240
[]|\OT1/cmr/m/n/10.95 Include lighter ma-
 []


Underfull \hbox (badness 1708) in paragraph at lines 238--240
\OT1/cmr/m/n/10.95 bat-tery per-for-mance
 []


Overfull \hbox (40.21664pt too wide) in paragraph at lines 203--241
 [][] 
 []



[41]
Overfull \hbox (3.7454pt too wide) in paragraph at lines 253--253
 []|\OT1/cmr/m/n/10.95 Altelmessani 
 []


Underfull \hbox (badness 10000) in paragraph at lines 257--257
[]|\OT1/cmr/m/n/10.95 Strengthen pro-tec-
 []


Underfull \hbox (badness 10000) in paragraph at lines 257--257
\OT1/cmr/m/n/10.95 the sys-tem un-der
 []


Underfull \hbox (badness 10000) in paragraph at lines 257--257
\OT1/cmr/m/n/10.95 var-ied op-er-a-tional
 []


Underfull \hbox (badness 10000) in paragraph at lines 258--259
[]|\OT1/cmr/m/n/10.95 Increase porta-bil-
 []


Underfull \hbox (badness 10000) in paragraph at lines 258--259
\OT1/cmr/m/n/10.95 ity and max-i-mize
 []


Underfull \hbox (badness 10000) in paragraph at lines 258--259
\OT1/cmr/m/n/10.95 en-ergy ef-fi-ciency
 []


Underfull \hbox (badness 10000) in paragraph at lines 258--259
\OT1/cmr/m/n/10.95 (Bat-tery ca-pac-ity
 []


Underfull \hbox (badness 5161) in paragraph at lines 258--259
\OT1/cmr/m/n/10.95 di-verse en-vi-ron-men-
 []


Underfull \hbox (badness 4467) in paragraph at lines 265--265
[]|\OT1/cmr/m/n/10.95 Provided 100W power for
 []


Underfull \hbox (badness 10000) in paragraph at lines 265--265
\OT1/cmr/m/n/10.95 small ap-pli-ances, of-fered
 []


Underfull \hbox (badness 10000) in paragraph at lines 266--266
\OT1/cmr/m/n/10.95 to sup-port longer
 []


Underfull \hbox (badness 10000) in paragraph at lines 266--266
\OT1/cmr/m/n/10.95 per-for-mance un-der
 []


Underfull \hbox (badness 10000) in paragraph at lines 266--266
\OT1/cmr/m/n/10.95 vary-ing weather
 []


Underfull \hbox (badness 1817) in paragraph at lines 267--268
[]|\OT1/cmr/m/n/10.95 Used lead-acid bat-
 []


Underfull \hbox (badness 4144) in paragraph at lines 267--268
\OT1/cmr/m/n/10.95 loads above 100W,
 []


Underfull \hbox (badness 10000) in paragraph at lines 275--275
\OT1/cmr/m/n/10.95 MPPT and con-
 []


Underfull \hbox (badness 10000) in paragraph at lines 275--275
\OT1/cmr/m/n/10.95 per-for-mance, par-
 []


Underfull \hbox (badness 2310) in paragraph at lines 275--275
\OT1/cmr/m/n/10.95 tic-u-larly in re-mote
 []


Underfull \hbox (badness 10000) in paragraph at lines 276--277
[]|\OT1/cmr/m/n/10.95 Does not fully
 []


Underfull \hbox (badness 10000) in paragraph at lines 276--277
\OT1/cmr/m/n/10.95 demon-strate long-
 []


Underfull \hbox (badness 10000) in paragraph at lines 276--277
\OT1/cmr/m/n/10.95 term per-for-mance.
 []


Underfull \hbox (badness 1342) in paragraph at lines 276--277
\OT1/cmr/m/n/10.95 ergy ex-trac-tion and
 []


Overfull \hbox (44.81876pt too wide) in paragraph at lines 251--280
 [][] 
 []



[42]
Underfull \hbox (badness 1292) in paragraph at lines 296--296
\OT1/cmr/m/n/10.95 charging to higher-
 []


Underfull \hbox (badness 10000) in paragraph at lines 296--296
\OT1/cmr/m/n/10.95 wattage house-
 []


Underfull \hbox (badness 10000) in paragraph at lines 296--296
\OT1/cmr/m/n/10.95 hold/appliance
 []


Underfull \hbox (badness 10000) in paragraph at lines 296--296
\OT1/cmr/m/n/10.95 backup (e.g.,
 []


Underfull \hbox (badness 10000) in paragraph at lines 296--296
\OT1/cmr/m/n/10.95 higher-capacity
 []


Underfull \hbox (badness 4899) in paragraph at lines 296--296
\OT1/cmr/m/n/10.95 stor-age). Use a
 []


Underfull \hbox (badness 10000) in paragraph at lines 296--296
\OT1/cmr/m/n/10.95 mod-u-lar/detachable
 []


Underfull \hbox (badness 7273) in paragraph at lines 296--296
\OT1/cmr/m/n/10.95 able for a rental
 []


Underfull \hbox (badness 10000) in paragraph at lines 297--298
[]|\OT1/cmr/m/n/10.95 Not de-signed for
 []


Underfull \hbox (badness 10000) in paragraph at lines 297--298
\OT1/cmr/m/n/10.95 high-demand ap-
 []


Underfull \hbox (badness 10000) in paragraph at lines 297--298
\OT1/cmr/m/n/10.95 pli-ances nor im-
 []


Underfull \hbox (badness 10000) in paragraph at lines 297--298
\OT1/cmr/m/n/10.95 ple-ment a mod-
 []


Underfull \hbox (badness 10000) in paragraph at lines 297--298
\OT1/cmr/m/n/10.95 u-lar/detachable
 []


Underfull \hbox (badness 6910) in paragraph at lines 304--304
[]|\OT1/cmr/m/n/10.95 Frequent 3{4 hour power
 []


Underfull \hbox (badness 1014) in paragraph at lines 304--304
\OT1/cmr/m/n/10.95 in-ter-rup-tions in-creased elec-
 []


Underfull \hbox (badness 10000) in paragraph at lines 304--304
\OT1/cmr/m/n/10.95 low-income, grid-dependent
 []


Underfull \hbox (badness 5119) in paragraph at lines 305--305
[]|\OT1/cmr/m/n/10.95 Strengthening lo-cal
 []


Underfull \hbox (badness 10000) in paragraph at lines 305--305
\OT1/cmr/m/n/10.95 and pri-or-i-tiz-ing
 []


Underfull \hbox (badness 10000) in paragraph at lines 305--305
\OT1/cmr/m/n/10.95 sus-tain-able en-ergy
 []


Underfull \hbox (badness 10000) in paragraph at lines 305--305
\OT1/cmr/m/n/10.95 so-lu-tions, par-tic-u-
 []


Underfull \hbox (badness 6348) in paragraph at lines 305--305
\OT1/cmr/m/n/10.95 larly so-lar en-ergy,
 []


Underfull \hbox (badness 1348) in paragraph at lines 305--305
\OT1/cmr/m/n/10.95 through im-ple-ment-
 []


Underfull \hbox (badness 2608) in paragraph at lines 305--305
\OT1/cmr/m/n/10.95 ing projects across
 []


Underfull \hbox (badness 10000) in paragraph at lines 306--307
[]|\OT1/cmr/m/n/10.95 Did not in-clude
 []


Underfull \hbox (badness 10000) in paragraph at lines 306--307
\OT1/cmr/m/n/10.95 elec-tri-cal mea-sure-
 []


Underfull \hbox (badness 1048) in paragraph at lines 306--307
\OT1/cmr/m/n/10.95 ments (e.g., volt-age
 []


Underfull \hbox (badness 10000) in paragraph at lines 306--307
\OT1/cmr/m/n/10.95 im-ple-men-ta-tion of
 []


Underfull \hbox (badness 10000) in paragraph at lines 306--307
\OT1/cmr/m/n/10.95 projects such as
 []


Underfull \hbox (badness 1221) in paragraph at lines 306--307
\OT1/cmr/m/n/10.95 Elec-tri-cal and Elec-
 []


Overfull \hbox (33.43784pt too wide) in paragraph at lines 290--310
 [][] 
 []



[43])
\openout2 = `chapter3.aux'.

 (chapter3.tex
Chapter 3.
<figures/waterfall.png, id=1253, 663.47874pt x 482.80376pt>
File: figures/waterfall.png Graphic file (type png)
<use figures/waterfall.png>
Package pdftex.def Info: figures/waterfall.png  used on input line 11.
(pdftex.def)             Requested size: 357.73409pt x 260.3197pt.


[44










 <./figures/waterfall.png>]
Overfull \hbox (7.85725pt too wide) in paragraph at lines 18--19
[]\OT1/cmr/m/n/12 This pro-ce-du-ral frame-work guides the re-searchers in achiev-ing the study's
 []



[45]
<figures/planning.png, id=1263, 653.44125pt x 487.8225pt>
File: figures/planning.png Graphic file (type png)
<use figures/planning.png>
Package pdftex.def Info: figures/planning.png  used on input line 29.
(pdftex.def)             Requested size: 337.86469pt x 252.2251pt.


[46 <./figures/planning.png>]

[47]

[48]

[49]

[50]
<figures/map.png, id=1289, 2308.625pt x 1397.22pt>
File: figures/map.png Graphic file (type png)
<use figures/map.png>
Package pdftex.def Info: figures/map.png  used on input line 113.
(pdftex.def)             Requested size: 397.48502pt x 240.55168pt.


[51 <./figures/map.png>]
Underfull \hbox (badness 1087) in paragraph at lines 153--154
[]|\OT1/cmr/m/n/12 - The sys-tem shall con-tin-u-ously mon-i-tor and
 []


chapter3.tex:175: Infinite glue shrinkage found in box being split.
<argument> Infinite shrink error above ignored ! 
                                                 
l.175 \end{longtable}
                     
The box you are \vsplitting contains some infinitely
shrinkable glue, e.g., `\vss' or `\vskip 0pt minus 1fil'.
Such glue doesn't belong there; but you can safely proceed,
since the offensive shrinkability has been made finite.


[52]
chapter3.tex:175: Infinite glue shrinkage found in box being split.
<argument> Infinite shrink error above ignored ! 
                                                 
l.175 \end{longtable}
                     
The box you are \vsplitting contains some infinitely
shrinkable glue, e.g., `\vss' or `\vskip 0pt minus 1fil'.
Such glue doesn't belong there; but you can safely proceed,
since the offensive shrinkability has been made finite.


[53]
chapter3.tex:175: Infinite glue shrinkage found in box being split.
<argument> Infinite shrink error above ignored ! 
                                                 
l.175 \end{longtable}
                     
The box you are \vsplitting contains some infinitely
shrinkable glue, e.g., `\vss' or `\vskip 0pt minus 1fil'.
Such glue doesn't belong there; but you can safely proceed,
since the offensive shrinkability has been made finite.


[54]
<figures/architecture.jpg, id=1308, 4557.025pt x 3878.49pt>
File: figures/architecture.jpg Graphic file (type jpg)
<use figures/architecture.jpg>
Package pdftex.def Info: figures/architecture.jpg  used on input line 188.
(pdftex.def)             Requested size: 397.48502pt x 338.27812pt.


[55]
<figures/system-archi-detachable.jpg, id=1313, 795.97375pt x 533.995pt>
File: figures/system-archi-detachable.jpg Graphic file (type jpg)
<use figures/system-archi-detachable.jpg>
Package pdftex.def Info: figures/system-archi-detachable.jpg  used on input line 197.
(pdftex.def)             Requested size: 397.48502pt x 266.65462pt.


[56 <./figures/architecture.jpg>]

chapter3.tex:202: LaTeX Error: Unicode character ₄ (U+2084)
               not set up for use with LaTeX.

See the LaTeX manual or LaTeX Companion for explanation.
Type  H <return>  for immediate help.
 ...                                              
                                                  
l.202 At the heart of the system is a LiFePO₄
                                                battery, which functions as ...
You may provide a definition with
\DeclareUnicodeCharacter 



[57 <./figures/system-archi-detachable.jpg>]

[58]

[59]
<figures/flowchart.png, id=1331, 733.74126pt x 1245.65375pt>
File: figures/flowchart.png Graphic file (type png)
<use figures/flowchart.png>
Package pdftex.def Info: figures/flowchart.png  used on input line 224.
(pdftex.def)             Requested size: 286.18968pt x 485.86003pt.


[60]

[61 <./figures/flowchart.png>]
<figures/context-level.png, id=1342, 512.91624pt x 422.57875pt>
File: figures/context-level.png Graphic file (type png)
<use figures/context-level.png>
Package pdftex.def Info: figures/context-level.png  used on input line 239.
(pdftex.def)             Requested size: 397.48502pt x 327.48224pt.


[62]

[63 <./figures/context-level.png>]
Overfull \hbox (0.15456pt too wide) in paragraph at lines 244--245
[]\OT1/cmr/m/n/12 The in-ter-ac-tion be-tween the com-mu-nity res-i-dents and the solar-powered
 []

<figures/data-flow-new.png, id=1352, 1029.8475pt x 867.24pt>
File: figures/data-flow-new.png Graphic file (type png)
<use figures/data-flow-new.png>
Package pdftex.def Info: figures/data-flow-new.png  used on input line 253.
(pdftex.def)             Requested size: 397.48502pt x 334.7155pt.


[64]

[65 <./figures/data-flow-new.png>]
<figures/usecase.jpg, id=1362, 1234.6125pt x 1035.87pt>
File: figures/usecase.jpg Graphic file (type jpg)
<use figures/usecase.jpg>
Package pdftex.def Info: figures/usecase.jpg  used on input line 263.
(pdftex.def)             Requested size: 397.48502pt x 333.49254pt.


[66]

[67 <./figures/usecase.jpg>]

[68]
<figures/harvesting.png, id=1376, 2672.98625pt x 639.38875pt>
File: figures/harvesting.png Graphic file (type png)
<use figures/harvesting.png>
Package pdftex.def Info: figures/harvesting.png  used on input line 278.
(pdftex.def)             Requested size: 397.48502pt x 95.07489pt.


[69 <./figures/harvesting.png>]
<figures/station charge flow.png, id=1382, 983.675pt x 501.875pt>
File: figures/station charge flow.png Graphic file (type png)
<use figures/station charge flow.png>
Package pdftex.def Info: figures/station charge flow.png  used on input line 287.
(pdftex.def)             Requested size: 397.48502pt x 202.79878pt.


[70 <./figures/station charge flow.png>]
<figures/conversion.png, id=1387, 3364.57pt x 502.87875pt>
File: figures/conversion.png Graphic file (type png)
<use figures/conversion.png>
Package pdftex.def Info: figures/conversion.png  used on input line 300.
(pdftex.def)             Requested size: 397.48502pt x 59.4067pt.


[71]
<figures/bat-extension.png, id=1392, 602.25pt x 421.575pt>
File: figures/bat-extension.png Graphic file (type png)
<use figures/bat-extension.png>
Package pdftex.def Info: figures/bat-extension.png  used on input line 309.
(pdftex.def)             Requested size: 397.48502pt x 278.25322pt.


[72 <./figures/conversion.png>]

[73 <./figures/bat-extension.png>]
<figures/monitoring.png, id=1403, 1081.03876pt x 391.4625pt>
File: figures/monitoring.png Graphic file (type png)
<use figures/monitoring.png>
Package pdftex.def Info: figures/monitoring.png  used on input line 322.
(pdftex.def)             Requested size: 397.48502pt x 143.93092pt.


[74]
<figures/voltage divider.png, id=1408, 501.875pt x 281.05pt>
File: figures/voltage divider.png Graphic file (type png)
<use figures/voltage divider.png>
Package pdftex.def Info: figures/voltage divider.png  used on input line 331.
(pdftex.def)             Requested size: 397.48502pt x 222.60172pt.


[75 <./figures/monitoring.png>]

chapter3.tex:334: LaTeX Error: Unicode character Ω (U+03A9)
               not set up for use with LaTeX.

See the LaTeX manual or LaTeX Companion for explanation.
Type  H <return>  for immediate help.
 ...                                              
                                                  
l.334 ...it consists of two resistors, R1 (100 kΩ
                                                  ) and R2 (21.3 kΩ), conne...
You may provide a definition with
\DeclareUnicodeCharacter 


chapter3.tex:334: LaTeX Error: Unicode character Ω (U+03A9)
               not set up for use with LaTeX.

See the LaTeX manual or LaTeX Companion for explanation.
Type  H <return>  for immediate help.
 ...                                              
                                                  
l.334 ... resistors, R1 (100 kΩ) and R2 (21.3 kΩ
                                                  ), connected in series bet...
You may provide a definition with
\DeclareUnicodeCharacter 


chapter3.tex:334: LaTeX Error: Unicode character Ω (U+03A9)
               not set up for use with LaTeX.

See the LaTeX manual or LaTeX Companion for explanation.
Type  H <return>  for immediate help.
 ...                                              
                                                  
l.334 ...ly and ground, while an additional 10 kΩ
                                                   resistor is placed betwee...
You may provide a definition with
\DeclareUnicodeCharacter 



[76 <./figures/voltage divider.png>]
<figures/tracking.png, id=1418, 1179.40625pt x 312.16624pt>
File: figures/tracking.png Graphic file (type png)
<use figures/tracking.png>
Package pdftex.def Info: figures/tracking.png  used on input line 342.
(pdftex.def)             Requested size: 397.48502pt x 105.20627pt.


[77 <./figures/tracking.png>]
<figures/hdevelopment.png, id=1424, 543.02875pt x 263.98625pt>
File: figures/hdevelopment.png Graphic file (type png)
<use figures/hdevelopment.png>
Package pdftex.def Info: figures/hdevelopment.png  used on input line 353.
(pdftex.def)             Requested size: 317.98921pt x 154.59044pt.


[78 <./figures/hdevelopment.png>]
Overfull \hbox (2.71033pt too wide) in alignment at lines 363--369
 [] [] [] 
 []


Overfull \hbox (2.71033pt too wide) in alignment at lines 369--374
 [] [] [] 
 []


Overfull \hbox (2.71033pt too wide) in alignment at lines 374--377
 [] [] [] 
 []


Overfull \hbox (2.71033pt too wide) in alignment at lines 377--472
 [] [] [] 
 []


chapter3.tex:472: Infinite glue shrinkage found in box being split.
<argument> Infinite shrink error above ignored ! 
                                                 
l.472 \end{longtable}
                     
The box you are \vsplitting contains some infinitely
shrinkable glue, e.g., `\vss' or `\vskip 0pt minus 1fil'.
Such glue doesn't belong there; but you can safely proceed,
since the offensive shrinkability has been made finite.


[79]
chapter3.tex:472: Infinite glue shrinkage found in box being split.
<argument> Infinite shrink error above ignored ! 
                                                 
l.472 \end{longtable}
                     
The box you are \vsplitting contains some infinitely
shrinkable glue, e.g., `\vss' or `\vskip 0pt minus 1fil'.
Such glue doesn't belong there; but you can safely proceed,
since the offensive shrinkability has been made finite.


[80]
chapter3.tex:472: Infinite glue shrinkage found in box being split.
<argument> Infinite shrink error above ignored ! 
                                                 
l.472 \end{longtable}
                     
The box you are \vsplitting contains some infinitely
shrinkable glue, e.g., `\vss' or `\vskip 0pt minus 1fil'.
Such glue doesn't belong there; but you can safely proceed,
since the offensive shrinkability has been made finite.


[81]
<figures/esp32.png, id=1443, 602.25pt x 602.25pt>
File: figures/esp32.png Graphic file (type png)
<use figures/esp32.png>
Package pdftex.def Info: figures/esp32.png  used on input line 499.
(pdftex.def)             Requested size: 136.57373pt x 136.57558pt.
<figures/panel.jpg, id=1444, 722.7pt x 722.7pt>
File: figures/panel.jpg Graphic file (type jpg)
<use figures/panel.jpg>
Package pdftex.def Info: figures/panel.jpg  used on input line 511.
(pdftex.def)             Requested size: 119.50104pt x 119.49397pt.
<figures/battery.png, id=1445, 602.25pt x 602.25pt>
File: figures/battery.png Graphic file (type png)
<use figures/battery.png>
Package pdftex.def Info: figures/battery.png  used on input line 524.
(pdftex.def)             Requested size: 136.57373pt x 136.57558pt.

Underfull \hbox (badness 2452) in paragraph at lines 530--531
[]|\OT1/cmr/m/n/12 The LiFePO$[]$ bat-tery was se-lected
 []

<figures/controller.png, id=1446, 602.25pt x 602.25pt>
File: figures/controller.png Graphic file (type png)
<use figures/controller.png>
Package pdftex.def Info: figures/controller.png  used on input line 537.
(pdftex.def)             Requested size: 136.57373pt x 136.57558pt.

Underfull \hbox (badness 1158) in paragraph at lines 543--544
[]|\OT1/cmr/m/n/12 An MPPT (Max-i-mum Power Point
 []

<figures/inverter.png, id=1447, 602.25pt x 602.25pt>
File: figures/inverter.png Graphic file (type png)
<use figures/inverter.png>
Package pdftex.def Info: figures/inverter.png  used on input line 550.
(pdftex.def)             Requested size: 136.57373pt x 136.57558pt.
<figures/charger.png, id=1448, 602.25pt x 602.25pt>
File: figures/charger.png Graphic file (type png)
<use figures/charger.png>
Package pdftex.def Info: figures/charger.png  used on input line 564.
(pdftex.def)             Requested size: 136.57373pt x 136.57558pt.
<figures/coin.png, id=1449, 602.25pt x 602.25pt>
File: figures/coin.png Graphic file (type png)
<use figures/coin.png>
Package pdftex.def Info: figures/coin.png  used on input line 577.
(pdftex.def)             Requested size: 136.57373pt x 136.57558pt.
<figures/dcbreaker.png, id=1450, 602.25pt x 602.25pt>
File: figures/dcbreaker.png Graphic file (type png)
<use figures/dcbreaker.png>
Package pdftex.def Info: figures/dcbreaker.png  used on input line 590.
(pdftex.def)             Requested size: 136.57373pt x 136.57558pt.
<figures/wire.png, id=1451, 602.25pt x 602.25pt>
File: figures/wire.png Graphic file (type png)
<use figures/wire.png>
Package pdftex.def Info: figures/wire.png  used on input line 603.
(pdftex.def)             Requested size: 136.57373pt x 136.57558pt.
<figures/gps.png, id=1452, 602.25pt x 602.25pt>
File: figures/gps.png Graphic file (type png)
<use figures/gps.png>
Package pdftex.def Info: figures/gps.png  used on input line 616.
(pdftex.def)             Requested size: 136.57373pt x 136.57558pt.
<figures/relay.png, id=1453, 602.25pt x 602.25pt>
File: figures/relay.png Graphic file (type png)
<use figures/relay.png>
Package pdftex.def Info: figures/relay.png  used on input line 629.
(pdftex.def)             Requested size: 119.50104pt x 119.50133pt.

Underfull \hbox (badness 2293) in paragraph at lines 635--636
[]|\OT1/cmr/m/n/12 Relays were used to con-trol high-
 []


Underfull \hbox (badness 3098) in paragraph at lines 635--636
\OT1/cmr/m/n/12 se-lec-tion en-sures safe and ef-fi-cient
 []

<figures/solenoid.png, id=1454, 602.25pt x 602.25pt>
File: figures/solenoid.png Graphic file (type png)
<use figures/solenoid.png>
Package pdftex.def Info: figures/solenoid.png  used on input line 642.
(pdftex.def)             Requested size: 119.50104pt x 119.50133pt.
<figures/acbreaker.png, id=1455, 602.25pt x 602.25pt>
File: figures/acbreaker.png Graphic file (type png)
<use figures/acbreaker.png>
Package pdftex.def Info: figures/acbreaker.png  used on input line 655.
(pdftex.def)             Requested size: 119.50104pt x 119.50133pt.

Underfull \hbox (badness 1852) in paragraph at lines 661--662
\OT1/cmr/m/n/12 guard the AC out-put cir-cuit. It
 []

<figures/lcd-2.png, id=1456, 1029.8475pt x 778.91pt>
File: figures/lcd-2.png Graphic file (type png)
<use figures/lcd-2.png>
Package pdftex.def Info: figures/lcd-2.png  used on input line 668.
(pdftex.def)             Requested size: 136.57373pt x 103.29422pt.
<figures/lcd.png, id=1457, 602.25pt x 602.25pt>
File: figures/lcd.png Graphic file (type png)
<use figures/lcd.png>
Package pdftex.def Info: figures/lcd.png  used on input line 681.
(pdftex.def)             Requested size: 136.57373pt x 136.57558pt.
<figures/router.png, id=1458, 602.25pt x 602.25pt>
File: figures/router.png Graphic file (type png)
<use figures/router.png>
Package pdftex.def Info: figures/router.png  used on input line 694.
(pdftex.def)             Requested size: 93.8946pt x 93.88997pt.
<figures/solid-state.png, id=1459, 377.91188pt x 414.79968pt>
File: figures/solid-state.png Graphic file (type png)
<use figures/solid-state.png>
Package pdftex.def Info: figures/solid-state.png  used on input line 707.
(pdftex.def)             Requested size: 93.8946pt x 103.0604pt.

Underfull \hbox (badness 1067) in paragraph at lines 713--714
[]|\OT1/cmr/m/n/12 The SSR mod-ule is re-spon-si-ble for
 []


Underfull \hbox (badness 10000) in paragraph at lines 713--714
\OT1/cmr/m/n/12 safely con-trol-ling the con-nec-tion
 []


Underfull \hbox (badness 10000) in paragraph at lines 713--714
\OT1/cmr/m/n/12 be-tween the power source (bat-
 []


Underfull \hbox (badness 2753) in paragraph at lines 713--714
\OT1/cmr/m/n/12 or out-put ter-mi-nals). It en-ables
 []

<figures/battery-connector.png, id=1460, 377.15906pt x 467.49657pt>
File: figures/battery-connector.png Graphic file (type png)
<use figures/battery-connector.png>
Package pdftex.def Info: figures/battery-connector.png  used on input line 720.
(pdftex.def)             Requested size: 93.8946pt x 116.38164pt.

chapter3.tex:729: Infinite glue shrinkage found in box being split.
<argument> Infinite shrink error above ignored ! 
                                                 
l.729 \end{longtable}
                     
The box you are \vsplitting contains some infinitely
shrinkable glue, e.g., `\vss' or `\vskip 0pt minus 1fil'.
Such glue doesn't belong there; but you can safely proceed,
since the offensive shrinkability has been made finite.


[82 <./figures/esp32.png (PNG copy)> <./figures/panel.jpg>]
chapter3.tex:729: Infinite glue shrinkage found in box being split.
<argument> Infinite shrink error above ignored ! 
                                                 
l.729 \end{longtable}
                     
The box you are \vsplitting contains some infinitely
shrinkable glue, e.g., `\vss' or `\vskip 0pt minus 1fil'.
Such glue doesn't belong there; but you can safely proceed,
since the offensive shrinkability has been made finite.


[83 <./figures/battery.png (PNG copy)> <./figures/controller.png (PNG copy)>]
chapter3.tex:729: Infinite glue shrinkage found in box being split.
<argument> Infinite shrink error above ignored ! 
                                                 
l.729 \end{longtable}
                     
The box you are \vsplitting contains some infinitely
shrinkable glue, e.g., `\vss' or `\vskip 0pt minus 1fil'.
Such glue doesn't belong there; but you can safely proceed,
since the offensive shrinkability has been made finite.


[84 <./figures/inverter.png> <./figures/charger.png>]
chapter3.tex:729: Infinite glue shrinkage found in box being split.
<argument> Infinite shrink error above ignored ! 
                                                 
l.729 \end{longtable}
                     
The box you are \vsplitting contains some infinitely
shrinkable glue, e.g., `\vss' or `\vskip 0pt minus 1fil'.
Such glue doesn't belong there; but you can safely proceed,
since the offensive shrinkability has been made finite.


[85 <./figures/coin.png (PNG copy)> <./figures/dcbreaker.png>]
chapter3.tex:729: Infinite glue shrinkage found in box being split.
<argument> Infinite shrink error above ignored ! 
                                                 
l.729 \end{longtable}
                     
The box you are \vsplitting contains some infinitely
shrinkable glue, e.g., `\vss' or `\vskip 0pt minus 1fil'.
Such glue doesn't belong there; but you can safely proceed,
since the offensive shrinkability has been made finite.


[86 <./figures/wire.png> <./figures/gps.png> <./figures/relay.png>]
chapter3.tex:729: Infinite glue shrinkage found in box being split.
<argument> Infinite shrink error above ignored ! 
                                                 
l.729 \end{longtable}
                     
The box you are \vsplitting contains some infinitely
shrinkable glue, e.g., `\vss' or `\vskip 0pt minus 1fil'.
Such glue doesn't belong there; but you can safely proceed,
since the offensive shrinkability has been made finite.


[87 <./figures/solenoid.png> <./figures/acbreaker.png>]
chapter3.tex:729: Infinite glue shrinkage found in box being split.
<argument> Infinite shrink error above ignored ! 
                                                 
l.729 \end{longtable}
                     
The box you are \vsplitting contains some infinitely
shrinkable glue, e.g., `\vss' or `\vskip 0pt minus 1fil'.
Such glue doesn't belong there; but you can safely proceed,
since the offensive shrinkability has been made finite.


[88 <./figures/lcd-2.png> <./figures/lcd.png (PNG copy)>]

[89 <./figures/router.png> <./figures/solid-state.png> <./figures/battery-connector.png>]

chapter3.tex:733: LaTeX Error: Unicode character ₄ (U+2084)
               not set up for use with LaTeX.

See the LaTeX manual or LaTeX Companion for explanation.
Type  H <return>  for immediate help.
 ...                                              
                                                  
l.733 ...monocrystalline solar panel and LiFePO₄
                                                   battery were selected to ...
You may provide a definition with
\DeclareUnicodeCharacter 



[90]
<figures/circuit_station.png, id=1511, 2710.125pt x 1990.43625pt>
File: figures/circuit_station.png Graphic file (type png)
<use figures/circuit_station.png>
Package pdftex.def Info: figures/circuit_station.png  used on input line 743.
(pdftex.def)             Requested size: 397.48502pt x 291.93155pt.


[91 <./figures/circuit_station.png>]
<figures/circuit-diagram-detachable.png, id=1517, 823.075pt x 521.95pt>
File: figures/circuit-diagram-detachable.png Graphic file (type png)
<use figures/circuit-diagram-detachable.png>
Package pdftex.def Info: figures/circuit-diagram-detachable.png  used on input line 752.
(pdftex.def)             Requested size: 397.48502pt x 252.06229pt.


[92]

[93 <./figures/circuit-diagram-detachable.png>]
<figures/schematic_station.png, id=1526, 3598.44376pt x 2430.07875pt>
File: figures/schematic_station.png Graphic file (type png)
<use figures/schematic_station.png>
Package pdftex.def Info: figures/schematic_station.png  used on input line 764.
(pdftex.def)             Requested size: 397.48502pt x 268.42189pt.


[94 <./figures/schematic_station.png>]
<figures/schematic_power.png, id=1532, 2210.2575pt x 1403.2425pt>
File: figures/schematic_power.png Graphic file (type png)
<use figures/schematic_power.png>
Package pdftex.def Info: figures/schematic_power.png  used on input line 773.
(pdftex.def)             Requested size: 397.48502pt x 252.33722pt.


[95]

[96 <./figures/schematic_power.png>]
<figures/front.png, id=1543, 1272.755pt x 728.7225pt>
File: figures/front.png Graphic file (type png)
<use figures/front.png>
Package pdftex.def Info: figures/front.png  used on input line 786.
(pdftex.def)             Requested size: 397.48502pt x 227.58066pt.


[97 <./figures/front.png>]
<figures/aerial.png, id=1549, 1477.52pt x 927.465pt>
File: figures/aerial.png Graphic file (type png)
<use figures/aerial.png>
Package pdftex.def Info: figures/aerial.png  used on input line 795.
(pdftex.def)             Requested size: 397.48502pt x 249.49902pt.


[98 <./figures/aerial.png>]
<figures/rental.png, id=1555, 1527.7075pt x 1411.2725pt>
File: figures/rental.png Graphic file (type png)
<use figures/rental.png>
Package pdftex.def Info: figures/rental.png  used on input line 829.
(pdftex.def)             Requested size: 397.48502pt x 367.1806pt.


[99]

[100 <./figures/rental.png>]

[101]

[102]

[103]
<figures/activity-diagram.png, id=1578, 453.19313pt x 1088.56688pt>
File: figures/activity-diagram.png Graphic file (type png)
<use figures/activity-diagram.png>
Package pdftex.def Info: figures/activity-diagram.png  used on input line 868.
(pdftex.def)             Requested size: 210.66656pt x 506.01227pt.


[104]
Overfull \vbox (7.04099pt too high) has occurred while \output is active []



[105 <./figures/activity-diagram.png (PNG copy)>]

[106]

[107]

[108]
<figures/S1.png, id=1600, 991.45406pt x 796.47563pt>
File: figures/S1.png Graphic file (type png)
<use figures/S1.png>
Package pdftex.def Info: figures/S1.png  used on input line 896.
(pdftex.def)             Requested size: 397.48502pt x 319.3138pt.


[109 <./figures/S1.png>]
<figures/SA1.png, id=1606, 597.60106pt x 845.26315pt>
File: figures/SA1.png Graphic file (type png)
<use figures/SA1.png>
Package pdftex.def Info: figures/SA1.png  used on input line 905.
(pdftex.def)             Requested size: 278.2383pt x 393.54631pt.


[110 <./figures/SA1.png (PNG copy)>]
<figures/SE3.png, id=1611, 1370.11874pt x 812.28468pt>
File: figures/SE3.png Graphic file (type png)
<use figures/SE3.png>
Package pdftex.def Info: figures/SE3.png  used on input line 914.
(pdftex.def)             Requested size: 397.48502pt x 235.64328pt.
<figures/SE4.png, id=1612, 430.60875pt x 797.98125pt>
File: figures/SE4.png Graphic file (type png)
<use figures/SE4.png>
Package pdftex.def Info: figures/SE4.png  used on input line 923.
(pdftex.def)             Requested size: 278.2383pt x 515.62544pt.


[111 <./figures/SE3.png>]

[112 <./figures/SE4.png>]
<figures/SE5.png, id=1623, 980.91469pt x 809.27344pt>
File: figures/SE5.png Graphic file (type png)
<use figures/SE5.png>
Package pdftex.def Info: figures/SE5.png  used on input line 932.
(pdftex.def)             Requested size: 397.48502pt x 327.92683pt.


[113 <./figures/SE5.png>]
<figures/coin-slot.png, id=1629, 597.60106pt x 845.26315pt>
File: figures/coin-slot.png Graphic file (type png)
<use figures/coin-slot.png>
Package pdftex.def Info: figures/coin-slot.png  used on input line 941.
(pdftex.def)             Requested size: 397.48502pt x 562.20903pt.


[114]
Overfull \vbox (30.72104pt too high) has occurred while \output is active []



[115 <./figures/coin-slot.png (PNG copy)>]
<figures/credit-points.png, id=1639, 597.60106pt x 845.26315pt>
File: figures/credit-points.png Graphic file (type png)
<use figures/credit-points.png>
Package pdftex.def Info: figures/credit-points.png  used on input line 950.
(pdftex.def)             Requested size: 397.48502pt x 562.20903pt.


[116]
Overfull \vbox (30.72104pt too high) has occurred while \output is active []



[117 <./figures/credit-points.png (PNG copy)>]
<figures/alert-new.png, id=1648, 1064.47687pt x 1063.72406pt>
File: figures/alert-new.png Graphic file (type png)
<use figures/alert-new.png>
Package pdftex.def Info: figures/alert-new.png  used on input line 959.
(pdftex.def)             Requested size: 397.48502pt x 397.19127pt.


[118]

[119 <./figures/alert-new.png (PNG copy)>]
File: figures/SE5.png Graphic file (type png)
<use figures/SE5.png>
Package pdftex.def Info: figures/SE5.png  used on input line 968.
(pdftex.def)             Requested size: 397.48502pt x 327.92683pt.


[120]
<figures/admin-1.png, id=1662, 597.60106pt x 845.26315pt>
File: figures/admin-1.png Graphic file (type png)
<use figures/admin-1.png>
Package pdftex.def Info: figures/admin-1.png  used on input line 977.
(pdftex.def)             Requested size: 278.2383pt x 393.54631pt.

Overfull \hbox (2.16566pt too wide) in paragraph at lines 980--981
[]\OT1/cmr/m/n/12 The Main Dash-board serves as the cen-tral con-trol panel of the KuRyenta
 []



[121 <./figures/admin-1.png (PNG copy)>]
<figures/admin-2.png, id=1667, 597.60106pt x 845.26315pt>
File: figures/admin-2.png Graphic file (type png)
<use figures/admin-2.png>
Package pdftex.def Info: figures/admin-2.png  used on input line 986.
(pdftex.def)             Requested size: 278.2383pt x 393.54631pt.


[122]

[123 <./figures/admin-2.png (PNG copy)>]
<figures/admin-3.png, id=1676, 597.60106pt x 845.26315pt>
File: figures/admin-3.png Graphic file (type png)
<use figures/admin-3.png>
Package pdftex.def Info: figures/admin-3.png  used on input line 995.
(pdftex.def)             Requested size: 278.2383pt x 393.54631pt.
<figures/admin-4.png, id=1677, 597.60106pt x 845.26315pt>
File: figures/admin-4.png Graphic file (type png)
<use figures/admin-4.png>
Package pdftex.def Info: figures/admin-4.png  used on input line 1002.
(pdftex.def)             Requested size: 278.2383pt x 393.54631pt.


[124 <./figures/admin-3.png (PNG copy)>]

[125 <./figures/admin-4.png (PNG copy)>]
<figures/admin-5.png, id=1686, 597.60106pt x 845.26315pt>
File: figures/admin-5.png Graphic file (type png)
<use figures/admin-5.png>
Package pdftex.def Info: figures/admin-5.png  used on input line 1011.
(pdftex.def)             Requested size: 278.2383pt x 393.54631pt.
<figures/admin-6.png, id=1687, 597.60106pt x 845.26315pt>
File: figures/admin-6.png Graphic file (type png)
<use figures/admin-6.png>
Package pdftex.def Info: figures/admin-6.png  used on input line 1018.
(pdftex.def)             Requested size: 278.2383pt x 393.54631pt.


[126 <./figures/admin-5.png (PNG copy)>]

[127 <./figures/admin-6.png (PNG copy)>]
<figures/admin-7.png, id=1697, 597.60106pt x 845.26315pt>
File: figures/admin-7.png Graphic file (type png)
<use figures/admin-7.png>
Package pdftex.def Info: figures/admin-7.png  used on input line 1027.
(pdftex.def)             Requested size: 278.2383pt x 393.54631pt.
<figures/admin-8.png, id=1698, 597.60106pt x 845.26315pt>
File: figures/admin-8.png Graphic file (type png)
<use figures/admin-8.png>
Package pdftex.def Info: figures/admin-8.png  used on input line 1034.
(pdftex.def)             Requested size: 278.2383pt x 393.54631pt.


[128 <./figures/admin-7.png (PNG copy)>]

[129 <./figures/admin-8.png (PNG copy)>]
<figures/admin-9.png, id=1707, 597.60106pt x 845.26315pt>
File: figures/admin-9.png Graphic file (type png)
<use figures/admin-9.png>
Package pdftex.def Info: figures/admin-9.png  used on input line 1043.
(pdftex.def)             Requested size: 278.2383pt x 393.54631pt.


[130 <./figures/admin-9.png (PNG copy)>]
<figures/admin-10.png, id=1712, 597.60106pt x 845.26315pt>
File: figures/admin-10.png Graphic file (type png)
<use figures/admin-10.png>
Package pdftex.def Info: figures/admin-10.png  used on input line 1052.
(pdftex.def)             Requested size: 278.2383pt x 393.54631pt.

Overfull \hbox (11.46713pt too wide) in paragraph at lines 1055--1056
[]\OT1/cmr/m/n/12 The SMS Logs func-tion-al-ity records all SMS com-mu-ni-ca-tions sent through
 []



[131 <./figures/admin-10.png (PNG copy)>]

[132]

[133]

[134]
Overfull \hbox (6.98929pt too wide) in paragraph at lines 1080--1080
[]|\OT1/cmr/bx/n/12 Quantity| 
 []


Overfull \hbox (4.97264pt too wide) in paragraph at lines 1080--1080
[]|\OT1/cmr/bx/n/12 Power| 
 []


Overfull \hbox (6.49077pt too wide) in paragraph at lines 1080--1080
[]|\OT1/cmr/bx/n/12 Hours/Day| 
 []


Overfull \hbox (6.98929pt too wide) in paragraph at lines 1085--1085
[]|\OT1/cmr/bx/n/12 Quantity| 
 []


Overfull \hbox (4.97264pt too wide) in paragraph at lines 1085--1085
[]|\OT1/cmr/bx/n/12 Power| 
 []


Overfull \hbox (6.49077pt too wide) in paragraph at lines 1085--1085
[]|\OT1/cmr/bx/n/12 Hours/Day| 
 []


Underfull \hbox (badness 10000) in paragraph at lines 1093--1093
[]|\OT1/cmr/m/n/12 Mobile Phone
 []



[135]
Overfull \hbox (3.73471pt too wide) detected at line 1112
[][][][] \OT1/cmr/m/n/12 = [] + []
 []


LaTeX Warning: Hyper reference `appendix:A' on page 136 undefined on input line 1115.



[136]

LaTeX Warning: Hyper reference `appendix:A' on page 137 undefined on input line 1129.


LaTeX Warning: Hyper reference `appendix:A' on page 137 undefined on input line 1139.


Underfull \hbox (badness 10000) in paragraph at lines 1145--1145
[]|\OT1/cmr/bx/n/12 Power
 []


Underfull \hbox (badness 10000) in paragraph at lines 1150--1150
[]|\OT1/cmr/bx/n/12 Power
 []



[137]

LaTeX Warning: Hyper reference `appendix:A' on page 138 undefined on input line 1170.


LaTeX Warning: Hyper reference `appendix:A' on page 138 undefined on input line 1180.



[138]

LaTeX Warning: Hyper reference `appendix:A' on page 139 undefined on input line 1191.



[139]

LaTeX Warning: Hyper reference `appendix:A' on page 140 undefined on input line 1200.



[140]

LaTeX Warning: Hyper reference `appendix:A' on page 141 undefined on input line 1209.



[141]

LaTeX Warning: Hyper reference `appendix:A' on page 142 undefined on input line 1218.



[142]

LaTeX Warning: Hyper reference `appendix:A' on page 143 undefined on input line 1235.



[143]

LaTeX Warning: Hyper reference `appendix:A' on page 144 undefined on input line 1241.



[144]

[145]
Overfull \hbox (3.11638pt too wide) in paragraph at lines 1283--1285
[]\OT1/cmr/m/n/12 Ideally, the sta-tion bat-tery can fully charge both de-tach-able power sources
 []



[146]
Underfull \hbox (badness 10000) in paragraph at lines 1318--1319
[]|\OT1/cmr/bx/n/12 Description Sum-
 []


Underfull \hbox (badness 10000) in paragraph at lines 1323--1324
[]|\OT1/cmr/bx/n/12 Description Sum-
 []


Underfull \hbox (badness 10000) in paragraph at lines 1330--1331
[]|\OT1/cmr/m/n/12 Battery Ca-pac-ity
 []


Underfull \hbox (badness 10000) in paragraph at lines 1334--1335
[]|\OT1/cmr/m/n/12 Determines the
 []


Underfull \hbox (badness 10000) in paragraph at lines 1334--1335
\OT1/cmr/m/n/12 re-quired bat-tery
 []


Underfull \hbox (badness 10000) in paragraph at lines 1334--1335
\OT1/cmr/m/n/12 ca-pac-ity for the
 []


Underfull \hbox (badness 10000) in paragraph at lines 1334--1335
\OT1/cmr/m/n/12 de-tach-able unit by
 []


Underfull \hbox (badness 10000) in paragraph at lines 1334--1335
\OT1/cmr/m/n/12 into ampere-hours
 []


Underfull \hbox (badness 10000) in paragraph at lines 1334--1335
\OT1/cmr/m/n/12 us-ing the sys-tem
 []


Underfull \hbox (badness 7888) in paragraph at lines 1334--1335
\OT1/cmr/m/n/12 tion for con-tin-u-ous
 []


Underfull \hbox (badness 10000) in paragraph at lines 1337--1338
[]|\OT1/cmr/m/n/12 Battery Ca-pac-ity
 []


Underfull \hbox (badness 10000) in paragraph at lines 1341--1342
\OT1/cmr/m/n/12 ca-pac-ity, adding a
 []


Underfull \hbox (badness 10000) in paragraph at lines 1341--1342
\OT1/cmr/m/n/12 35% al-lowance for
 []


Underfull \hbox (badness 10000) in paragraph at lines 1341--1342
\OT1/cmr/m/n/12 sys-tem losses (e.g.,
 []


Underfull \hbox (badness 10000) in paragraph at lines 1341--1342
\OT1/cmr/m/n/12 con-ver-sion/charging
 []


Underfull \hbox (badness 10000) in paragraph at lines 1341--1342
\OT1/cmr/m/n/12 ESP32 con-sump-
 []


Underfull \hbox (badness 1152) in paragraph at lines 1341--1342
\OT1/cmr/m/n/12 tion for con-trol and
 []


Underfull \hbox (badness 2293) in paragraph at lines 1344--1345
[]|\OT1/cmr/m/n/12 Panel Siz-ing (PV
 []


Underfull \hbox (badness 10000) in paragraph at lines 1348--1349
[]|\OT1/cmr/m/n/12 Computes the re-
 []


Underfull \hbox (badness 10000) in paragraph at lines 1348--1349
\OT1/cmr/m/n/12 quired so-lar panel
 []


Underfull \hbox (badness 10000) in paragraph at lines 1348--1349
\OT1/cmr/m/n/12 rat-ing by di-vid-ing
 []


Underfull \hbox (badness 10000) in paragraph at lines 1348--1349
\OT1/cmr/m/n/12 to-tal daily en-ergy
 []


Underfull \hbox (badness 10000) in paragraph at lines 1348--1349
\OT1/cmr/m/n/12 con-sump-tion by
 []


Underfull \hbox (badness 10000) in paragraph at lines 1348--1349
\OT1/cmr/m/n/12 the avail-able sun
 []


Underfull \hbox (badness 3118) in paragraph at lines 1348--1349
\OT1/cmr/m/n/12 the bat-tery can be
 []


Underfull \hbox (badness 10000) in paragraph at lines 1348--1349
\OT1/cmr/m/n/12 recharged within a
 []


Underfull \hbox (badness 10000) in paragraph at lines 1355--1356
[]|\OT1/cmr/m/n/12 Determines the in-
 []


Underfull \hbox (badness 1742) in paragraph at lines 1355--1356
\OT1/cmr/m/n/12 a 20% al-lowance to
 []


Underfull \hbox (badness 10000) in paragraph at lines 1355--1356
\OT1/cmr/m/n/12 sid-er-a-tions) so the
 []


Underfull \hbox (badness 10000) in paragraph at lines 1355--1356
\OT1/cmr/m/n/12 in-verter can safely
 []


Underfull \hbox (badness 10000) in paragraph at lines 1355--1356
\OT1/cmr/m/n/12 han-dle tem-po-rary
 []


Underfull \hbox (badness 10000) in paragraph at lines 1362--1363
[]|\OT1/cmr/m/n/12 Determines the
 []


Underfull \hbox (badness 1365) in paragraph at lines 1362--1363
\OT1/cmr/m/n/12 re-quired charge con-
 []


Underfull \hbox (badness 10000) in paragraph at lines 1362--1363
\OT1/cmr/m/n/12 by di-vid-ing to-tal
 []


Underfull \hbox (badness 10000) in paragraph at lines 1362--1363
\OT1/cmr/m/n/12 cur-rent is typ-i-cally
 []


Underfull \hbox (badness 10000) in paragraph at lines 1365--1366
[]|\OT1/cmr/m/n/12 Breaker Siz-ing
 []


Underfull \hbox (badness 10000) in paragraph at lines 1369--1370
[]|\OT1/cmr/m/n/12 Selects the cir-cuit
 []


Underfull \hbox (badness 10000) in paragraph at lines 1369--1370
\OT1/cmr/m/n/12 breaker rat-ing be-
 []


Underfull \hbox (badness 1033) in paragraph at lines 1369--1370
\OT1/cmr/m/n/12 tween the PV ar-ray
 []


Underfull \hbox (badness 2205) in paragraph at lines 1369--1370
\OT1/cmr/m/n/12 and SCC us-ing the
 []


Underfull \hbox (badness 10000) in paragraph at lines 1369--1370
\OT1/cmr/m/n/12 panel short-circuit
 []


Underfull \hbox (badness 3838) in paragraph at lines 1369--1370
\OT1/cmr/m/n/12 cur-rent ad-justed by
 []


Underfull \hbox (badness 10000) in paragraph at lines 1369--1370
\OT1/cmr/m/n/12 the over-radiance
 []


Underfull \hbox (badness 10000) in paragraph at lines 1372--1373
[]|\OT1/cmr/m/n/12 Breaker Siz-ing
 []


Underfull \hbox (badness 10000) in paragraph at lines 1376--1377
[]|\OT1/cmr/m/n/12 Sizes the breaker
 []


Underfull \hbox (badness 10000) in paragraph at lines 1376--1377
\OT1/cmr/m/n/12 be-tween SCC and
 []


Underfull \hbox (badness 2856) in paragraph at lines 1376--1377
\OT1/cmr/m/n/12 ray wattage di-vided
 []


Underfull \hbox (badness 5519) in paragraph at lines 1376--1377
\OT1/cmr/m/n/12 by nom-i-nal bat-tery
 []


Underfull \hbox (badness 10000) in paragraph at lines 1376--1377
\OT1/cmr/m/n/12 a safety fac-tor to
 []


Underfull \hbox (badness 10000) in paragraph at lines 1379--1380
[]|\OT1/cmr/m/n/12 Breaker Siz-ing
 []


Underfull \hbox (badness 10000) in paragraph at lines 1383--1384
[]|\OT1/cmr/m/n/12 Determines the
 []


Underfull \hbox (badness 10000) in paragraph at lines 1383--1384
\OT1/cmr/m/n/12 breaker rat-ing be-
 []


Underfull \hbox (badness 10000) in paragraph at lines 1383--1384
\OT1/cmr/m/n/12 tween the bat-tery
 []


Underfull \hbox (badness 10000) in paragraph at lines 1383--1384
\OT1/cmr/m/n/12 bank and in-verter
 []


Underfull \hbox (badness 10000) in paragraph at lines 1383--1384
\OT1/cmr/m/n/12 by cal-cu-lat-ing the
 []


Underfull \hbox (badness 6204) in paragraph at lines 1383--1384
\OT1/cmr/m/n/12 op-er-a-tion, pro-vid-ing
 []


Underfull \hbox (badness 10000) in paragraph at lines 1383--1384
\OT1/cmr/m/n/12 pro-tec-tion dur-ing
 []


Underfull \hbox (badness 10000) in paragraph at lines 1386--1387
[]|\OT1/cmr/m/n/12 Breaker Siz-ing
 []


Underfull \hbox (badness 10000) in paragraph at lines 1386--1387
\OT1/cmr/m/n/12 (Inverter--Load /
 []


Underfull \hbox (badness 1226) in paragraph at lines 1390--1391
\OT1/cmr/m/n/12 ex-pected load power
 []


Underfull \hbox (badness 5519) in paragraph at lines 1390--1391
\OT1/cmr/m/n/12 in-verter AC out-put
 []


Underfull \hbox (badness 2213) in paragraph at lines 1390--1391
\OT1/cmr/m/n/12 the bat-tery nom-i-nal
 []


Underfull \hbox (badness 10000) in paragraph at lines 1397--1398
\OT1/cmr/m/n/12 Drop In-dex us-ing
 []


Underfull \hbox (badness 2103) in paragraph at lines 1397--1398
\OT1/cmr/m/n/12 sys-tem volt-age, and
 []


Underfull \hbox (badness 2103) in paragraph at lines 1397--1398
\OT1/cmr/m/n/12 per-cent-age. Higher
 []


Underfull \hbox (badness 10000) in paragraph at lines 1397--1398
\OT1/cmr/m/n/12 VDI in-di-cates the
 []



[147]
chapter3.tex:1400: Infinite glue shrinkage found in box being split.
<argument> Infinite shrink error above ignored ! 
                                                 
l.1400  \end{longtable}
                       
The box you are \vsplitting contains some infinitely
shrinkable glue, e.g., `\vss' or `\vskip 0pt minus 1fil'.
Such glue doesn't belong there; but you can safely proceed,
since the offensive shrinkability has been made finite.


[148]
chapter3.tex:1400: Infinite glue shrinkage found in box being split.
<argument> Infinite shrink error above ignored ! 
                                                 
l.1400  \end{longtable}
                       
The box you are \vsplitting contains some infinitely
shrinkable glue, e.g., `\vss' or `\vskip 0pt minus 1fil'.
Such glue doesn't belong there; but you can safely proceed,
since the offensive shrinkability has been made finite.


[149]
chapter3.tex:1400: Infinite glue shrinkage found in box being split.
<argument> Infinite shrink error above ignored ! 
                                                 
l.1400  \end{longtable}
                       
The box you are \vsplitting contains some infinitely
shrinkable glue, e.g., `\vss' or `\vskip 0pt minus 1fil'.
Such glue doesn't belong there; but you can safely proceed,
since the offensive shrinkability has been made finite.


[150]

[151]
Underfull \hbox (badness 10000) in paragraph at lines 1413--1413
[]|\OT1/cmr/bx/n/12 Voltage Read-ing
 []


Underfull \hbox (badness 10000) in paragraph at lines 1414--1414
[]|\OT1/cmr/bx/n/12 Voltage Read-ing
 []


Underfull \hbox (badness 10000) in paragraph at lines 1421--1421
[]|\OT1/cmr/bx/n/12 Voltage Read-ing
 []


Underfull \hbox (badness 10000) in paragraph at lines 1422--1422
[]|\OT1/cmr/bx/n/12 Voltage Read-ing
 []

<figures/voltage-reading.png, id=1826, 1035.87pt x 548.0475pt>
File: figures/voltage-reading.png Graphic file (type png)
<use figures/voltage-reading.png>
Package pdftex.def Info: figures/voltage-reading.png  used on input line 1451.
(pdftex.def)             Requested size: 397.48502pt x 210.30066pt.


[152]

[153 <./figures/voltage-reading.png (PNG copy)>]
<figures/multimeter-reading.png, id=1838, 1035.87pt x 548.0475pt>
File: figures/multimeter-reading.png Graphic file (type png)
<use figures/multimeter-reading.png>
Package pdftex.def Info: figures/multimeter-reading.png  used on input line 1472.
(pdftex.def)             Requested size: 397.48502pt x 210.30066pt.
)

[154 <./figures/multimeter-reading.png (PNG copy)>]
\openout2 = `chapter4.aux'.

 (chapter4.tex
Chapter 4.


[155




]

[156]

[157]
Overfull \hbox (4.39757pt too wide) in paragraph at lines 33--34
[]\OT1/cmr/m/n/12 The im-ple-men-ta-tion demon-strated ac-cu-rate and re-spon-sive volt-age read-
 []



[158]
Overfull \hbox (1.78716pt too wide) in paragraph at lines 37--37
|[]\OT1/cmr/bx/n/12 ESP32 Re-ceives Lo-ca-tion Data From GPS Satel-lites Us-ing WiFi| 
 []



[159]

[160]

[161]

[162]

[163]

[164]

[165]

[166]

[167]

[168]

[169]
Overfull \hbox (1.2601pt too wide) in paragraph at lines 142--143
[]\OT1/cmr/m/n/12 When charg-ing two units si-mul-ta-ne-ously, the sys-tem ex-hib-ited in-creased
 []



[170]
<figures/station-new-layout.png, id=1910, 3463.1784pt x 2040.9048pt>
File: figures/station-new-layout.png Graphic file (type png)
<use figures/station-new-layout.png>
Package pdftex.def Info: figures/station-new-layout.png  used on input line 160.
(pdftex.def)             Requested size: 397.48502pt x 234.21642pt.


[171 <./figures/station-new-layout.png>]

[172]
<figures/portable-design.jpg, id=1920, 795.97375pt x 723.70375pt>
File: figures/portable-design.jpg Graphic file (type jpg)
<use figures/portable-design.jpg>
Package pdftex.def Info: figures/portable-design.jpg  used on input line 172.
(pdftex.def)             Requested size: 397.48502pt x 361.38719pt.


[173]

[174 <./figures/portable-design.jpg>]
<figures/station-front.jpg, id=1930, 479.99326pt x 383.63326pt>
File: figures/station-front.jpg Graphic file (type jpg)
<use figures/station-front.jpg>
Package pdftex.def Info: figures/station-front.jpg  used on input line 188.
(pdftex.def)             Requested size: 397.48502pt x 317.70135pt.


[175]
<figures/station-side.jpg, id=1935, 518.53725pt x 401.0985pt>
File: figures/station-side.jpg Graphic file (type jpg)
<use figures/station-side.jpg>
Package pdftex.def Info: figures/station-side.jpg  used on input line 195.
(pdftex.def)             Requested size: 397.48502pt x 307.46361pt.


[176 <./figures/station-front.jpg>]
<figures/station-aerial.jpg, id=1940, 395.67825pt x 410.13225pt>
File: figures/station-aerial.jpg Graphic file (type jpg)
<use figures/station-aerial.jpg>
Package pdftex.def Info: figures/station-aerial.jpg  used on input line 202.
(pdftex.def)             Requested size: 397.48502pt x 412.02118pt.


[177 <./figures/station-side.jpg>]
<figures/station-closeup-front.jpg, id=1945, 661.2705pt x 295.70474pt>
File: figures/station-closeup-front.jpg Graphic file (type jpg)
<use figures/station-closeup-front.jpg>
Package pdftex.def Info: figures/station-closeup-front.jpg  used on input line 209.
(pdftex.def)             Requested size: 397.48502pt x 177.74907pt.


[178 <./figures/station-aerial.jpg>]
<figures/station4.png, id=1950, 1235.61626pt x 673.51625pt>
File: figures/station4.png Graphic file (type png)
<use figures/station4.png>
Package pdftex.def Info: figures/station4.png  used on input line 216.
(pdftex.def)             Requested size: 397.48502pt x 216.66006pt.


[179 <./figures/station-closeup-front.jpg> <./figures/station4.png>]
<figures/detachable-front.jpg, id=1956, 563.706pt x 314.3745pt>
File: figures/detachable-front.jpg Graphic file (type jpg)
<use figures/detachable-front.jpg>
Package pdftex.def Info: figures/detachable-front.jpg  used on input line 230.
(pdftex.def)             Requested size: 397.48502pt x 221.67722pt.


[180]
<figures/detachable-side.jpg, id=1962, 503.481pt x 328.8285pt>
File: figures/detachable-side.jpg Graphic file (type jpg)
<use figures/detachable-side.jpg>
Package pdftex.def Info: figures/detachable-side.jpg  used on input line 237.
(pdftex.def)             Requested size: 397.48502pt x 259.6061pt.


[181 <./figures/detachable-front.jpg>]
<figures/detachable-back.jpg, id=1967, 458.31226pt x 324.0105pt>
File: figures/detachable-back.jpg Graphic file (type jpg)
<use figures/detachable-back.jpg>
Package pdftex.def Info: figures/detachable-back.jpg  used on input line 244.
(pdftex.def)             Requested size: 397.48502pt x 281.02165pt.


[182 <./figures/detachable-side.jpg>]

[183 <./figures/detachable-back.jpg>]
Overfull \hbox (1.81854pt too wide) in paragraph at lines 257--258
[]\OT1/cmr/m/n/12 This sec-tion presents the graph-i-cal user in-ter-face (GUI) of the KuRyenta
 []

File: figures/S1.png Graphic file (type png)
<use figures/S1.png>
Package pdftex.def Info: figures/S1.png  used on input line 264.
(pdftex.def)             Requested size: 397.48502pt x 319.3138pt.


[184]

[185]
File: figures/SA1.png Graphic file (type png)
<use figures/SA1.png>
Package pdftex.def Info: figures/SA1.png  used on input line 276.
(pdftex.def)             Requested size: 278.2383pt x 393.54631pt.


[186]
File: figures/SE3.png Graphic file (type png)
<use figures/SE3.png>
Package pdftex.def Info: figures/SE3.png  used on input line 287.
(pdftex.def)             Requested size: 397.48502pt x 235.64328pt.
File: figures/SE4.png Graphic file (type png)
<use figures/SE4.png>
Package pdftex.def Info: figures/SE4.png  used on input line 299.
(pdftex.def)             Requested size: 278.2383pt x 515.62544pt.


[187]

[188]
File: figures/SE5.png Graphic file (type png)
<use figures/SE5.png>
Package pdftex.def Info: figures/SE5.png  used on input line 310.
(pdftex.def)             Requested size: 397.48502pt x 327.92683pt.


[189]
File: figures/coin-slot.png Graphic file (type png)
<use figures/coin-slot.png>
Package pdftex.def Info: figures/coin-slot.png  used on input line 321.
(pdftex.def)             Requested size: 397.48502pt x 562.20903pt.


[190]
Overfull \vbox (30.72104pt too high) has occurred while \output is active []



[191]
File: figures/credit-points.png Graphic file (type png)
<use figures/credit-points.png>
Package pdftex.def Info: figures/credit-points.png  used on input line 332.
(pdftex.def)             Requested size: 397.48502pt x 562.20903pt.


[192]
Overfull \vbox (30.72104pt too high) has occurred while \output is active []



[193]
File: figures/alert-new.png Graphic file (type png)
<use figures/alert-new.png>
Package pdftex.def Info: figures/alert-new.png  used on input line 343.
(pdftex.def)             Requested size: 397.48502pt x 397.19127pt.


[194]

[195]
File: figures/SE5.png Graphic file (type png)
<use figures/SE5.png>
Package pdftex.def Info: figures/SE5.png  used on input line 354.
(pdftex.def)             Requested size: 397.48502pt x 327.92683pt.


[196]
File: figures/admin-1.png Graphic file (type png)
<use figures/admin-1.png>
Package pdftex.def Info: figures/admin-1.png  used on input line 365.
(pdftex.def)             Requested size: 278.2383pt x 393.54631pt.

Overfull \hbox (2.16566pt too wide) in paragraph at lines 369--370
[]\OT1/cmr/m/n/12 The Main Dash-board serves as the cen-tral con-trol panel of the KuRyenta
 []



[197]
File: figures/admin-2.png Graphic file (type png)
<use figures/admin-2.png>
Package pdftex.def Info: figures/admin-2.png  used on input line 376.
(pdftex.def)             Requested size: 278.2383pt x 393.54631pt.


[198]

[199]
File: figures/admin-3.png Graphic file (type png)
<use figures/admin-3.png>
Package pdftex.def Info: figures/admin-3.png  used on input line 387.
(pdftex.def)             Requested size: 278.2383pt x 393.54631pt.
File: figures/admin-4.png Graphic file (type png)
<use figures/admin-4.png>
Package pdftex.def Info: figures/admin-4.png  used on input line 395.
(pdftex.def)             Requested size: 278.2383pt x 393.54631pt.


[200]

[201]
File: figures/admin-5.png Graphic file (type png)
<use figures/admin-5.png>
Package pdftex.def Info: figures/admin-5.png  used on input line 406.
(pdftex.def)             Requested size: 278.2383pt x 393.54631pt.
File: figures/admin-6.png Graphic file (type png)
<use figures/admin-6.png>
Package pdftex.def Info: figures/admin-6.png  used on input line 414.
(pdftex.def)             Requested size: 278.2383pt x 393.54631pt.


[202]

[203]
File: figures/admin-7.png Graphic file (type png)
<use figures/admin-7.png>
Package pdftex.def Info: figures/admin-7.png  used on input line 425.
(pdftex.def)             Requested size: 278.2383pt x 393.54631pt.
File: figures/admin-8.png Graphic file (type png)
<use figures/admin-8.png>
Package pdftex.def Info: figures/admin-8.png  used on input line 433.
(pdftex.def)             Requested size: 278.2383pt x 393.54631pt.


[204]

[205]
File: figures/admin-9.png Graphic file (type png)
<use figures/admin-9.png>
Package pdftex.def Info: figures/admin-9.png  used on input line 444.
(pdftex.def)             Requested size: 278.2383pt x 393.54631pt.


[206]
File: figures/admin-10.png Graphic file (type png)
<use figures/admin-10.png>
Package pdftex.def Info: figures/admin-10.png  used on input line 455.
(pdftex.def)             Requested size: 278.2383pt x 393.54631pt.

Overfull \hbox (11.46713pt too wide) in paragraph at lines 459--460
[]\OT1/cmr/m/n/12 The SMS Logs func-tion-al-ity records all SMS com-mu-ni-ca-tions sent through
 []



[207]
Underfull \hbox (badness 10000) in paragraph at lines 472--472
[]|\OT1/cmr/bx/n/12 Test Sce-
 []


Underfull \hbox (badness 1028) in paragraph at lines 472--472
[]|\OT1/cmr/m/n/12 User On-board-ing Nav-i-
 []


Underfull \hbox (badness 10000) in paragraph at lines 474--474
[]|\OT1/cmr/bx/n/12 Test Case
 []


Underfull \hbox (badness 5878) in paragraph at lines 474--474
[]|\OT1/cmr/m/n/12 Verify that the ``Get
 []


Underfull \hbox (badness 10000) in paragraph at lines 474--474
\OT1/cmr/m/n/12 Started'' but-ton cor-
 []


Underfull \hbox (badness 7344) in paragraph at lines 474--474
\OT1/cmr/m/n/12 to the Au-then-ti-ca-tion
 []


Underfull \hbox (badness 10000) in paragraph at lines 476--476
[]|\OT1/cmr/bx/n/12 Pre-
 []


Underfull \hbox (badness 2707) in paragraph at lines 476--476
[]|\OT1/cmr/m/n/12 The ap-pli-ca-tion is in-
 []


Underfull \hbox (badness 10000) in paragraph at lines 476--476
[]|\OT1/cmr/bx/n/12 Post-
 []


Overfull \hbox (2.48392pt too wide) in alignment at lines 470--480
 [] [] [] [] 
 []


Underfull \hbox (badness 10000) in paragraph at lines 486--486
[]|\OT1/cmr/bx/n/12 Expected
 []


Underfull \hbox (badness 10000) in paragraph at lines 486--486
[]|\OT1/cmr/bx/n/12 Actual
 []


Underfull \hbox (badness 2608) in paragraph at lines 486--486
[]|\OT1/cmr/bx/n/12 Test Re-
 []


Underfull \hbox (badness 10000) in paragraph at lines 488--488
[]|\OT1/cmr/m/n/12 Launch
 []


Underfull \hbox (badness 10000) in paragraph at lines 488--488
\OT1/cmr/m/n/12 the
 []


Underfull \hbox (badness 10000) in paragraph at lines 488--488
\OT1/cmr/m/n/12 Mo-bile
 []


Underfull \hbox (badness 10000) in paragraph at lines 488--488
\OT1/cmr/m/n/12 Ap-pli-
 []


Underfull \hbox (badness 10000) in paragraph at lines 488--488
[]|\OT1/cmr/m/n/12 Application
 []


Underfull \hbox (badness 10000) in paragraph at lines 488--488
\OT1/cmr/m/n/12 opens
 []


Underfull \hbox (badness 10000) in paragraph at lines 488--488
\OT1/cmr/m/n/12 to the
 []


Underfull \hbox (badness 10000) in paragraph at lines 488--488
\OT1/cmr/m/n/12 Wel-come
 []


Overfull \hbox (2.81888pt too wide) in paragraph at lines 488--488
[]|\OT1/cmr/m/n/12 Application
 []


Underfull \hbox (badness 10000) in paragraph at lines 488--488
\OT1/cmr/m/n/12 Wel-come
 []


Underfull \hbox (badness 10000) in paragraph at lines 490--490
[]|\OT1/cmr/m/n/12 Click
 []


Underfull \hbox (badness 10000) in paragraph at lines 490--490
\OT1/cmr/m/n/12 Started
 []


Underfull \hbox (badness 10000) in paragraph at lines 490--490
\OT1/cmr/m/n/12 should
 []


Underfull \hbox (badness 10000) in paragraph at lines 490--490
\OT1/cmr/m/n/12 Au-then-
 []


Underfull \hbox (badness 10000) in paragraph at lines 490--490
\OT1/cmr/m/n/12 ti-ca-tion
 []


Underfull \hbox (badness 10000) in paragraph at lines 490--490
[]|\OT1/cmr/m/n/12 The Au-
 []


Underfull \hbox (badness 10000) in paragraph at lines 490--490
\OT1/cmr/m/n/12 then-ti-
 []


Underfull \hbox (badness 10000) in paragraph at lines 490--490
\OT1/cmr/m/n/12 ca-tion
 []


Underfull \hbox (badness 10000) in paragraph at lines 490--490
\OT1/cmr/m/n/12 In-ter-face
 []


Underfull \hbox (badness 10000) in paragraph at lines 490--490
\OT1/cmr/m/n/12 cess-fully,
 []


Underfull \hbox (badness 10000) in paragraph at lines 490--490
\OT1/cmr/m/n/12 dis-play-
 []


Underfull \hbox (badness 10000) in paragraph at lines 490--490
\OT1/cmr/m/n/12 ing ``Log
 []


Underfull \hbox (badness 10000) in paragraph at lines 490--490
\OT1/cmr/m/n/12 In'' and
 []


Overfull \hbox (1.67656pt too wide) in alignment at lines 484--492
 [] [] [] [] [] [] 
 []


chapter4.tex:492: Infinite glue shrinkage found in box being split.
<argument> Infinite shrink error above ignored ! 
                                                 
l.492 \end{longtable}
                     
The box you are \vsplitting contains some infinitely
shrinkable glue, e.g., `\vss' or `\vskip 0pt minus 1fil'.
Such glue doesn't belong there; but you can safely proceed,
since the offensive shrinkability has been made finite.


[208]
Underfull \hbox (badness 10000) in paragraph at lines 506--506
[]|\OT1/cmr/bx/n/12 Test Sce-
 []


Underfull \hbox (badness 10000) in paragraph at lines 508--508
[]|\OT1/cmr/bx/n/12 Test Case
 []


Underfull \hbox (badness 3746) in paragraph at lines 508--508
[]|\OT1/cmr/m/n/12 Verify that the \Sign
 []


Underfull \hbox (badness 10000) in paragraph at lines 508--508
\OT1/cmr/m/n/12 Up" but-ton cor-rectly
 []


Underfull \hbox (badness 10000) in paragraph at lines 510--510
[]|\OT1/cmr/bx/n/12 Pre-
 []


Underfull \hbox (badness 3907) in paragraph at lines 510--510
[]|\OT1/cmr/m/n/12 Application is on the
 []


Underfull \hbox (badness 10000) in paragraph at lines 510--510
[]|\OT1/cmr/bx/n/12 Post-
 []


Underfull \hbox (badness 1052) in paragraph at lines 510--510
[]|\OT1/cmr/m/n/12 Sign Up form is
 []


Underfull \hbox (badness 1097) in paragraph at lines 510--510
\OT1/cmr/m/n/12 ac-tive and ready
 []


Overfull \hbox (2.48392pt too wide) in alignment at lines 504--514
 [] [] [] [] 
 []


Underfull \hbox (badness 10000) in paragraph at lines 520--520
[]|\OT1/cmr/bx/n/12 Expected
 []


Underfull \hbox (badness 10000) in paragraph at lines 520--520
[]|\OT1/cmr/bx/n/12 Actual
 []


Underfull \hbox (badness 2608) in paragraph at lines 520--520
[]|\OT1/cmr/bx/n/12 Test Re-
 []


Underfull \hbox (badness 10000) in paragraph at lines 522--522
\OT1/cmr/m/n/12 but-ton
 []


Underfull \hbox (badness 10000) in paragraph at lines 522--522
\OT1/cmr/m/n/12 on the
 []


Underfull \hbox (badness 10000) in paragraph at lines 522--522
\OT1/cmr/m/n/12 Au-then-
 []


Underfull \hbox (badness 10000) in paragraph at lines 522--522
\OT1/cmr/m/n/12 ti-ca-tion
 []


Underfull \hbox (badness 10000) in paragraph at lines 522--522
\OT1/cmr/m/n/12 In-ter-
 []


Underfull \hbox (badness 10000) in paragraph at lines 522--522
[]|\OT1/cmr/m/n/12 The ap-
 []


Underfull \hbox (badness 10000) in paragraph at lines 522--522
\OT1/cmr/m/n/12 pli-ca-tion
 []


Underfull \hbox (badness 10000) in paragraph at lines 522--522
\OT1/cmr/m/n/12 Sign Up
 []


Underfull \hbox (badness 10000) in paragraph at lines 522--522
[]|\OT1/cmr/m/n/12 Sign Up
 []


Underfull \hbox (badness 10000) in paragraph at lines 522--522
\OT1/cmr/m/n/12 Screen
 []


Underfull \hbox (badness 10000) in paragraph at lines 524--524
[]|\OT1/cmr/m/n/12 Verify
 []


Underfull \hbox (badness 10000) in paragraph at lines 524--524
\OT1/cmr/m/n/12 the
 []


Underfull \hbox (badness 10000) in paragraph at lines 524--524
\OT1/cmr/m/n/12 pres-
 []


Underfull \hbox (badness 4765) in paragraph at lines 524--524
\OT1/cmr/m/n/12 ence of
 []


Underfull \hbox (badness 10000) in paragraph at lines 524--524
\OT1/cmr/m/n/12 reg-is-
 []


Underfull \hbox (badness 10000) in paragraph at lines 524--524
\OT1/cmr/m/n/12 tra-tion
 []


Underfull \hbox (badness 10000) in paragraph at lines 524--524
[]|\OT1/cmr/m/n/12 All re-
 []


Underfull \hbox (badness 10000) in paragraph at lines 524--524
\OT1/cmr/m/n/12 per-sonal
 []


Underfull \hbox (badness 10000) in paragraph at lines 524--524
\OT1/cmr/m/n/12 in-for-ma-tion
 []


Underfull \hbox (badness 10000) in paragraph at lines 524--524
\OT1/cmr/m/n/12 Name,
 []


Underfull \hbox (badness 10000) in paragraph at lines 524--524
\OT1/cmr/m/n/12 Email
 []


Underfull \hbox (badness 10000) in paragraph at lines 524--524
\OT1/cmr/m/n/12 Ad-dress,
 []


Underfull \hbox (badness 10000) in paragraph at lines 524--524
\OT1/cmr/m/n/12 Pass-word)
 []


Underfull \hbox (badness 10000) in paragraph at lines 524--524
\OT1/cmr/m/n/12 should be
 []


Underfull \hbox (badness 10000) in paragraph at lines 524--524
[]|\OT1/cmr/m/n/12 The page
 []


Underfull \hbox (badness 10000) in paragraph at lines 524--524
\OT1/cmr/m/n/12 dis-played
 []


Underfull \hbox (badness 10000) in paragraph at lines 524--524
\OT1/cmr/m/n/12 all the
 []


Underfull \hbox (badness 10000) in paragraph at lines 524--524
\OT1/cmr/m/n/12 re-quired
 []


Underfull \hbox (badness 10000) in paragraph at lines 524--524
\OT1/cmr/m/n/12 per-sonal
 []


Underfull \hbox (badness 10000) in paragraph at lines 524--524
\OT1/cmr/m/n/12 in-for-ma-
 []


Underfull \hbox (badness 10000) in paragraph at lines 524--524
\OT1/cmr/m/n/12 tion for
 []


Underfull \hbox (badness 1253) in paragraph at lines 524--524
\OT1/cmr/m/n/12 user reg-is-
 []


Overfull \hbox (1.67656pt too wide) in alignment at lines 518--526
 [] [] [] [] [] [] 
 []


chapter4.tex:526: Infinite glue shrinkage found in box being split.
<argument> Infinite shrink error above ignored ! 
                                                 
l.526 \end{longtable}
                     
The box you are \vsplitting contains some infinitely
shrinkable glue, e.g., `\vss' or `\vskip 0pt minus 1fil'.
Such glue doesn't belong there; but you can safely proceed,
since the offensive shrinkability has been made finite.


[209]
Underfull \hbox (badness 10000) in paragraph at lines 536--536
[]|\OT1/cmr/bx/n/12 Test Sce-
 []


Underfull \hbox (badness 10000) in paragraph at lines 538--538
[]|\OT1/cmr/bx/n/12 Test Case
 []


Underfull \hbox (badness 3612) in paragraph at lines 538--538
\OT1/cmr/m/n/12 can suc-cess-fully cre-ate
 []


Underfull \hbox (badness 10000) in paragraph at lines 540--540
[]|\OT1/cmr/bx/n/12 Pre-
 []


Underfull \hbox (badness 10000) in paragraph at lines 540--540
[]|\OT1/cmr/bx/n/12 Post-
 []


Underfull \hbox (badness 10000) in paragraph at lines 540--540
\OT1/cmr/m/n/12 to the Lo-gin
 []


Overfull \hbox (2.48392pt too wide) in alignment at lines 534--543
 [] [] [] [] 
 []


Underfull \hbox (badness 10000) in paragraph at lines 551--551
[]|\OT1/cmr/bx/n/10.95 Expected
 []


Underfull \hbox (badness 10000) in paragraph at lines 551--551
[]|\OT1/cmr/bx/n/10.95 Actual
 []


Underfull \hbox (badness 10000) in paragraph at lines 551--551
[]|\OT1/cmr/bx/n/10.95 Test Re-
 []


Overfull \hbox (1.67656pt too wide) in alignment at lines 548--552
 [] [] [] [] [] [] 
 []


Underfull \hbox (badness 10000) in paragraph at lines 555--555
[]|\OT1/cmr/bx/n/10.95 Expected
 []


Underfull \hbox (badness 10000) in paragraph at lines 555--555
[]|\OT1/cmr/bx/n/10.95 Actual
 []


Underfull \hbox (badness 10000) in paragraph at lines 555--555
[]|\OT1/cmr/bx/n/10.95 Test Re-
 []


Overfull \hbox (1.67656pt too wide) in alignment at lines 552--556
 [] [] [] [] [] [] 
 []


Underfull \hbox (badness 10000) in paragraph at lines 558--558
[]|\OT1/cmr/m/n/10.95 Enter
 []


Underfull \hbox (badness 10000) in paragraph at lines 558--558
\OT1/cmr/m/n/10.95 ac-count
 []


Underfull \hbox (badness 10000) in paragraph at lines 558--558
\OT1/cmr/m/n/10.95 cre-den-
 []


Underfull \hbox (badness 10000) in paragraph at lines 558--558
\OT1/cmr/m/n/10.95 con-tact
 []


Underfull \hbox (badness 10000) in paragraph at lines 559--565
[]|\OT1/cmr/m/n/10.95 First Name:
 []


Underfull \hbox (badness 10000) in paragraph at lines 559--565
\OT1/cmr/m/n/10.95 Last Name:
 []


Underfull \hbox (badness 10000) in paragraph at lines 559--565
\OT1/cmr/m/n/10.95 Phone: +63
 []


Underfull \hbox (badness 3482) in paragraph at lines 559--565
\OT1/cmr/m/n/10.95 Email: si-mon-
 []


Overfull \hbox (20.15984pt too wide) in paragraph at lines 559--565
\OT1/cmr/m/n/10.95 sheena58@gmail.com 
 []


Underfull \hbox (badness 10000) in paragraph at lines 559--565
\OT1/cmr/m/n/10.95 Password:
 []


Underfull \hbox (badness 10000) in paragraph at lines 559--565
\OT1/cmr/m/n/10.95 Confirm:
 []


Underfull \hbox (badness 10000) in paragraph at lines 566--566
[]|\OT1/cmr/m/n/10.95 Fields ac-
 []


Underfull \hbox (badness 10000) in paragraph at lines 566--566
\OT1/cmr/m/n/10.95 cept valid
 []


Underfull \hbox (badness 10000) in paragraph at lines 566--566
\OT1/cmr/m/n/10.95 data and
 []


Underfull \hbox (badness 7081) in paragraph at lines 566--566
\OT1/cmr/m/n/10.95 mask pass-
 []


Underfull \hbox (badness 10000) in paragraph at lines 567--567
[]|\OT1/cmr/m/n/10.95 Data ac-
 []


Underfull \hbox (badness 1584) in paragraph at lines 567--567
\OT1/cmr/m/n/10.95 cepted and
 []


Underfull \hbox (badness 10000) in paragraph at lines 567--567
\OT1/cmr/m/n/10.95 pass-word
 []


Underfull \hbox (badness 10000) in paragraph at lines 570--570
[]|\OT1/cmr/m/n/10.95 Tap
 []


Underfull \hbox (badness 10000) in paragraph at lines 570--570
\OT1/cmr/m/n/10.95 \Pro-
 []


Underfull \hbox (badness 10000) in paragraph at lines 570--570
\OT1/cmr/m/n/10.95 ceed"
 []


Underfull \hbox (badness 10000) in paragraph at lines 572--572
[]|\OT1/cmr/m/n/10.95 System
 []


Underfull \hbox (badness 10000) in paragraph at lines 572--572
\OT1/cmr/m/n/10.95 val-i-dates
 []


Underfull \hbox (badness 10000) in paragraph at lines 572--572
\OT1/cmr/m/n/10.95 data and
 []


Underfull \hbox (badness 10000) in paragraph at lines 572--572
\OT1/cmr/m/n/10.95 moves to
 []


Underfull \hbox (badness 10000) in paragraph at lines 573--573
[]|\OT1/cmr/m/n/10.95 Successfully
 []


Underfull \hbox (badness 10000) in paragraph at lines 576--576
[]|\OT1/cmr/m/n/10.95 Enter
 []


Underfull \hbox (badness 10000) in paragraph at lines 576--576
\OT1/cmr/m/n/10.95 de-mo-
 []


Underfull \hbox (badness 10000) in paragraph at lines 576--576
\OT1/cmr/m/n/10.95 graphic
 []


Underfull \hbox (badness 10000) in paragraph at lines 576--576
\OT1/cmr/m/n/10.95 and lo-
 []


Underfull \hbox (badness 10000) in paragraph at lines 576--576
\OT1/cmr/m/n/10.95 ca-tion
 []


Underfull \hbox (badness 10000) in paragraph at lines 577--582
\OT1/cmr/m/n/10.95 Birthdate:
 []


Underfull \hbox (badness 10000) in paragraph at lines 577--582
\OT1/cmr/m/n/10.95 Province:
 []


Underfull \hbox (badness 7433) in paragraph at lines 583--583
[]|\OT1/cmr/m/n/10.95 System ac-
 []


Underfull \hbox (badness 10000) in paragraph at lines 584--584
[]|\OT1/cmr/m/n/10.95 All in-puts
 []


Underfull \hbox (badness 10000) in paragraph at lines 584--584
\OT1/cmr/m/n/10.95 recorded
 []


Underfull \hbox (badness 10000) in paragraph at lines 587--587
[]|\OT1/cmr/m/n/10.95 Click
 []


Underfull \hbox (badness 10000) in paragraph at lines 587--587
\OT1/cmr/m/n/10.95 \Cre-ate
 []


Underfull \hbox (badness 10000) in paragraph at lines 587--587
\OT1/cmr/m/n/10.95 Ac-
 []


Underfull \hbox (badness 10000) in paragraph at lines 587--587
\OT1/cmr/m/n/10.95 count"
 []


Underfull \hbox (badness 10000) in paragraph at lines 590--590
[]|\OT1/cmr/m/n/10.95 Message
 []


Underfull \hbox (badness 10000) in paragraph at lines 590--590
\OT1/cmr/m/n/10.95 dis-played
 []


Underfull \hbox (badness 10000) in paragraph at lines 590--590
\OT1/cmr/m/n/10.95 and redi-
 []


Overfull \hbox (1.67656pt too wide) in alignment at lines 556--593
 [] [] [] [] [] [] 
 []



[210]
Underfull \hbox (badness 10000) in paragraph at lines 605--605
[]|\OT1/cmr/bx/n/10.95 Test Sce-
 []


Underfull \hbox (badness 10000) in paragraph at lines 607--607
[]|\OT1/cmr/bx/n/10.95 Test Case
 []


Underfull \hbox (badness 2762) in paragraph at lines 607--607
[]|\OT1/cmr/m/n/10.95 Verify that a reg-is-tered
 []


Underfull \hbox (badness 1097) in paragraph at lines 607--607
\OT1/cmr/m/n/10.95 user can suc-cess-fully log
 []


Underfull \hbox (badness 5274) in paragraph at lines 607--607
[]|\OT1/cmr/bx/n/10.95 Test Pri-
 []


Underfull \hbox (badness 10000) in paragraph at lines 609--609
[]|\OT1/cmr/bx/n/10.95 Pre-
 []


Underfull \hbox (badness 10000) in paragraph at lines 609--609
[]|\OT1/cmr/bx/n/10.95 Post-
 []


Underfull \hbox (badness 3199) in paragraph at lines 609--609
\OT1/cmr/m/n/10.95 on the \Log In"
 []


Underfull \hbox (badness 10000) in paragraph at lines 609--609
\OT1/cmr/m/n/10.95 Fire-base database
 []


Overfull \hbox (2.48392pt too wide) in alignment at lines 603--613
 [] [] [] [] 
 []


chapter4.tex:613: Infinite glue shrinkage found in box being split.
<argument> Infinite shrink error above ignored ! 
                                                 
l.613 \end{longtable}
                     
The box you are \vsplitting contains some infinitely
shrinkable glue, e.g., `\vss' or `\vskip 0pt minus 1fil'.
Such glue doesn't belong there; but you can safely proceed,
since the offensive shrinkability has been made finite.


[211]
Underfull \hbox (badness 10000) in paragraph at lines 619--619
[]|\OT1/cmr/bx/n/10.95 Expected
 []


Underfull \hbox (badness 10000) in paragraph at lines 619--619
[]|\OT1/cmr/bx/n/10.95 Actual
 []


Underfull \hbox (badness 10000) in paragraph at lines 619--619
[]|\OT1/cmr/bx/n/10.95 Test Re-
 []


Underfull \hbox (badness 10000) in paragraph at lines 621--621
[]|\OT1/cmr/m/n/10.95 Entering
 []


Underfull \hbox (badness 2790) in paragraph at lines 621--621
\OT1/cmr/m/n/10.95 the reg-
 []


Underfull \hbox (badness 10000) in paragraph at lines 621--621
\OT1/cmr/m/n/10.95 is-tered
 []


Underfull \hbox (badness 10000) in paragraph at lines 621--621
\OT1/cmr/m/n/10.95 Email
 []


Underfull \hbox (badness 10000) in paragraph at lines 621--621
\OT1/cmr/m/n/10.95 Ad-dress
 []


Underfull \hbox (badness 10000) in paragraph at lines 621--621
\OT1/cmr/m/n/10.95 and
 []


Underfull \hbox (badness 10000) in paragraph at lines 621--621
\OT1/cmr/m/n/10.95 Pass-
 []

chapter4.tex:622: Missing $ inserted.
<inserted text> 
                $
l.622 Password: “nanan_
                         58”
I've inserted a begin-math/end-math symbol since I think
you left one out. Proceed, with fingers crossed.


LaTeX Warning: Command \textquotedblright invalid in math mode on input line 622.

chapter4.tex:623: Missing $ inserted.
<inserted text> 
                $
l.623  &
         The input fields should accept and display the credentials correctl...
I've inserted a begin-math/end-math symbol since I think
you left one out. Proceed, with fingers crossed.


Underfull \hbox (badness 10000) in paragraph at lines 621--623
[]|\OT1/cmr/m/n/10.95 Email Ad-
 []


Underfull \hbox (badness 2521) in paragraph at lines 621--623
\OT1/cmr/m/n/10.95 dress: \si-mon-
 []


Overfull \hbox (25.63484pt too wide) in paragraph at lines 621--623
\OT1/cmr/m/n/10.95 sheena58@gmail.com"
 []


Underfull \hbox (badness 10000) in paragraph at lines 621--623
\OT1/cmr/m/n/10.95 Pass-word:
 []


Underfull \hbox (badness 10000) in paragraph at lines 623--623
[]|\OT1/cmr/m/n/10.95 The in-put
 []


Underfull \hbox (badness 10000) in paragraph at lines 623--623
\OT1/cmr/m/n/10.95 ac-cept and
 []


Underfull \hbox (badness 6575) in paragraph at lines 623--623
\OT1/cmr/m/n/10.95 dis-play the
 []


Underfull \hbox (badness 10000) in paragraph at lines 623--623
\OT1/cmr/m/n/10.95 cre-den-tials
 []


Underfull \hbox (badness 10000) in paragraph at lines 623--623
[]|\OT1/cmr/m/n/10.95 The cre-
 []


Underfull \hbox (badness 10000) in paragraph at lines 623--623
\OT1/cmr/m/n/10.95 the in-put
 []


Underfull \hbox (badness 10000) in paragraph at lines 625--625
[]|\OT1/cmr/m/n/10.95 Verify
 []


Underfull \hbox (badness 10000) in paragraph at lines 625--625
\OT1/cmr/m/n/10.95 ence of
 []


Underfull \hbox (badness 10000) in paragraph at lines 625--625
\OT1/cmr/m/n/10.95 in-put
 []


Underfull \hbox (badness 10000) in paragraph at lines 625--625
[]|\OT1/cmr/m/n/10.95 System
 []


Underfull \hbox (badness 4981) in paragraph at lines 625--625
[]|\OT1/cmr/m/n/10.95 The Home
 []


Underfull \hbox (badness 10000) in paragraph at lines 625--625
\OT1/cmr/m/n/10.95 Screen
 []


Underfull \hbox (badness 10000) in paragraph at lines 625--625
\OT1/cmr/m/n/10.95 cess-fully,
 []


Underfull \hbox (badness 10000) in paragraph at lines 625--625
\OT1/cmr/m/n/10.95 dis-play-ing
 []


Overfull \hbox (1.67656pt too wide) in alignment at lines 617--627
 [] [] [] [] [] [] 
 []


Underfull \hbox (badness 10000) in paragraph at lines 642--642
[]|\OT1/cmr/bx/n/10.95 Test Sce-
 []


Underfull \hbox (badness 10000) in paragraph at lines 644--644
[]|\OT1/cmr/bx/n/10.95 Test Case
 []


Underfull \hbox (badness 1596) in paragraph at lines 644--644
\OT1/cmr/m/n/10.95 vents lo-gin and dis-plays
 []


Underfull \hbox (badness 5274) in paragraph at lines 644--644
[]|\OT1/cmr/bx/n/10.95 Test Pri-
 []


Underfull \hbox (badness 10000) in paragraph at lines 646--646
[]|\OT1/cmr/bx/n/10.95 Pre-
 []


Underfull \hbox (badness 10000) in paragraph at lines 646--646
[]|\OT1/cmr/bx/n/10.95 Post-
 []


Underfull \hbox (badness 2717) in paragraph at lines 646--646
[]|\OT1/cmr/m/n/10.95 The user re-mains
 []


Underfull \hbox (badness 10000) in paragraph at lines 646--646
\OT1/cmr/m/n/10.95 on the Log In
 []


Underfull \hbox (badness 10000) in paragraph at lines 646--646
\OT1/cmr/m/n/10.95 Screen with the
 []


Underfull \hbox (badness 10000) in paragraph at lines 646--646
\OT1/cmr/m/n/10.95 er-ror mes-sage
 []


Overfull \hbox (2.48392pt too wide) in alignment at lines 640--650
 [] [] [] [] 
 []


chapter4.tex:650: Infinite glue shrinkage found in box being split.
<argument> Infinite shrink error above ignored ! 
                                                 
l.650 \end{longtable}
                     
The box you are \vsplitting contains some infinitely
shrinkable glue, e.g., `\vss' or `\vskip 0pt minus 1fil'.
Such glue doesn't belong there; but you can safely proceed,
since the offensive shrinkability has been made finite.


[212]
Underfull \hbox (badness 10000) in paragraph at lines 656--656
[]|\OT1/cmr/bx/n/10.95 Expected
 []


Underfull \hbox (badness 10000) in paragraph at lines 656--656
[]|\OT1/cmr/bx/n/10.95 Actual
 []


Underfull \hbox (badness 10000) in paragraph at lines 656--656
[]|\OT1/cmr/bx/n/10.95 Test Re-
 []


Underfull \hbox (badness 10000) in paragraph at lines 658--658
[]|\OT1/cmr/m/n/10.95 Entering
 []


Underfull \hbox (badness 2790) in paragraph at lines 658--658
\OT1/cmr/m/n/10.95 the reg-
 []


Underfull \hbox (badness 10000) in paragraph at lines 658--658
\OT1/cmr/m/n/10.95 is-tered
 []


Underfull \hbox (badness 10000) in paragraph at lines 658--658
\OT1/cmr/m/n/10.95 Email
 []


Underfull \hbox (badness 10000) in paragraph at lines 658--659
[]|\OT1/cmr/m/n/10.95 Email Ad-
 []


Underfull \hbox (badness 2521) in paragraph at lines 658--659
\OT1/cmr/m/n/10.95 dress: \si-mon-
 []


Overfull \hbox (25.63484pt too wide) in paragraph at lines 658--659
\OT1/cmr/m/n/10.95 sheena58@gmail.com"| 
 []


Underfull \hbox (badness 10000) in paragraph at lines 659--659
[]|\OT1/cmr/m/n/10.95 The email
 []


Underfull \hbox (badness 3826) in paragraph at lines 659--659
\OT1/cmr/m/n/10.95 ac-cepts the
 []


Underfull \hbox (badness 10000) in paragraph at lines 659--659
[]|\OT1/cmr/m/n/10.95 Email
 []


Underfull \hbox (badness 10000) in paragraph at lines 659--659
\OT1/cmr/m/n/10.95 Ad-dress
 []


Underfull \hbox (badness 10000) in paragraph at lines 659--659
\OT1/cmr/m/n/10.95 en-tered
 []


Underfull \hbox (badness 10000) in paragraph at lines 661--661
[]|\OT1/cmr/m/n/10.95 Leave
 []


Underfull \hbox (badness 10000) in paragraph at lines 661--661
\OT1/cmr/m/n/10.95 the
 []


Underfull \hbox (badness 10000) in paragraph at lines 661--661
\OT1/cmr/m/n/10.95 Pass-
 []


Underfull \hbox (badness 10000) in paragraph at lines 661--661
\OT1/cmr/m/n/10.95 word
 []


Underfull \hbox (badness 10000) in paragraph at lines 661--661
\OT1/cmr/m/n/10.95 field
 []


Underfull \hbox (badness 10000) in paragraph at lines 661--661
[]|\OT1/cmr/m/n/10.95 Password:
 []


Underfull \hbox (badness 10000) in paragraph at lines 661--661
[]|\OT1/cmr/m/n/10.95 No char-ac-
 []


Underfull \hbox (badness 6348) in paragraph at lines 661--661
\OT1/cmr/m/n/10.95 ters should
 []


Underfull \hbox (badness 10000) in paragraph at lines 661--661
\OT1/cmr/m/n/10.95 be present
 []


Underfull \hbox (badness 10000) in paragraph at lines 661--661
[]|\OT1/cmr/m/n/10.95 The pass-
 []


Underfull \hbox (badness 10000) in paragraph at lines 661--661
\OT1/cmr/m/n/10.95 word field
 []


Underfull \hbox (badness 10000) in paragraph at lines 661--661
\OT1/cmr/m/n/10.95 re-mained
 []


Underfull \hbox (badness 2401) in paragraph at lines 663--663
[]|\OT1/cmr/m/n/10.95 Tap the
 []


Underfull \hbox (badness 10000) in paragraph at lines 663--663
\OT1/cmr/m/n/10.95 Log In
 []


Underfull \hbox (badness 1571) in paragraph at lines 663--663
[]|\OT1/cmr/m/n/10.95 The sys-tem
 []


Underfull \hbox (badness 10000) in paragraph at lines 663--663
\OT1/cmr/m/n/10.95 shouldn't
 []


Underfull \hbox (badness 10000) in paragraph at lines 663--663
\OT1/cmr/m/n/10.95 ac-cept the
 []


Underfull \hbox (badness 10000) in paragraph at lines 663--663
\OT1/cmr/m/n/10.95 at-tempt
 []


Underfull \hbox (badness 1975) in paragraph at lines 663--663
\OT1/cmr/m/n/10.95 and dis-play
 []


Underfull \hbox (badness 10000) in paragraph at lines 663--663
\OT1/cmr/m/n/10.95 an er-ror
 []


Underfull \hbox (badness 10000) in paragraph at lines 663--663
\OT1/cmr/m/n/10.95 mes-sage:
 []


Underfull \hbox (badness 10000) in paragraph at lines 663--663
\OT1/cmr/m/n/10.95 \Please
 []


Underfull \hbox (badness 10000) in paragraph at lines 663--663
\OT1/cmr/m/n/10.95 en-ter your
 []


Underfull \hbox (badness 10000) in paragraph at lines 663--663
[]|\OT1/cmr/m/n/10.95 The er-ror
 []


Underfull \hbox (badness 10000) in paragraph at lines 663--663
\OT1/cmr/m/n/10.95 mes-sage
 []


Underfull \hbox (badness 10000) in paragraph at lines 663--663
\OT1/cmr/m/n/10.95 \Please
 []


Underfull \hbox (badness 8019) in paragraph at lines 663--663
\OT1/cmr/m/n/10.95 en-ter your
 []


Underfull \hbox (badness 10000) in paragraph at lines 663--663
\OT1/cmr/m/n/10.95 pass-word"
 []


Underfull \hbox (badness 10000) in paragraph at lines 663--663
\OT1/cmr/m/n/10.95 was dis-
 []


Overfull \hbox (1.67656pt too wide) in alignment at lines 654--665
 [] [] [] [] [] [] 
 []


Underfull \hbox (badness 10000) in paragraph at lines 680--680
[]|\OT1/cmr/bx/n/10.95 Test Sce-
 []


Underfull \hbox (badness 10000) in paragraph at lines 682--682
[]|\OT1/cmr/bx/n/10.95 Test Case
 []


Underfull \hbox (badness 1552) in paragraph at lines 682--682
\OT1/cmr/m/n/10.95 cor-rect pass-word is pro-
 []


Underfull \hbox (badness 5274) in paragraph at lines 682--682
[]|\OT1/cmr/bx/n/10.95 Test Pri-
 []


Underfull \hbox (badness 10000) in paragraph at lines 684--684
[]|\OT1/cmr/bx/n/10.95 Pre-
 []


Underfull \hbox (badness 10000) in paragraph at lines 684--684
[]|\OT1/cmr/bx/n/10.95 Post-
 []


Underfull \hbox (badness 2717) in paragraph at lines 684--684
[]|\OT1/cmr/m/n/10.95 The user re-mains
 []


Overfull \hbox (2.48392pt too wide) in alignment at lines 678--688
 [] [] [] [] 
 []


chapter4.tex:688: Infinite glue shrinkage found in box being split.
<argument> Infinite shrink error above ignored ! 
                                                 
l.688 \end{longtable}
                     
The box you are \vsplitting contains some infinitely
shrinkable glue, e.g., `\vss' or `\vskip 0pt minus 1fil'.
Such glue doesn't belong there; but you can safely proceed,
since the offensive shrinkability has been made finite.


[213]
Underfull \hbox (badness 10000) in paragraph at lines 694--694
[]|\OT1/cmr/bx/n/10.95 Expected
 []


Underfull \hbox (badness 10000) in paragraph at lines 694--694
[]|\OT1/cmr/bx/n/10.95 Actual
 []


Underfull \hbox (badness 10000) in paragraph at lines 694--694
[]|\OT1/cmr/bx/n/10.95 Test Re-
 []


Underfull \hbox (badness 10000) in paragraph at lines 696--696
[]|\OT1/cmr/m/n/10.95 Enter
 []


Underfull \hbox (badness 10000) in paragraph at lines 696--696
\OT1/cmr/m/n/10.95 a valid
 []


Underfull \hbox (badness 10000) in paragraph at lines 696--696
\OT1/cmr/m/n/10.95 reg-is-
 []


Underfull \hbox (badness 10000) in paragraph at lines 696--696
\OT1/cmr/m/n/10.95 tered
 []


Underfull \hbox (badness 10000) in paragraph at lines 696--696
\OT1/cmr/m/n/10.95 email
 []


Underfull \hbox (badness 10000) in paragraph at lines 696--697
[]|\OT1/cmr/m/n/10.95 Email Ad-
 []


Underfull \hbox (badness 2521) in paragraph at lines 696--697
\OT1/cmr/m/n/10.95 dress: \si-mon-
 []


Overfull \hbox (25.63484pt too wide) in paragraph at lines 696--697
\OT1/cmr/m/n/10.95 sheena58@gmail.com"| 
 []


Underfull \hbox (badness 10000) in paragraph at lines 697--697
[]|\OT1/cmr/m/n/10.95 The email
 []


Underfull \hbox (badness 3826) in paragraph at lines 697--697
\OT1/cmr/m/n/10.95 ac-cepts the
 []


Underfull \hbox (badness 10000) in paragraph at lines 697--697
[]|\OT1/cmr/m/n/10.95 Email
 []


Underfull \hbox (badness 10000) in paragraph at lines 697--697
\OT1/cmr/m/n/10.95 en-tered
 []


Underfull \hbox (badness 10000) in paragraph at lines 699--699
\OT1/cmr/m/n/10.95 in-cor-rect
 []


Underfull \hbox (badness 10000) in paragraph at lines 699--699
\OT1/cmr/m/n/10.95 pass-
 []


Underfull \hbox (badness 10000) in paragraph at lines 699--699
[]|\OT1/cmr/m/n/10.95 Password:
 []


Underfull \hbox (badness 10000) in paragraph at lines 699--699
[]|\OT1/cmr/m/n/10.95 The pass-
 []


Underfull \hbox (badness 10000) in paragraph at lines 699--699
\OT1/cmr/m/n/10.95 word field
 []


Underfull \hbox (badness 10000) in paragraph at lines 699--699
\OT1/cmr/m/n/10.95 masks the
 []


Underfull \hbox (badness 10000) in paragraph at lines 699--699
[]|\OT1/cmr/m/n/10.95 Password
 []


Underfull \hbox (badness 2401) in paragraph at lines 701--701
[]|\OT1/cmr/m/n/10.95 Tap the
 []


Underfull \hbox (badness 10000) in paragraph at lines 701--701
\OT1/cmr/m/n/10.95 Log In
 []


Underfull \hbox (badness 10000) in paragraph at lines 701--701
[]|\OT1/cmr/m/n/10.95 The sys-
 []


Underfull \hbox (badness 5077) in paragraph at lines 701--701
\OT1/cmr/m/n/10.95 tem should
 []


Underfull \hbox (badness 10000) in paragraph at lines 701--701
\OT1/cmr/m/n/10.95 dis-play a
 []


Underfull \hbox (badness 10000) in paragraph at lines 701--701
\OT1/cmr/m/n/10.95 mes-sage:
 []


Underfull \hbox (badness 10000) in paragraph at lines 701--701
\OT1/cmr/m/n/10.95 \In-valid
 []


Underfull \hbox (badness 10000) in paragraph at lines 701--701
\OT1/cmr/m/n/10.95 email or
 []


Underfull \hbox (badness 10000) in paragraph at lines 701--701
[]|\OT1/cmr/m/n/10.95 The er-ror
 []


Underfull \hbox (badness 10000) in paragraph at lines 701--701
\OT1/cmr/m/n/10.95 mes-sage
 []


Underfull \hbox (badness 10000) in paragraph at lines 701--701
\OT1/cmr/m/n/10.95 \In-valid
 []


Underfull \hbox (badness 10000) in paragraph at lines 701--701
\OT1/cmr/m/n/10.95 email or
 []


Underfull \hbox (badness 10000) in paragraph at lines 701--701
\OT1/cmr/m/n/10.95 pass-word"
 []


Underfull \hbox (badness 10000) in paragraph at lines 701--701
\OT1/cmr/m/n/10.95 was dis-
 []


Underfull \hbox (badness 10000) in paragraph at lines 701--701
\OT1/cmr/m/n/10.95 played as
 []


Overfull \hbox (1.67656pt too wide) in alignment at lines 692--704
 [] [] [] [] [] [] 
 []


Underfull \hbox (badness 10000) in paragraph at lines 727--727
[]|\OT1/cmr/bx/n/10.95 Test Sce-
 []


Underfull \hbox (badness 5681) in paragraph at lines 727--727
\OT1/cmr/m/n/10.95 then-ti-ca-tion Er-ror Han-
 []


Underfull \hbox (badness 10000) in paragraph at lines 727--727
[]|\OT1/cmr/bx/n/10.95 Test Case
 []


Underfull \hbox (badness 1033) in paragraph at lines 727--727
[]|\OT1/cmr/m/n/10.95 Verify the sys-tem's abil-
 []


Underfull \hbox (badness 5274) in paragraph at lines 727--727
[]|\OT1/cmr/bx/n/10.95 Test Pri-
 []


Underfull \hbox (badness 10000) in paragraph at lines 727--727
[]|\OT1/cmr/bx/n/10.95 Pre-
 []


Underfull \hbox (badness 10000) in paragraph at lines 727--727
[]|\OT1/cmr/bx/n/10.95 Post-
 []


Underfull \hbox (badness 2717) in paragraph at lines 727--727
[]|\OT1/cmr/m/n/10.95 The user re-mains
 []


Overfull \hbox (2.48392pt too wide) in alignment at lines 727--727
 [] [] [] [] 
 []

chapter4.tex:727: Missing \endgroup inserted.
<inserted text> 
                \endgroup 
l.727 \end{longtable}}
                      
I've inserted something that you may have forgotten.
(See the <inserted text> above.)
With luck, this will get me unwedged. But if you
really didn't forget anything, try typing `2' now; then
my insertion and my current dilemma will both disappear.

chapter4.tex:727: Missing \endgroup inserted.
<inserted text> 
                \endgroup 
l.727 \end{longtable}}
                      
I've inserted something that you may have forgotten.
(See the <inserted text> above.)
With luck, this will get me unwedged. But if you
really didn't forget anything, try typing `2' now; then
my insertion and my current dilemma will both disappear.

chapter4.tex:727: Missing \endgroup inserted.
<inserted text> 
                \endgroup 
l.727 \end{longtable}}
                      
I've inserted something that you may have forgotten.
(See the <inserted text> above.)
With luck, this will get me unwedged. But if you
really didn't forget anything, try typing `2' now; then
my insertion and my current dilemma will both disappear.

chapter4.tex:727: Missing } inserted.
<inserted text> 
                }
l.727 \end{longtable}}
                      
I've inserted something that you may have forgotten.
(See the <inserted text> above.)
With luck, this will get me unwedged. But if you
really didn't forget anything, try typing `2' now; then
my insertion and my current dilemma will both disappear.

chapter4.tex:727: Argument of \LT@max@sel has an extra }.
<inserted text> 
                \par 
l.727 \end{longtable}}
                      
I've run across a `}' that doesn't seem to match anything.
For example, `\def\a#1{...}' and `\a}' would produce
this error. If you simply proceed now, the `\par' that
I've just inserted will cause me to report a runaway
argument that might be the root of the problem. But if
your `}' was spurious, just type `2' and it will go away.

Runaway argument?
chapter4.tex:727: Paragraph ended before \LT@max@sel was complete.
<to be read again> 
                   \par 
l.727 \end{longtable}}
                      
I suspect you've forgotten a `}', causing me to apply this
control sequence to too much text. How can we recover?
My plan is to forget the whole thing and hope for the best.


chapter4.tex:727: LaTeX Error: \begin{document} ended by \end{longtable}.

See the LaTeX manual or LaTeX Companion for explanation.
Type  H <return>  for immediate help.
 ...                                              
                                                  
l.727 \end{longtable}}
                      
Your command was ignored.
Type  I <command> <return>  to replace it with another command,
or  <return>  to continue without it.

chapter4.tex:727: Missing } inserted.
<inserted text> 
                }
l.727 \end{longtable}}
                      
I've inserted something that you may have forgotten.
(See the <inserted text> above.)
With luck, this will get me unwedged. But if you
really didn't forget anything, try typing `2' now; then
my insertion and my current dilemma will both disappear.

chapter4.tex:727: Extra \endgroup.
<recently read> \endgroup 
                          
l.727 \end{longtable}}
                      
Things are pretty mixed up, but I think the worst is over.

chapter4.tex:727: Extra \endgroup.
\color@endgroup ->\endgraf \@endpefalse \endgroup 
                                                  
l.727 \end{longtable}}
                      
Things are pretty mixed up, but I think the worst is over.

chapter4.tex:727: Too many }'s.
\@begin@tempboxa ...begingroup #2\color@endgroup }
                                                  \def \width {\wd \@tempbox...
l.727 \end{longtable}}
                      
You've closed more groups than you opened.
Such booboos are generally harmless, so keep going.

chapter4.tex:727: Extra \endgroup.
\@imakebox ...bm@#2\endcsname \fi }\@end@tempboxa 
                                                  
l.727 \end{longtable}}
                      
Things are pretty mixed up, but I think the worst is over.


Underfull \hbox (badness 10000) in paragraph at lines 733--733
[]|\OT1/cmr/bx/n/12 Expected
 []


Underfull \hbox (badness 10000) in paragraph at lines 733--733
[]|\OT1/cmr/bx/n/12 Actual
 []


Underfull \hbox (badness 2608) in paragraph at lines 733--733
[]|\OT1/cmr/bx/n/12 Test Re-
 []


Underfull \hbox (badness 10000) in paragraph at lines 735--735
[]|\OT1/cmr/m/n/12 Enter
 []


Underfull \hbox (badness 10000) in paragraph at lines 735--735
\OT1/cmr/m/n/12 an
 []


Underfull \hbox (badness 10000) in paragraph at lines 735--735
\OT1/cmr/m/n/12 in-cor-
 []


Underfull \hbox (badness 10000) in paragraph at lines 735--735
\OT1/cmr/m/n/12 rectly
 []


Underfull \hbox (badness 10000) in paragraph at lines 735--735
\OT1/cmr/m/n/12 for-
 []


Underfull \hbox (badness 10000) in paragraph at lines 735--735
\OT1/cmr/m/n/12 mat-ted
 []


Underfull \hbox (badness 10000) in paragraph at lines 735--735
\OT1/cmr/m/n/12 email
 []


Underfull \hbox (badness 10000) in paragraph at lines 735--735
\OT1/cmr/m/n/12 and a
 []


Underfull \hbox (badness 10000) in paragraph at lines 735--735
\OT1/cmr/m/n/12 cor-rect
 []


Underfull \hbox (badness 10000) in paragraph at lines 735--735
\OT1/cmr/m/n/12 pass-
 []

chapter4.tex:736: Missing $ inserted.
<inserted text> 
                $
l.736 Password: “nanan_
                         58”
I've inserted a begin-math/end-math symbol since I think
you left one out. Proceed, with fingers crossed.


LaTeX Warning: Command \textquotedblright invalid in math mode on input line 736.

chapter4.tex:737: Missing $ inserted.
<inserted text> 
                $
l.737  &
         The system should detect the missing "@" and display an error messa...
I've inserted a begin-math/end-math symbol since I think
you left one out. Proceed, with fingers crossed.


Underfull \hbox (badness 10000) in paragraph at lines 735--737
[]|\OT1/cmr/m/n/12 Email Ad-
 []


Overfull \hbox (24.18806pt too wide) in paragraph at lines 735--737
\OT1/cmr/m/n/12 sheena58gmail.com"
 []


Underfull \hbox (badness 10000) in paragraph at lines 735--737
\OT1/cmr/m/n/12 Pass-word:
 []


Underfull \hbox (badness 10000) in paragraph at lines 737--737
\OT1/cmr/m/n/12 should
 []


Underfull \hbox (badness 7273) in paragraph at lines 737--737
\OT1/cmr/m/n/12 de-tect the
 []


Underfull \hbox (badness 10000) in paragraph at lines 737--737
\OT1/cmr/m/n/12 miss-ing
 []


Underfull \hbox (badness 10000) in paragraph at lines 737--737
\OT1/cmr/m/n/12 "@" and
 []


Underfull \hbox (badness 10000) in paragraph at lines 737--737
\OT1/cmr/m/n/12 dis-play
 []


Underfull \hbox (badness 10000) in paragraph at lines 737--737
\OT1/cmr/m/n/12 an er-ror
 []


Underfull \hbox (badness 10000) in paragraph at lines 737--737
\OT1/cmr/m/n/12 mes-sage:
 []


Underfull \hbox (badness 10000) in paragraph at lines 737--737
\OT1/cmr/m/n/12 "In-valid
 []


Underfull \hbox (badness 10000) in paragraph at lines 737--737
\OT1/cmr/m/n/12 email
 []


Underfull \hbox (badness 6675) in paragraph at lines 737--737
[]|\OT1/cmr/m/n/12 The er-ror
 []


Underfull \hbox (badness 10000) in paragraph at lines 737--737
\OT1/cmr/m/n/12 mes-sage
 []


Underfull \hbox (badness 10000) in paragraph at lines 737--737
\OT1/cmr/m/n/12 "In-valid
 []


Underfull \hbox (badness 10000) in paragraph at lines 737--737
\OT1/cmr/m/n/12 email ad-
 []


Underfull \hbox (badness 10000) in paragraph at lines 739--739
[]|\OT1/cmr/m/n/12 Enter
 []


Underfull \hbox (badness 10000) in paragraph at lines 739--739
\OT1/cmr/m/n/12 a cor-
 []


Underfull \hbox (badness 10000) in paragraph at lines 739--739
\OT1/cmr/m/n/12 rectly
 []


Underfull \hbox (badness 10000) in paragraph at lines 739--739
\OT1/cmr/m/n/12 for-
 []


Underfull \hbox (badness 10000) in paragraph at lines 739--739
\OT1/cmr/m/n/12 mat-ted
 []


Underfull \hbox (badness 10000) in paragraph at lines 739--739
\OT1/cmr/m/n/12 email,
 []


Underfull \hbox (badness 10000) in paragraph at lines 739--739
\OT1/cmr/m/n/12 but an
 []


Underfull \hbox (badness 10000) in paragraph at lines 739--739
\OT1/cmr/m/n/12 in-cor-
 []


Underfull \hbox (badness 10000) in paragraph at lines 739--739
\OT1/cmr/m/n/12 rect
 []


Underfull \hbox (badness 10000) in paragraph at lines 739--739
\OT1/cmr/m/n/12 pass-
 []


Underfull \hbox (badness 10000) in paragraph at lines 739--741
[]|\OT1/cmr/m/n/12 Email Ad-
 []


Overfull \hbox (33.32686pt too wide) in paragraph at lines 739--741
\OT1/cmr/m/n/12 sheena58@gmail.com"
 []


Underfull \hbox (badness 10000) in paragraph at lines 739--741
\OT1/cmr/m/n/12 Pass-word:
 []


Underfull \hbox (badness 10000) in paragraph at lines 741--741
\OT1/cmr/m/n/12 should
 []


Underfull \hbox (badness 10000) in paragraph at lines 741--741
\OT1/cmr/m/n/12 an er-ror
 []


Underfull \hbox (badness 10000) in paragraph at lines 741--741
\OT1/cmr/m/n/12 mes-sage:
 []


Underfull \hbox (badness 10000) in paragraph at lines 741--741
\OT1/cmr/m/n/12 "In-valid
 []


Underfull \hbox (badness 10000) in paragraph at lines 741--741
\OT1/cmr/m/n/12 email or
 []


Underfull \hbox (badness 6675) in paragraph at lines 741--741
[]|\OT1/cmr/m/n/12 The er-ror
 []


Underfull \hbox (badness 10000) in paragraph at lines 741--741
\OT1/cmr/m/n/12 mes-sage
 []


Underfull \hbox (badness 10000) in paragraph at lines 741--741
\OT1/cmr/m/n/12 "In-valid
 []


Underfull \hbox (badness 10000) in paragraph at lines 741--741
\OT1/cmr/m/n/12 email
 []


Underfull \hbox (badness 10000) in paragraph at lines 741--741
\OT1/cmr/m/n/12 or pass-
 []


Overfull \hbox (1.67656pt too wide) in alignment at lines 731--743
 [] [] [] [] [] [] 
 []


chapter4.tex:743: Infinite glue shrinkage found in box being split.
<argument> Infinite shrink error above ignored ! 
                                                 
l.743 \end{longtable}
                     
The box you are \vsplitting contains some infinitely
shrinkable glue, e.g., `\vss' or `\vskip 0pt minus 1fil'.
Such glue doesn't belong there; but you can safely proceed,
since the offensive shrinkability has been made finite.


[214]
Underfull \hbox (badness 10000) in paragraph at lines 757--757
[]|\OT1/cmr/bx/n/12 Test Sce-
 []


Underfull \hbox (badness 10000) in paragraph at lines 759--759
[]|\OT1/cmr/bx/n/12 Test Case
 []


Underfull \hbox (badness 1005) in paragraph at lines 759--759
[]|\OT1/cmr/m/n/12 Verify that the sys-tem
 []


Underfull \hbox (badness 10000) in paragraph at lines 761--761
[]|\OT1/cmr/bx/n/12 Pre-
 []


Underfull \hbox (badness 10000) in paragraph at lines 761--761
[]|\OT1/cmr/bx/n/12 Post-
 []


Underfull \hbox (badness 6445) in paragraph at lines 761--761
\OT1/cmr/m/n/12 on the Log In
 []


Underfull \hbox (badness 4181) in paragraph at lines 761--761
\OT1/cmr/m/n/12 Screen with the
 []


Overfull \hbox (2.48392pt too wide) in alignment at lines 755--765
 [] [] [] [] 
 []


chapter4.tex:765: Infinite glue shrinkage found in box being split.
<argument> Infinite shrink error above ignored ! 
                                                 
l.765 \end{longtable}
                     
The box you are \vsplitting contains some infinitely
shrinkable glue, e.g., `\vss' or `\vskip 0pt minus 1fil'.
Such glue doesn't belong there; but you can safely proceed,
since the offensive shrinkability has been made finite.


[215]
Underfull \hbox (badness 10000) in paragraph at lines 771--771
[]|\OT1/cmr/bx/n/12 Expected
 []


Underfull \hbox (badness 10000) in paragraph at lines 771--771
[]|\OT1/cmr/bx/n/12 Actual
 []


Underfull \hbox (badness 2608) in paragraph at lines 771--771
[]|\OT1/cmr/bx/n/12 Test Re-
 []


Underfull \hbox (badness 10000) in paragraph at lines 773--773
[]|\OT1/cmr/m/n/12 Leave
 []


Underfull \hbox (badness 10000) in paragraph at lines 773--773
\OT1/cmr/m/n/12 the
 []


Underfull \hbox (badness 10000) in paragraph at lines 773--773
\OT1/cmr/m/n/12 Email
 []


Underfull \hbox (badness 10000) in paragraph at lines 773--773
\OT1/cmr/m/n/12 Ad-dress
 []


Underfull \hbox (badness 10000) in paragraph at lines 773--773
\OT1/cmr/m/n/12 field
 []


Underfull \hbox (badness 10000) in paragraph at lines 774--774
[]|\OT1/cmr/m/n/12 No char-
 []


Underfull \hbox (badness 10000) in paragraph at lines 774--774
\OT1/cmr/m/n/12 ac-ters
 []


Underfull \hbox (badness 10000) in paragraph at lines 774--774
\OT1/cmr/m/n/12 should be
 []


Underfull \hbox (badness 10000) in paragraph at lines 774--774
\OT1/cmr/m/n/12 present in
 []


Underfull \hbox (badness 10000) in paragraph at lines 774--774
\OT1/cmr/m/n/12 the email
 []


Underfull \hbox (badness 10000) in paragraph at lines 774--774
\OT1/cmr/m/n/12 ad-dress
 []


Underfull \hbox (badness 2020) in paragraph at lines 774--774
[]|\OT1/cmr/m/n/12 The email
 []


Underfull \hbox (badness 10000) in paragraph at lines 774--774
\OT1/cmr/m/n/12 ad-dress
 []


Underfull \hbox (badness 10000) in paragraph at lines 774--774
\OT1/cmr/m/n/12 field re-
 []


Underfull \hbox (badness 10000) in paragraph at lines 774--774
\OT1/cmr/m/n/12 mained
 []


Overfull \hbox (1.54404pt too wide) in paragraph at lines 776--776
[]|\OT1/cmr/m/n/12 Entering
 []


Underfull \hbox (badness 10000) in paragraph at lines 776--776
\OT1/cmr/m/n/12 is-tered
 []


Underfull \hbox (badness 10000) in paragraph at lines 776--776
\OT1/cmr/m/n/12 pass-
 []

chapter4.tex:776: Missing $ inserted.
<inserted text> 
                $
l.776 ...registered password & Password: “nanan_
                                                  58”
I've inserted a begin-math/end-math symbol since I think
you left one out. Proceed, with fingers crossed.


LaTeX Warning: Command \textquotedblright invalid in math mode on input line 776.

chapter4.tex:777: Missing $ inserted.
<inserted text> 
                $
l.777  &
         The password field accepts the input & Password entered and masked ...
I've inserted a begin-math/end-math symbol since I think
you left one out. Proceed, with fingers crossed.


Underfull \hbox (badness 10000) in paragraph at lines 776--777
[]|\OT1/cmr/m/n/12 Password:
 []


Underfull \hbox (badness 10000) in paragraph at lines 777--777
[]|\OT1/cmr/m/n/12 The pass-
 []


Underfull \hbox (badness 10000) in paragraph at lines 777--777
\OT1/cmr/m/n/12 word field
 []


Underfull \hbox (badness 10000) in paragraph at lines 777--777
[]|\OT1/cmr/m/n/12 Password
 []


Underfull \hbox (badness 10000) in paragraph at lines 777--777
\OT1/cmr/m/n/12 en-tered
 []


Underfull \hbox (badness 10000) in paragraph at lines 777--777
\OT1/cmr/m/n/12 and
 []


Underfull \hbox (badness 10000) in paragraph at lines 777--777
\OT1/cmr/m/n/12 masked
 []


Underfull \hbox (badness 10000) in paragraph at lines 777--777
\OT1/cmr/m/n/12 suc-cess-
 []


Underfull \hbox (badness 10000) in paragraph at lines 779--779
\OT1/cmr/m/n/12 Log In
 []


Underfull \hbox (badness 10000) in paragraph at lines 780--780
\OT1/cmr/m/n/12 shouldn't
 []


Underfull \hbox (badness 4316) in paragraph at lines 780--780
\OT1/cmr/m/n/12 ac-cept the
 []


Underfull \hbox (badness 10000) in paragraph at lines 780--780
\OT1/cmr/m/n/12 at-tempt
 []


Underfull \hbox (badness 10000) in paragraph at lines 780--780
\OT1/cmr/m/n/12 an er-ror
 []


Underfull \hbox (badness 10000) in paragraph at lines 780--780
\OT1/cmr/m/n/12 mes-sage:
 []


Underfull \hbox (badness 10000) in paragraph at lines 780--780
\OT1/cmr/m/n/12 \Please
 []


Underfull \hbox (badness 4967) in paragraph at lines 780--780
\OT1/cmr/m/n/12 en-ter your
 []


Underfull \hbox (badness 6675) in paragraph at lines 780--780
[]|\OT1/cmr/m/n/12 The er-ror
 []


Underfull \hbox (badness 10000) in paragraph at lines 780--780
\OT1/cmr/m/n/12 mes-sage
 []


Underfull \hbox (badness 10000) in paragraph at lines 780--780
\OT1/cmr/m/n/12 \Please
 []


Underfull \hbox (badness 1097) in paragraph at lines 780--780
\OT1/cmr/m/n/12 en-ter your
 []


Overfull \hbox (1.67656pt too wide) in alignment at lines 769--782
 [] [] [] [] [] [] 
 []


Underfull \hbox (badness 10000) in paragraph at lines 797--797
[]|\OT1/cmr/bx/n/12 Test Sce-
 []


Underfull \hbox (badness 10000) in paragraph at lines 799--799
[]|\OT1/cmr/bx/n/12 Test Case
 []


Underfull \hbox (badness 10000) in paragraph at lines 799--799
\OT1/cmr/m/n/12 vis-i-bil-ity tog-gle (eye
 []


Underfull \hbox (badness 10000) in paragraph at lines 801--801
[]|\OT1/cmr/bx/n/12 Pre-
 []


Underfull \hbox (badness 10000) in paragraph at lines 801--801
[]|\OT1/cmr/bx/n/12 Post-
 []


Overfull \hbox (2.48392pt too wide) in alignment at lines 795--805
 [] [] [] [] 
 []


chapter4.tex:805: Infinite glue shrinkage found in box being split.
<argument> Infinite shrink error above ignored ! 
                                                 
l.805 \end{longtable}
                     
The box you are \vsplitting contains some infinitely
shrinkable glue, e.g., `\vss' or `\vskip 0pt minus 1fil'.
Such glue doesn't belong there; but you can safely proceed,
since the offensive shrinkability has been made finite.


[216]
Underfull \hbox (badness 10000) in paragraph at lines 811--811
[]|\OT1/cmr/bx/n/12 Expected
 []


Underfull \hbox (badness 10000) in paragraph at lines 811--811
[]|\OT1/cmr/bx/n/12 Actual
 []


Underfull \hbox (badness 2608) in paragraph at lines 811--811
[]|\OT1/cmr/bx/n/12 Test Re-
 []


Underfull \hbox (badness 10000) in paragraph at lines 813--813
[]|\OT1/cmr/m/n/12 Enter
 []


Underfull \hbox (badness 10000) in paragraph at lines 813--813
\OT1/cmr/m/n/12 char-
 []


Underfull \hbox (badness 10000) in paragraph at lines 813--813
\OT1/cmr/m/n/12 ac-ters
 []


Underfull \hbox (badness 10000) in paragraph at lines 813--813
\OT1/cmr/m/n/12 pass-
 []


Underfull \hbox (badness 10000) in paragraph at lines 813--813
\OT1/cmr/m/n/12 word
 []

chapter4.tex:813: Missing $ inserted.
<inserted text> 
                $
l.813 ...the password field. & Password: “nanan_
                                                  58”
I've inserted a begin-math/end-math symbol since I think
you left one out. Proceed, with fingers crossed.


LaTeX Warning: Command \textquotedblright invalid in math mode on input line 813.

chapter4.tex:814: Missing $ inserted.
<inserted text> 
                $
l.814  &
         The input should be masked (e.g., asterisks) by default. & Input wa...
I've inserted a begin-math/end-math symbol since I think
you left one out. Proceed, with fingers crossed.


Underfull \hbox (badness 10000) in paragraph at lines 813--814
[]|\OT1/cmr/m/n/12 Password:
 []


Underfull \hbox (badness 7273) in paragraph at lines 814--814
[]|\OT1/cmr/m/n/12 The in-put
 []


Underfull \hbox (badness 10000) in paragraph at lines 814--814
\OT1/cmr/m/n/12 should be
 []


Underfull \hbox (badness 10000) in paragraph at lines 814--814
\OT1/cmr/m/n/12 masked
 []


Underfull \hbox (badness 10000) in paragraph at lines 814--814
\OT1/cmr/m/n/12 (e.g., as-
 []


Underfull \hbox (badness 2547) in paragraph at lines 814--814
\OT1/cmr/m/n/12 ter-isks) by
 []


Underfull \hbox (badness 2772) in paragraph at lines 814--814
[]|\OT1/cmr/m/n/12 Input was
 []


Underfull \hbox (badness 10000) in paragraph at lines 816--816
[]|\OT1/cmr/m/n/12 Tap
 []


Underfull \hbox (badness 10000) in paragraph at lines 816--816
\OT1/cmr/m/n/12 Icon
 []


Underfull \hbox (badness 10000) in paragraph at lines 816--816
\OT1/cmr/m/n/12 (Vis-i-
 []


Underfull \hbox (badness 10000) in paragraph at lines 816--816
\OT1/cmr/m/n/12 bil-ity
 []


Underfull \hbox (badness 10000) in paragraph at lines 817--817
[]|\OT1/cmr/m/n/12 The
 []


Underfull \hbox (badness 10000) in paragraph at lines 817--817
\OT1/cmr/m/n/12 masked
 []


Underfull \hbox (badness 10000) in paragraph at lines 817--817
\OT1/cmr/m/n/12 pass-word
 []


Underfull \hbox (badness 10000) in paragraph at lines 817--817
\OT1/cmr/m/n/12 should
 []


Underfull \hbox (badness 10000) in paragraph at lines 817--817
\OT1/cmr/m/n/12 tran-si-
 []


Underfull \hbox (badness 10000) in paragraph at lines 817--817
\OT1/cmr/m/n/12 tion to
 []


Underfull \hbox (badness 10000) in paragraph at lines 817--817
\OT1/cmr/m/n/12 plain text
 []


Underfull \hbox (badness 4886) in paragraph at lines 817--817
[]|\OT1/cmr/m/n/12 The pass-
 []


Underfull \hbox (badness 10000) in paragraph at lines 817--817
\OT1/cmr/m/n/12 word
 []


Underfull \hbox (badness 10000) in paragraph at lines 817--817
\OT1/cmr/m/n/12 be-came
 []


Underfull \hbox (badness 10000) in paragraph at lines 817--817
\OT1/cmr/m/n/12 vis-i-ble as
 []


Underfull \hbox (badness 10000) in paragraph at lines 819--819
[]|\OT1/cmr/m/n/12 Tap
 []


Underfull \hbox (badness 10000) in paragraph at lines 819--819
\OT1/cmr/m/n/12 Icon
 []


Underfull \hbox (badness 10000) in paragraph at lines 820--820
[]|\OT1/cmr/m/n/12 The plain
 []


Underfull \hbox (badness 10000) in paragraph at lines 820--820
\OT1/cmr/m/n/12 text pass-
 []


Underfull \hbox (badness 10000) in paragraph at lines 820--820
\OT1/cmr/m/n/12 word
 []


Underfull \hbox (badness 10000) in paragraph at lines 820--820
\OT1/cmr/m/n/12 should
 []


Underfull \hbox (badness 10000) in paragraph at lines 820--820
\OT1/cmr/m/n/12 re-turn to
 []


Underfull \hbox (badness 10000) in paragraph at lines 820--820
\OT1/cmr/m/n/12 a masked
 []


Underfull \hbox (badness 4886) in paragraph at lines 820--820
[]|\OT1/cmr/m/n/12 The pass-
 []


Underfull \hbox (badness 10000) in paragraph at lines 820--820
\OT1/cmr/m/n/12 word was
 []


Underfull \hbox (badness 10000) in paragraph at lines 820--820
\OT1/cmr/m/n/12 suc-cess-
 []


Underfull \hbox (badness 10000) in paragraph at lines 820--820
\OT1/cmr/m/n/12 fully hid-
 []


Overfull \hbox (8.43687pt too wide) in paragraph at lines 820--820
\OT1/cmr/m/n/12 den/masked.| 
 []


Overfull \hbox (1.67656pt too wide) in alignment at lines 809--822
 [] [] [] [] [] [] 
 []


Underfull \hbox (badness 10000) in paragraph at lines 836--836
[]|\OT1/cmr/bx/n/12 Test Sce-
 []


Underfull \hbox (badness 10000) in paragraph at lines 838--838
[]|\OT1/cmr/bx/n/12 Test Case
 []


Underfull \hbox (badness 1005) in paragraph at lines 838--838
[]|\OT1/cmr/m/n/12 Verify that the sys-tem
 []


Underfull \hbox (badness 10000) in paragraph at lines 838--838
\OT1/cmr/m/n/12 valid cre-den-tials and
 []


Underfull \hbox (badness 10000) in paragraph at lines 838--838
\OT1/cmr/m/n/12 suc-cess-fully redi-rects
 []


Underfull \hbox (badness 10000) in paragraph at lines 840--840
[]|\OT1/cmr/bx/n/12 Pre-
 []


Underfull \hbox (badness 1881) in paragraph at lines 840--840
\OT1/cmr/m/n/12 ists with the pro-vided
 []


Underfull \hbox (badness 10000) in paragraph at lines 840--840
[]|\OT1/cmr/bx/n/12 Post-
 []


Underfull \hbox (badness 1701) in paragraph at lines 840--840
[]|\OT1/cmr/m/n/12 The user ses-sion
 []


Underfull \hbox (badness 6078) in paragraph at lines 840--840
\OT1/cmr/m/n/12 the Home Page
 []


Underfull \hbox (badness 2582) in paragraph at lines 840--840
\OT1/cmr/m/n/12 in-ter-face is fully
 []


Overfull \hbox (2.48392pt too wide) in alignment at lines 834--844
 [] [] [] [] 
 []



[217]
Underfull \hbox (badness 10000) in paragraph at lines 850--850
[]|\OT1/cmr/bx/n/12 Expected
 []


Underfull \hbox (badness 10000) in paragraph at lines 850--850
[]|\OT1/cmr/bx/n/12 Actual
 []


Underfull \hbox (badness 2608) in paragraph at lines 850--850
[]|\OT1/cmr/bx/n/12 Test Re-
 []


Underfull \hbox (badness 10000) in paragraph at lines 852--852
[]|\OT1/cmr/m/n/12 Enter
 []


Underfull \hbox (badness 7907) in paragraph at lines 852--852
\OT1/cmr/m/n/12 a valid
 []


Underfull \hbox (badness 10000) in paragraph at lines 852--852
\OT1/cmr/m/n/12 reg-is-
 []


Underfull \hbox (badness 10000) in paragraph at lines 852--852
\OT1/cmr/m/n/12 tered
 []


Underfull \hbox (badness 10000) in paragraph at lines 852--852
\OT1/cmr/m/n/12 email
 []


Underfull \hbox (badness 10000) in paragraph at lines 852--852
\OT1/cmr/m/n/12 ad-dress
 []


Underfull \hbox (badness 10000) in paragraph at lines 852--852
\OT1/cmr/m/n/12 and
 []


Underfull \hbox (badness 10000) in paragraph at lines 852--852
\OT1/cmr/m/n/12 pass-
 []

chapter4.tex:853: Missing $ inserted.
<inserted text> 
                $
l.853 Password: “nanan_
                         58”
I've inserted a begin-math/end-math symbol since I think
you left one out. Proceed, with fingers crossed.


LaTeX Warning: Command \textquotedblright invalid in math mode on input line 853.

chapter4.tex:854: Missing $ inserted.
<inserted text> 
                $
l.854  &
         The field accepts and displays the email. The password field masks ...
I've inserted a begin-math/end-math symbol since I think
you left one out. Proceed, with fingers crossed.


Underfull \hbox (badness 10000) in paragraph at lines 852--854
[]|\OT1/cmr/m/n/12 Email Ad-
 []


Overfull \hbox (33.32686pt too wide) in paragraph at lines 852--854
\OT1/cmr/m/n/12 sheena58@gmail.com"
 []


Underfull \hbox (badness 10000) in paragraph at lines 852--854
\OT1/cmr/m/n/12 Pass-word:
 []


Underfull \hbox (badness 10000) in paragraph at lines 854--854
[]|\OT1/cmr/m/n/12 The field
 []


Underfull \hbox (badness 10000) in paragraph at lines 854--854
\OT1/cmr/m/n/12 ac-cepts
 []


Underfull \hbox (badness 10000) in paragraph at lines 854--854
\OT1/cmr/m/n/12 and dis-
 []


Underfull \hbox (badness 10000) in paragraph at lines 854--854
\OT1/cmr/m/n/12 plays the
 []


Underfull \hbox (badness 10000) in paragraph at lines 854--854
\OT1/cmr/m/n/12 pass-word
 []


Underfull \hbox (badness 10000) in paragraph at lines 854--854
\OT1/cmr/m/n/12 the in-put
 []


Underfull \hbox (badness 10000) in paragraph at lines 854--854
[]|\OT1/cmr/m/n/12 Email
 []


Underfull \hbox (badness 10000) in paragraph at lines 854--854
\OT1/cmr/m/n/12 ad-dress
 []


Underfull \hbox (badness 10000) in paragraph at lines 854--854
\OT1/cmr/m/n/12 en-tered
 []


Underfull \hbox (badness 10000) in paragraph at lines 854--854
\OT1/cmr/m/n/12 suc-cess-
 []


Underfull \hbox (badness 10000) in paragraph at lines 854--854
\OT1/cmr/m/n/12 word en-
 []


Underfull \hbox (badness 6675) in paragraph at lines 854--854
\OT1/cmr/m/n/12 tered and
 []


Underfull \hbox (badness 10000) in paragraph at lines 856--856
\OT1/cmr/m/n/12 Log In
 []


Underfull \hbox (badness 10000) in paragraph at lines 857--857
\OT1/cmr/m/n/12 val-i-dates
 []


Underfull \hbox (badness 10000) in paragraph at lines 857--857
\OT1/cmr/m/n/12 tials and
 []


Underfull \hbox (badness 10000) in paragraph at lines 857--857
\OT1/cmr/m/n/12 redi-rects
 []


Underfull \hbox (badness 10000) in paragraph at lines 857--857
[]|\OT1/cmr/m/n/12 The
 []


Underfull \hbox (badness 10000) in paragraph at lines 857--857
\OT1/cmr/m/n/12 sys-tem
 []


Underfull \hbox (badness 10000) in paragraph at lines 857--857
\OT1/cmr/m/n/12 au-then-
 []


Underfull \hbox (badness 10000) in paragraph at lines 857--857
\OT1/cmr/m/n/12 ti-cated
 []


Underfull \hbox (badness 10000) in paragraph at lines 857--857
\OT1/cmr/m/n/12 the user
 []


Underfull \hbox (badness 10000) in paragraph at lines 857--857
\OT1/cmr/m/n/12 and redi-
 []


Underfull \hbox (badness 10000) in paragraph at lines 857--857
\OT1/cmr/m/n/12 rected to
 []


Underfull \hbox (badness 4505) in paragraph at lines 857--857
\OT1/cmr/m/n/12 the Home
 []


Underfull \hbox (badness 10000) in paragraph at lines 859--859
[]|\OT1/cmr/m/n/12 Verify
 []


Underfull \hbox (badness 10000) in paragraph at lines 859--859
\OT1/cmr/m/n/12 the
 []


Underfull \hbox (badness 10000) in paragraph at lines 859--859
\OT1/cmr/m/n/12 Home
 []


Underfull \hbox (badness 10000) in paragraph at lines 859--859
\OT1/cmr/m/n/12 Screen
 []


Underfull \hbox (badness 2735) in paragraph at lines 860--860
[]|\OT1/cmr/m/n/12 The Home
 []


Underfull \hbox (badness 10000) in paragraph at lines 860--860
\OT1/cmr/m/n/12 Screen
 []


Underfull \hbox (badness 10000) in paragraph at lines 860--860
\OT1/cmr/m/n/12 should
 []


Underfull \hbox (badness 10000) in paragraph at lines 860--860
\OT1/cmr/m/n/12 dis-play
 []


Underfull \hbox (badness 10000) in paragraph at lines 860--860
\OT1/cmr/m/n/12 the main
 []


Underfull \hbox (badness 10000) in paragraph at lines 860--860
\OT1/cmr/m/n/12 Screen
 []


Overfull \hbox (1.67656pt too wide) in alignment at lines 848--862
 [] [] [] [] [] [] 
 []


chapter4.tex:862: Infinite glue shrinkage found in box being split.
<argument> Infinite shrink error above ignored ! 
                                                 
l.862 \end{longtable}
                     
The box you are \vsplitting contains some infinitely
shrinkable glue, e.g., `\vss' or `\vskip 0pt minus 1fil'.
Such glue doesn't belong there; but you can safely proceed,
since the offensive shrinkability has been made finite.


[218]
Underfull \hbox (badness 10000) in paragraph at lines 874--874
[]|\OT1/cmr/bx/n/12 Test Sce-
 []


Underfull \hbox (badness 10000) in paragraph at lines 874--874
[]|\OT1/cmr/m/n/12 Hardware Per-mis-sion
 []


Underfull \hbox (badness 10000) in paragraph at lines 874--874
\OT1/cmr/m/n/12 Han-dling - Cam-era
 []


Underfull \hbox (badness 10000) in paragraph at lines 876--876
[]|\OT1/cmr/bx/n/12 Test Case
 []


Underfull \hbox (badness 10000) in paragraph at lines 878--878
[]|\OT1/cmr/bx/n/12 Pre-
 []


Underfull \hbox (badness 4505) in paragraph at lines 878--878
[]|\OT1/cmr/m/n/12 The ap-pli-ca-tion is at
 []


Underfull \hbox (badness 1184) in paragraph at lines 878--878
\OT1/cmr/m/n/12 a stage re-quir-ing cam-
 []


Underfull \hbox (badness 10000) in paragraph at lines 878--878
[]|\OT1/cmr/bx/n/12 Post-
 []


Underfull \hbox (badness 10000) in paragraph at lines 878--878
[]|\OT1/cmr/m/n/12 Camera func-
 []


Underfull \hbox (badness 4582) in paragraph at lines 878--878
\OT1/cmr/m/n/12 tion-al-ity re-mains
 []


Overfull \hbox (2.48392pt too wide) in alignment at lines 872--882
 [] [] [] [] 
 []


Underfull \hbox (badness 10000) in paragraph at lines 888--888
[]|\OT1/cmr/bx/n/12 Expected
 []


Underfull \hbox (badness 10000) in paragraph at lines 888--888
[]|\OT1/cmr/bx/n/12 Actual
 []


Underfull \hbox (badness 2608) in paragraph at lines 888--888
[]|\OT1/cmr/bx/n/12 Test Re-
 []


Underfull \hbox (badness 10000) in paragraph at lines 890--890
[]|\OT1/cmr/m/n/12 Trigger
 []


Underfull \hbox (badness 10000) in paragraph at lines 890--890
\OT1/cmr/m/n/12 a fea-
 []


Underfull \hbox (badness 10000) in paragraph at lines 890--890
\OT1/cmr/m/n/12 ture
 []


Underfull \hbox (badness 10000) in paragraph at lines 890--890
\OT1/cmr/m/n/12 re-quir-
 []


Underfull \hbox (badness 4132) in paragraph at lines 890--890
\OT1/cmr/m/n/12 ing the
 []


Underfull \hbox (badness 10000) in paragraph at lines 890--890
\OT1/cmr/m/n/12 cam-era
 []


Underfull \hbox (badness 10000) in paragraph at lines 890--890
\OT1/cmr/m/n/12 (e.g.,
 []


Underfull \hbox (badness 10000) in paragraph at lines 890--890
\OT1/cmr/m/n/12 Up-date
 []


Underfull \hbox (badness 10000) in paragraph at lines 890--890
\OT1/cmr/m/n/12 Pro-file
 []


Underfull \hbox (badness 10000) in paragraph at lines 891--891
[]|\OT1/cmr/m/n/12 The sys-
 []


Underfull \hbox (badness 10000) in paragraph at lines 891--891
\OT1/cmr/m/n/12 tem's
 []


Underfull \hbox (badness 10000) in paragraph at lines 891--891
\OT1/cmr/m/n/12 na-tive
 []


Underfull \hbox (badness 10000) in paragraph at lines 891--891
\OT1/cmr/m/n/12 per-mis-
 []


Underfull \hbox (badness 1515) in paragraph at lines 891--891
\OT1/cmr/m/n/12 sion di-a-log
 []


Underfull \hbox (badness 10000) in paragraph at lines 891--891
\OT1/cmr/m/n/12 should
 []


Underfull \hbox (badness 10000) in paragraph at lines 891--891
[]|\OT1/cmr/m/n/12 The sys-
 []


Underfull \hbox (badness 10000) in paragraph at lines 891--891
\OT1/cmr/m/n/12 tem per-
 []


Underfull \hbox (badness 10000) in paragraph at lines 891--891
\OT1/cmr/m/n/12 mis-sion
 []


Underfull \hbox (badness 10000) in paragraph at lines 893--893
[]|\OT1/cmr/m/n/12 Select
 []


Underfull \hbox (badness 10000) in paragraph at lines 893--893
\OT1/cmr/m/n/12 the
 []


Underfull \hbox (badness 10000) in paragraph at lines 893--893
\OT1/cmr/m/n/12 "Don't
 []


Underfull \hbox (badness 10000) in paragraph at lines 893--893
\OT1/cmr/m/n/12 Al-
 []


Underfull \hbox (badness 1810) in paragraph at lines 893--893
\OT1/cmr/m/n/12 low" or
 []


Underfull \hbox (badness 10000) in paragraph at lines 893--893
\OT1/cmr/m/n/12 "Never
 []


Underfull \hbox (badness 10000) in paragraph at lines 893--893
\OT1/cmr/m/n/12 Al-low"
 []


Underfull \hbox (badness 10000) in paragraph at lines 894--894
[]|\OT1/cmr/m/n/12 The ap-
 []


Underfull \hbox (badness 10000) in paragraph at lines 894--894
\OT1/cmr/m/n/12 pli-ca-tion
 []


Underfull \hbox (badness 10000) in paragraph at lines 894--894
\OT1/cmr/m/n/12 should
 []


Underfull \hbox (badness 10000) in paragraph at lines 894--894
\OT1/cmr/m/n/12 in-ter-cept
 []


Underfull \hbox (badness 10000) in paragraph at lines 894--894
\OT1/cmr/m/n/12 the de-nial
 []


Underfull \hbox (badness 10000) in paragraph at lines 894--894
\OT1/cmr/m/n/12 a jus-ti-
 []


Underfull \hbox (badness 10000) in paragraph at lines 894--894
\OT1/cmr/m/n/12 fi-ca-tion
 []


Underfull \hbox (badness 10000) in paragraph at lines 894--894
[]|\OT1/cmr/m/n/12 The ap-
 []


Underfull \hbox (badness 10000) in paragraph at lines 894--894
\OT1/cmr/m/n/12 pli-ca-tion
 []


Underfull \hbox (badness 10000) in paragraph at lines 894--894
\OT1/cmr/m/n/12 de-tected
 []


Underfull \hbox (badness 2856) in paragraph at lines 894--894
\OT1/cmr/m/n/12 the de-nial
 []


Underfull \hbox (badness 1946) in paragraph at lines 894--894
\OT1/cmr/m/n/12 of per-mis-
 []


Underfull \hbox (badness 10000) in paragraph at lines 896--896
[]|\OT1/cmr/m/n/12 Observe
 []


Underfull \hbox (badness 10000) in paragraph at lines 896--896
\OT1/cmr/m/n/12 the
 []


Underfull \hbox (badness 10000) in paragraph at lines 896--896
\OT1/cmr/m/n/12 ap-pli-
 []


Underfull \hbox (badness 10000) in paragraph at lines 896--896
\OT1/cmr/m/n/12 ca-tion's
 []


Underfull \hbox (badness 10000) in paragraph at lines 896--896
\OT1/cmr/m/n/12 feed-
 []


Underfull \hbox (badness 10000) in paragraph at lines 896--896
\OT1/cmr/m/n/12 back
 []


Underfull \hbox (badness 10000) in paragraph at lines 896--896
\OT1/cmr/m/n/12 mes-
 []


Underfull \hbox (badness 10000) in paragraph at lines 897--897
[]|\OT1/cmr/m/n/12 An er-ror
 []


Underfull \hbox (badness 10000) in paragraph at lines 897--897
\OT1/cmr/m/n/12 mes-sage:
 []


Underfull \hbox (badness 10000) in paragraph at lines 897--897
\OT1/cmr/m/n/12 "Could
 []


Underfull \hbox (badness 6944) in paragraph at lines 897--897
\OT1/cmr/m/n/12 not ac-cess
 []


Underfull \hbox (badness 10000) in paragraph at lines 897--897
\OT1/cmr/m/n/12 cam-era.
 []


Underfull \hbox (badness 10000) in paragraph at lines 897--897
\OT1/cmr/m/n/12 Please al-
 []


Underfull \hbox (badness 10000) in paragraph at lines 897--897
\OT1/cmr/m/n/12 per-mis-
 []


Underfull \hbox (badness 10000) in paragraph at lines 897--897
\OT1/cmr/m/n/12 sion"
 []


Underfull \hbox (badness 10000) in paragraph at lines 897--897
\OT1/cmr/m/n/12 should be
 []


Underfull \hbox (badness 6675) in paragraph at lines 897--897
[]|\OT1/cmr/m/n/12 The er-ror
 []


Underfull \hbox (badness 10000) in paragraph at lines 897--897
\OT1/cmr/m/n/12 mes-sage
 []


Underfull \hbox (badness 10000) in paragraph at lines 897--897
\OT1/cmr/m/n/12 was dis-
 []


Underfull \hbox (badness 10000) in paragraph at lines 897--897
\OT1/cmr/m/n/12 played as
 []


Underfull \hbox (badness 10000) in paragraph at lines 897--897
\OT1/cmr/m/n/12 ex-pected,
 []


Underfull \hbox (badness 10000) in paragraph at lines 897--897
\OT1/cmr/m/n/12 and the
 []


Underfull \hbox (badness 10000) in paragraph at lines 897--897
\OT1/cmr/m/n/12 fea-ture
 []


Underfull \hbox (badness 10000) in paragraph at lines 897--897
\OT1/cmr/m/n/12 was dis-
 []


Overfull \hbox (1.67656pt too wide) in alignment at lines 886--899
 [] [] [] [] [] [] 
 []


chapter4.tex:899: Infinite glue shrinkage found in box being split.
<argument> Infinite shrink error above ignored ! 
                                                 
l.899 \end{longtable}
                     
The box you are \vsplitting contains some infinitely
shrinkable glue, e.g., `\vss' or `\vskip 0pt minus 1fil'.
Such glue doesn't belong there; but you can safely proceed,
since the offensive shrinkability has been made finite.


[219]
Underfull \hbox (badness 10000) in paragraph at lines 912--912
[]|\OT1/cmr/bx/n/12 Test Sce-
 []


Underfull \hbox (badness 10000) in paragraph at lines 914--914
[]|\OT1/cmr/bx/n/12 Test Case
 []


Underfull \hbox (badness 1484) in paragraph at lines 914--914
\OT1/cmr/m/n/12 cap-tured im-age to the
 []


Underfull \hbox (badness 10000) in paragraph at lines 916--916
[]|\OT1/cmr/bx/n/12 Pre-
 []


Underfull \hbox (badness 3354) in paragraph at lines 916--916
[]|\OT1/cmr/m/n/12 The ap-pli-ca-tion is on
 []


Underfull \hbox (badness 2856) in paragraph at lines 916--916
\OT1/cmr/m/n/12 cam-era per-mis-sion has
 []


Underfull \hbox (badness 10000) in paragraph at lines 916--916
[]|\OT1/cmr/bx/n/12 Post-
 []


Underfull \hbox (badness 3826) in paragraph at lines 916--916
\OT1/cmr/m/n/12 is up-dated with
 []


Overfull \hbox (2.48392pt too wide) in alignment at lines 910--920
 [] [] [] [] 
 []


chapter4.tex:920: Infinite glue shrinkage found in box being split.
<argument> Infinite shrink error above ignored ! 
                                                 
l.920 \end{longtable}
                     
The box you are \vsplitting contains some infinitely
shrinkable glue, e.g., `\vss' or `\vskip 0pt minus 1fil'.
Such glue doesn't belong there; but you can safely proceed,
since the offensive shrinkability has been made finite.


[220]
Underfull \hbox (badness 10000) in paragraph at lines 926--926
[]|\OT1/cmr/bx/n/12 Expected
 []


Underfull \hbox (badness 10000) in paragraph at lines 926--926
[]|\OT1/cmr/bx/n/12 Actual
 []


Underfull \hbox (badness 2608) in paragraph at lines 926--926
[]|\OT1/cmr/bx/n/12 Test Re-
 []


Underfull \hbox (badness 10000) in paragraph at lines 928--928
[]|\OT1/cmr/m/n/12 Trigger
 []


Underfull \hbox (badness 10000) in paragraph at lines 928--928
\OT1/cmr/m/n/12 the
 []


Underfull \hbox (badness 10000) in paragraph at lines 928--928
\OT1/cmr/m/n/12 cam-era
 []


Underfull \hbox (badness 10000) in paragraph at lines 928--928
\OT1/cmr/m/n/12 func-tion
 []


Underfull \hbox (badness 10000) in paragraph at lines 928--928
\OT1/cmr/m/n/12 to up-
 []


Underfull \hbox (badness 10000) in paragraph at lines 928--928
\OT1/cmr/m/n/12 pro-file
 []


Underfull \hbox (badness 10000) in paragraph at lines 929--929
[]|\OT1/cmr/m/n/12 The sys-
 []


Underfull \hbox (badness 10000) in paragraph at lines 929--929
\OT1/cmr/m/n/12 tem's
 []


Underfull \hbox (badness 10000) in paragraph at lines 929--929
\OT1/cmr/m/n/12 na-tive
 []


Underfull \hbox (badness 10000) in paragraph at lines 929--929
\OT1/cmr/m/n/12 per-mis-
 []


Underfull \hbox (badness 1515) in paragraph at lines 929--929
\OT1/cmr/m/n/12 sion di-a-log
 []


Underfull \hbox (badness 10000) in paragraph at lines 929--929
\OT1/cmr/m/n/12 should
 []


Underfull \hbox (badness 10000) in paragraph at lines 929--929
[]|\OT1/cmr/m/n/12 Permission
 []


Underfull \hbox (badness 10000) in paragraph at lines 929--929
\OT1/cmr/m/n/12 di-a-log
 []


Underfull \hbox (badness 10000) in paragraph at lines 931--931
[]|\OT1/cmr/m/n/12 Select
 []


Underfull \hbox (badness 1810) in paragraph at lines 931--931
\OT1/cmr/m/n/12 low" or
 []


Underfull \hbox (badness 10000) in paragraph at lines 931--931
\OT1/cmr/m/n/12 "While
 []


Underfull \hbox (badness 10000) in paragraph at lines 931--931
\OT1/cmr/m/n/12 Us-ing
 []


Underfull \hbox (badness 10000) in paragraph at lines 931--931
\OT1/cmr/m/n/12 the
 []


Underfull \hbox (badness 10000) in paragraph at lines 931--931
\OT1/cmr/m/n/12 App"
 []


Underfull \hbox (badness 10000) in paragraph at lines 932--932
\OT1/cmr/m/n/12 in-ter-face
 []


Underfull \hbox (badness 10000) in paragraph at lines 932--932
\OT1/cmr/m/n/12 should
 []


Underfull \hbox (badness 10000) in paragraph at lines 932--932
[]|\OT1/cmr/m/n/12 The
 []


Underfull \hbox (badness 10000) in paragraph at lines 932--932
\OT1/cmr/m/n/12 cam-era
 []


Underfull \hbox (badness 10000) in paragraph at lines 932--932
\OT1/cmr/m/n/12 viewfinder
 []


Underfull \hbox (badness 10000) in paragraph at lines 932--932
\OT1/cmr/m/n/12 opened
 []


Underfull \hbox (badness 10000) in paragraph at lines 932--932
\OT1/cmr/m/n/12 with-out
 []


Underfull \hbox (badness 10000) in paragraph at lines 934--934
[]|\OT1/cmr/m/n/12 Capture
 []


Underfull \hbox (badness 10000) in paragraph at lines 934--934
\OT1/cmr/m/n/12 and
 []


Underfull \hbox (badness 10000) in paragraph at lines 934--934
\OT1/cmr/m/n/12 con-firm
 []


Underfull \hbox (badness 10000) in paragraph at lines 934--934
\OT1/cmr/m/n/12 the se-
 []


Underfull \hbox (badness 2096) in paragraph at lines 934--935
[]|\OT1/cmr/m/n/12 \Tap to Cap-
 []


Underfull \hbox (badness 2293) in paragraph at lines 935--935
[]|\OT1/cmr/m/n/12 The im-age
 []


Underfull \hbox (badness 10000) in paragraph at lines 935--935
\OT1/cmr/m/n/12 should be
 []


Underfull \hbox (badness 10000) in paragraph at lines 935--935
\OT1/cmr/m/n/12 pro-cessed
 []


Underfull \hbox (badness 10000) in paragraph at lines 935--935
\OT1/cmr/m/n/12 and dis-
 []


Underfull \hbox (badness 10000) in paragraph at lines 935--935
\OT1/cmr/m/n/12 played as
 []


Underfull \hbox (badness 10000) in paragraph at lines 935--935
\OT1/cmr/m/n/12 the new
 []


Underfull \hbox (badness 10000) in paragraph at lines 935--935
\OT1/cmr/m/n/12 pro-file
 []


Underfull \hbox (badness 10000) in paragraph at lines 935--935
\OT1/cmr/m/n/12 was cap-
 []


Underfull \hbox (badness 10000) in paragraph at lines 935--935
\OT1/cmr/m/n/12 tured
 []


Underfull \hbox (badness 10000) in paragraph at lines 935--935
\OT1/cmr/m/n/12 and suc-
 []


Underfull \hbox (badness 10000) in paragraph at lines 935--935
\OT1/cmr/m/n/12 cess-fully
 []


Underfull \hbox (badness 10000) in paragraph at lines 935--935
\OT1/cmr/m/n/12 dis-played
 []


Underfull \hbox (badness 10000) in paragraph at lines 935--935
\OT1/cmr/m/n/12 on the
 []


Underfull \hbox (badness 10000) in paragraph at lines 937--937
\OT1/cmr/m/n/12 pro-file
 []


Underfull \hbox (badness 10000) in paragraph at lines 938--938
\OT1/cmr/m/n/12 firm that
 []


Underfull \hbox (badness 5667) in paragraph at lines 938--938
\OT1/cmr/m/n/12 the pro-file
 []


Underfull \hbox (badness 10000) in paragraph at lines 938--938
\OT1/cmr/m/n/12 in-for-ma-tion
 []


Underfull \hbox (badness 5667) in paragraph at lines 938--938
\OT1/cmr/m/n/12 and photo
 []


Underfull \hbox (badness 2726) in paragraph at lines 938--938
\OT1/cmr/m/n/12 were au-to-
 []


Underfull \hbox (badness 10000) in paragraph at lines 938--938
\OT1/cmr/m/n/12 mat-i-cally
 []


Underfull \hbox (badness 10000) in paragraph at lines 938--938
[]|\OT1/cmr/m/n/12 Edited
 []


Underfull \hbox (badness 10000) in paragraph at lines 938--938
\OT1/cmr/m/n/12 per-sonal
 []


Underfull \hbox (badness 10000) in paragraph at lines 938--938
\OT1/cmr/m/n/12 in-for-ma-
 []


Underfull \hbox (badness 10000) in paragraph at lines 938--938
\OT1/cmr/m/n/12 tion and
 []


Underfull \hbox (badness 10000) in paragraph at lines 938--938
\OT1/cmr/m/n/12 the new
 []


Underfull \hbox (badness 10000) in paragraph at lines 938--938
\OT1/cmr/m/n/12 pro-file
 []


Underfull \hbox (badness 10000) in paragraph at lines 938--938
\OT1/cmr/m/n/12 au-to-mat-i-
 []


Underfull \hbox (badness 10000) in paragraph at lines 938--938
\OT1/cmr/m/n/12 suc-cess-
 []


Overfull \hbox (1.67656pt too wide) in alignment at lines 924--940
 [] [] [] [] [] [] 
 []


chapter4.tex:940: Infinite glue shrinkage found in box being split.
<argument> Infinite shrink error above ignored ! 
                                                 
l.940 \end{longtable}
                     
The box you are \vsplitting contains some infinitely
shrinkable glue, e.g., `\vss' or `\vskip 0pt minus 1fil'.
Such glue doesn't belong there; but you can safely proceed,
since the offensive shrinkability has been made finite.


[221]
Underfull \hbox (badness 10000) in paragraph at lines 952--952
[]|\OT1/cmr/bx/n/12 Test Sce-
 []


Underfull \hbox (badness 4531) in paragraph at lines 952--952
[]|\OT1/cmr/m/n/12 Image Re-capture and
 []


Underfull \hbox (badness 10000) in paragraph at lines 954--954
[]|\OT1/cmr/bx/n/12 Test Case
 []


Underfull \hbox (badness 3049) in paragraph at lines 954--954
[]|\OT1/cmr/m/n/12 Verify that the ap-pli-
 []


Underfull \hbox (badness 2173) in paragraph at lines 954--954
\OT1/cmr/m/n/12 dur-ing a photo re-take
 []


Underfull \hbox (badness 1675) in paragraph at lines 954--954
\OT1/cmr/m/n/12 and that the re-sult-ing
 []


Underfull \hbox (badness 10000) in paragraph at lines 956--956
[]|\OT1/cmr/bx/n/12 Pre-
 []


Underfull \hbox (badness 1097) in paragraph at lines 956--956
[]|\OT1/cmr/m/n/12 Camera per-mis-sion has
 []


Underfull \hbox (badness 3078) in paragraph at lines 956--956
\OT1/cmr/m/n/12 been granted; user is
 []


Underfull \hbox (badness 10000) in paragraph at lines 956--956
[]|\OT1/cmr/bx/n/12 Post-
 []


Underfull \hbox (badness 10000) in paragraph at lines 956--956
[]|\OT1/cmr/m/n/12 The ex-ist-ing
 []


Underfull \hbox (badness 7888) in paragraph at lines 956--956
\OT1/cmr/m/n/12 pro-file photo is
 []


Underfull \hbox (badness 10000) in paragraph at lines 956--956
\OT1/cmr/m/n/12 over-writ-ten by
 []


Underfull \hbox (badness 10000) in paragraph at lines 956--956
\OT1/cmr/m/n/12 the new im-age
 []


Underfull \hbox (badness 10000) in paragraph at lines 956--956
\OT1/cmr/m/n/12 in the cloud
 []


Overfull \hbox (2.48392pt too wide) in alignment at lines 950--960
 [] [] [] [] 
 []


chapter4.tex:960: Infinite glue shrinkage found in box being split.
<argument> Infinite shrink error above ignored ! 
                                                 
l.960 \end{longtable}
                     
The box you are \vsplitting contains some infinitely
shrinkable glue, e.g., `\vss' or `\vskip 0pt minus 1fil'.
Such glue doesn't belong there; but you can safely proceed,
since the offensive shrinkability has been made finite.


[222]
Underfull \hbox (badness 10000) in paragraph at lines 966--966
[]|\OT1/cmr/bx/n/12 Expected
 []


Underfull \hbox (badness 10000) in paragraph at lines 966--966
[]|\OT1/cmr/bx/n/12 Actual
 []


Underfull \hbox (badness 2608) in paragraph at lines 966--966
[]|\OT1/cmr/bx/n/12 Test Re-
 []


Underfull \hbox (badness 10000) in paragraph at lines 968--968
[]|\OT1/cmr/m/n/12 Initiate
 []


Underfull \hbox (badness 10000) in paragraph at lines 968--968
\OT1/cmr/m/n/12 the
 []


Underfull \hbox (badness 10000) in paragraph at lines 968--968
\OT1/cmr/m/n/12 "Re-
 []


Underfull \hbox (badness 10000) in paragraph at lines 968--968
\OT1/cmr/m/n/12 take"
 []


Underfull \hbox (badness 10000) in paragraph at lines 968--968
\OT1/cmr/m/n/12 Pro-file
 []


Underfull \hbox (badness 10000) in paragraph at lines 968--968
\OT1/cmr/m/n/12 Photo
 []


Underfull \hbox (badness 10000) in paragraph at lines 969--969
\OT1/cmr/m/n/12 in-ter-face
 []


Underfull \hbox (badness 10000) in paragraph at lines 969--969
\OT1/cmr/m/n/12 should
 []


Underfull \hbox (badness 8189) in paragraph at lines 969--969
\OT1/cmr/m/n/12 open with
 []


Underfull \hbox (badness 10000) in paragraph at lines 969--969
\OT1/cmr/m/n/12 a cir-cu-
 []


Underfull \hbox (badness 10000) in paragraph at lines 969--969
\OT1/cmr/m/n/12 lar guide
 []


Underfull \hbox (badness 10000) in paragraph at lines 969--969
\OT1/cmr/m/n/12 and the
 []


Underfull \hbox (badness 10000) in paragraph at lines 969--969
\OT1/cmr/m/n/12 mes-sage
 []


Underfull \hbox (badness 10000) in paragraph at lines 969--969
\OT1/cmr/m/n/12 "Po-si-tion
 []


Underfull \hbox (badness 10000) in paragraph at lines 969--969
\OT1/cmr/m/n/12 your face
 []


Underfull \hbox (badness 10000) in paragraph at lines 969--969
\OT1/cmr/m/n/12 in-side the
 []


Underfull \hbox (badness 6675) in paragraph at lines 969--969
[]|\OT1/cmr/m/n/12 The cam-
 []


Underfull \hbox (badness 10000) in paragraph at lines 969--969
\OT1/cmr/m/n/12 era in-
 []


Underfull \hbox (badness 10000) in paragraph at lines 969--969
\OT1/cmr/m/n/12 ter-face
 []


Underfull \hbox (badness 2020) in paragraph at lines 969--969
\OT1/cmr/m/n/12 and cir-cu-
 []


Underfull \hbox (badness 10000) in paragraph at lines 969--969
\OT1/cmr/m/n/12 lar guide
 []


Underfull \hbox (badness 10000) in paragraph at lines 969--969
\OT1/cmr/m/n/12 loaded
 []


Underfull \hbox (badness 10000) in paragraph at lines 969--969
\OT1/cmr/m/n/12 with the
 []


Underfull \hbox (badness 10000) in paragraph at lines 969--969
\OT1/cmr/m/n/12 prompt
 []


Underfull \hbox (badness 10000) in paragraph at lines 969--969
\OT1/cmr/m/n/12 "Wait-ing
 []


Underfull \hbox (badness 10000) in paragraph at lines 971--971
[]|\OT1/cmr/m/n/12 Align
 []


Underfull \hbox (badness 10000) in paragraph at lines 971--971
\OT1/cmr/m/n/12 face
 []


Underfull \hbox (badness 10000) in paragraph at lines 971--971
\OT1/cmr/m/n/12 within
 []


Underfull \hbox (badness 10000) in paragraph at lines 971--971
\OT1/cmr/m/n/12 ig-nated
 []


Underfull \hbox (badness 10000) in paragraph at lines 971--971
\OT1/cmr/m/n/12 cir-cu-lar
 []


Underfull \hbox (badness 10000) in paragraph at lines 972--972
\OT1/cmr/m/n/12 should
 []


Underfull \hbox (badness 7273) in paragraph at lines 972--972
\OT1/cmr/m/n/12 de-tect the
 []


Underfull \hbox (badness 10000) in paragraph at lines 972--972
\OT1/cmr/m/n/12 face and
 []


Underfull \hbox (badness 10000) in paragraph at lines 972--972
\OT1/cmr/m/n/12 change
 []


Underfull \hbox (badness 10000) in paragraph at lines 972--972
\OT1/cmr/m/n/12 the sta-
 []


Underfull \hbox (badness 10000) in paragraph at lines 972--972
\OT1/cmr/m/n/12 tus/button
 []


Underfull \hbox (badness 10000) in paragraph at lines 972--972
[]|\OT1/cmr/m/n/12 Face was
 []


Underfull \hbox (badness 10000) in paragraph at lines 972--972
\OT1/cmr/m/n/12 de-tected;
 []


Underfull \hbox (badness 10000) in paragraph at lines 972--972
\OT1/cmr/m/n/12 the "Tap
 []


Underfull \hbox (badness 10000) in paragraph at lines 972--972
\OT1/cmr/m/n/12 to cap-
 []


Underfull \hbox (badness 10000) in paragraph at lines 972--972
\OT1/cmr/m/n/12 ture"
 []


Underfull \hbox (badness 10000) in paragraph at lines 972--972
\OT1/cmr/m/n/12 but-ton
 []


Underfull \hbox (badness 10000) in paragraph at lines 972--972
\OT1/cmr/m/n/12 be-came
 []


Underfull \hbox (badness 10000) in paragraph at lines 974--974
[]|\OT1/cmr/m/n/12 Click
 []


Underfull \hbox (badness 10000) in paragraph at lines 974--974
\OT1/cmr/m/n/12 the
 []


Underfull \hbox (badness 10000) in paragraph at lines 974--974
\OT1/cmr/m/n/12 cap-ture
 []


Underfull \hbox (badness 10000) in paragraph at lines 974--974
\OT1/cmr/m/n/12 but-ton
 []


Underfull \hbox (badness 10000) in paragraph at lines 974--974
\OT1/cmr/m/n/12 to re-
 []


Underfull \hbox (badness 3199) in paragraph at lines 975--975
[]|\OT1/cmr/m/n/12 The photo
 []


Underfull \hbox (badness 10000) in paragraph at lines 975--975
\OT1/cmr/m/n/12 should be
 []


Underfull \hbox (badness 10000) in paragraph at lines 975--975
\OT1/cmr/m/n/12 cap-tured,
 []


Underfull \hbox (badness 10000) in paragraph at lines 975--975
\OT1/cmr/m/n/12 and an
 []


Underfull \hbox (badness 10000) in paragraph at lines 975--975
\OT1/cmr/m/n/12 "Up-load-
 []


Underfull \hbox (badness 10000) in paragraph at lines 975--975
\OT1/cmr/m/n/12 should be
 []


Underfull \hbox (badness 5893) in paragraph at lines 975--975
[]|\OT1/cmr/m/n/12 The "Up-
 []


Underfull \hbox (badness 10000) in paragraph at lines 975--975
\OT1/cmr/m/n/12 load-ing"
 []


Underfull \hbox (badness 10000) in paragraph at lines 975--975
\OT1/cmr/m/n/12 mes-sage
 []


Underfull \hbox (badness 10000) in paragraph at lines 975--975
\OT1/cmr/m/n/12 ap-peared
 []


Underfull \hbox (badness 10000) in paragraph at lines 975--975
\OT1/cmr/m/n/12 im-me-di-
 []


Underfull \hbox (badness 10000) in paragraph at lines 977--977
[]|\OT1/cmr/m/n/12 Observe
 []


Underfull \hbox (badness 10000) in paragraph at lines 977--977
\OT1/cmr/m/n/12 the
 []


Underfull \hbox (badness 10000) in paragraph at lines 977--977
\OT1/cmr/m/n/12 fi-nal-
 []


Underfull \hbox (badness 10000) in paragraph at lines 977--977
\OT1/cmr/m/n/12 iza-tion
 []


Underfull \hbox (badness 10000) in paragraph at lines 977--977
\OT1/cmr/m/n/12 of the
 []


Underfull \hbox (badness 2293) in paragraph at lines 978--978
[]|\OT1/cmr/m/n/12 The im-age
 []


Underfull \hbox (badness 10000) in paragraph at lines 978--978
\OT1/cmr/m/n/12 should be
 []


Underfull \hbox (badness 10000) in paragraph at lines 978--978
\OT1/cmr/m/n/12 suc-cess-fully
 []


Underfull \hbox (badness 10000) in paragraph at lines 978--978
\OT1/cmr/m/n/12 saved to
 []


Underfull \hbox (badness 10000) in paragraph at lines 978--978
\OT1/cmr/m/n/12 was cap-
 []


Underfull \hbox (badness 10000) in paragraph at lines 978--978
\OT1/cmr/m/n/12 tured
 []


Underfull \hbox (badness 10000) in paragraph at lines 978--978
\OT1/cmr/m/n/12 and suc-
 []


Underfull \hbox (badness 10000) in paragraph at lines 978--978
\OT1/cmr/m/n/12 cess-fully
 []


Underfull \hbox (badness 10000) in paragraph at lines 978--978
\OT1/cmr/m/n/12 up-loaded
 []


Overfull \hbox (1.67656pt too wide) in alignment at lines 964--980
 [] [] [] [] [] [] 
 []


chapter4.tex:980: Infinite glue shrinkage found in box being split.
<argument> Infinite shrink error above ignored ! 
                                                 
l.980 \end{longtable}
                     
The box you are \vsplitting contains some infinitely
shrinkable glue, e.g., `\vss' or `\vskip 0pt minus 1fil'.
Such glue doesn't belong there; but you can safely proceed,
since the offensive shrinkability has been made finite.


[223]
Underfull \hbox (badness 10000) in paragraph at lines 993--993
[]|\OT1/cmr/bx/n/12 Test Sce-
 []


Underfull \hbox (badness 2538) in paragraph at lines 993--993
[]|\OT1/cmr/m/n/12 Portable Power Source
 []


Underfull \hbox (badness 10000) in paragraph at lines 995--995
[]|\OT1/cmr/bx/n/12 Test Case
 []


Underfull \hbox (badness 1102) in paragraph at lines 995--995
\OT1/cmr/m/n/12 tion and real-time slot
 []


Underfull \hbox (badness 10000) in paragraph at lines 997--997
[]|\OT1/cmr/bx/n/12 Pre-
 []


Underfull \hbox (badness 10000) in paragraph at lines 997--997
[]|\OT1/cmr/m/n/12 User is au-then-ti-cated
 []


Underfull \hbox (badness 10000) in paragraph at lines 997--997
[]|\OT1/cmr/bx/n/12 Post-
 []


Underfull \hbox (badness 10000) in paragraph at lines 997--997
[]|\OT1/cmr/m/n/12 Slot Avail-abil-ity
 []


Overfull \hbox (2.48392pt too wide) in alignment at lines 991--1001
 [] [] [] [] 
 []


Underfull \hbox (badness 10000) in paragraph at lines 1007--1007
[]|\OT1/cmr/bx/n/12 Expected
 []


Underfull \hbox (badness 10000) in paragraph at lines 1007--1007
[]|\OT1/cmr/bx/n/12 Actual
 []


Underfull \hbox (badness 2608) in paragraph at lines 1007--1007
[]|\OT1/cmr/bx/n/12 Test Re-
 []


Underfull \hbox (badness 10000) in paragraph at lines 1009--1009
[]|\OT1/cmr/m/n/12 Enter
 []


Underfull \hbox (badness 1990) in paragraph at lines 1009--1009
\OT1/cmr/m/n/12 tion ID
 []


Underfull \hbox (badness 10000) in paragraph at lines 1009--1009
\OT1/cmr/m/n/12 in the
 []


Underfull \hbox (badness 10000) in paragraph at lines 1009--1009
\OT1/cmr/m/n/12 search
 []


Underfull \hbox (badness 10000) in paragraph at lines 1009--1010
[]|\OT1/cmr/m/n/12 Enter Sta-tion
 []


Underfull \hbox (badness 10000) in paragraph at lines 1010--1010
[]|\OT1/cmr/m/n/12 System
 []


Underfull \hbox (badness 10000) in paragraph at lines 1010--1010
\OT1/cmr/m/n/12 ac-cepts
 []


Underfull \hbox (badness 10000) in paragraph at lines 1010--1010
\OT1/cmr/m/n/12 ID and
 []


Underfull \hbox (badness 10000) in paragraph at lines 1010--1010
\OT1/cmr/m/n/12 ini-ti-ates
 []


Underfull \hbox (badness 10000) in paragraph at lines 1010--1010
\OT1/cmr/m/n/12 a load-ing
 []


Underfull \hbox (badness 10000) in paragraph at lines 1010--1010
[]|\OT1/cmr/m/n/12 Station
 []


Underfull \hbox (badness 10000) in paragraph at lines 1010--1010
\OT1/cmr/m/n/12 ID was
 []


Underfull \hbox (badness 10000) in paragraph at lines 1010--1010
\OT1/cmr/m/n/12 ac-cepted;
 []


Underfull \hbox (badness 10000) in paragraph at lines 1010--1010
\OT1/cmr/m/n/12 "Load-ing
 []


Underfull \hbox (badness 10000) in paragraph at lines 1010--1010
\OT1/cmr/m/n/12 Sta-tion"
 []


Underfull \hbox (badness 10000) in paragraph at lines 1010--1010
\OT1/cmr/m/n/12 mes-sage
 []


Underfull \hbox (badness 10000) in paragraph at lines 1012--1012
[]|\OT1/cmr/m/n/12 Observe
 []


Underfull \hbox (badness 10000) in paragraph at lines 1012--1012
\OT1/cmr/m/n/12 Avail-
 []


Underfull \hbox (badness 10000) in paragraph at lines 1012--1012
\OT1/cmr/m/n/12 abil-ity
 []


Underfull \hbox (badness 10000) in paragraph at lines 1013--1013
[]|\OT1/cmr/m/n/12 The tab
 []


Underfull \hbox (badness 10000) in paragraph at lines 1013--1013
\OT1/cmr/m/n/12 a list of
 []


Underfull \hbox (badness 10000) in paragraph at lines 1013--1013
\OT1/cmr/m/n/12 avail-able
 []


Underfull \hbox (badness 10000) in paragraph at lines 1013--1013
\OT1/cmr/m/n/12 loaded
 []


Underfull \hbox (badness 10000) in paragraph at lines 1013--1013
\OT1/cmr/m/n/12 with
 []


Underfull \hbox (badness 10000) in paragraph at lines 1013--1013
\OT1/cmr/m/n/12 cur-rent
 []


Underfull \hbox (badness 10000) in paragraph at lines 1013--1013
\OT1/cmr/m/n/12 avail-able
 []


Underfull \hbox (badness 10000) in paragraph at lines 1013--1013
\OT1/cmr/m/n/12 slots as
 []


Overfull \hbox (1.67656pt too wide) in alignment at lines 1005--1015
 [] [] [] [] [] [] 
 []


chapter4.tex:1015: Infinite glue shrinkage found in box being split.
<argument> Infinite shrink error above ignored ! 
                                                 
l.1015 \end{longtable}
                      
The box you are \vsplitting contains some infinitely
shrinkable glue, e.g., `\vss' or `\vskip 0pt minus 1fil'.
Such glue doesn't belong there; but you can safely proceed,
since the offensive shrinkability has been made finite.


[224]
Underfull \hbox (badness 10000) in paragraph at lines 1027--1027
[]|\OT1/cmr/bx/n/12 Test Sce-
 []


Underfull \hbox (badness 2538) in paragraph at lines 1027--1027
[]|\OT1/cmr/m/n/12 Portable Power Source
 []


Underfull \hbox (badness 10000) in paragraph at lines 1029--1029
[]|\OT1/cmr/bx/n/12 Test Case
 []


Underfull \hbox (badness 1102) in paragraph at lines 1029--1029
\OT1/cmr/m/n/12 tion and real-time slot
 []


Underfull \hbox (badness 10000) in paragraph at lines 1031--1031
[]|\OT1/cmr/bx/n/12 Pre-
 []


Underfull \hbox (badness 8000) in paragraph at lines 1031--1031
\OT1/cmr/m/n/12 tails of the Portable
 []


Underfull \hbox (badness 2326) in paragraph at lines 1031--1031
\OT1/cmr/m/n/12 Power Source (Bat-tery
 []


Underfull \hbox (badness 1796) in paragraph at lines 1031--1031
\OT1/cmr/m/n/12 Per-cent-age, Price, and
 []


Underfull \hbox (badness 10000) in paragraph at lines 1031--1031
[]|\OT1/cmr/bx/n/12 Post-
 []


Underfull \hbox (badness 4981) in paragraph at lines 1031--1031
\OT1/cmr/m/n/12 cific Slot De-tail
 []


Overfull \hbox (2.48392pt too wide) in alignment at lines 1025--1035
 [] [] [] [] 
 []


Underfull \hbox (badness 10000) in paragraph at lines 1041--1041
[]|\OT1/cmr/bx/n/12 Expected
 []


Underfull \hbox (badness 10000) in paragraph at lines 1041--1041
[]|\OT1/cmr/bx/n/12 Actual
 []


Underfull \hbox (badness 2608) in paragraph at lines 1041--1041
[]|\OT1/cmr/bx/n/12 Test Re-
 []


Underfull \hbox (badness 10000) in paragraph at lines 1043--1043
[]|\OT1/cmr/m/n/12 Select
 []


Underfull \hbox (badness 10000) in paragraph at lines 1043--1043
\OT1/cmr/m/n/12 an
 []


Underfull \hbox (badness 10000) in paragraph at lines 1043--1043
\OT1/cmr/m/n/12 avail-
 []


Underfull \hbox (badness 10000) in paragraph at lines 1043--1043
\OT1/cmr/m/n/12 able
 []


Underfull \hbox (badness 10000) in paragraph at lines 1043--1043
\OT1/cmr/m/n/12 (un-
 []


Underfull \hbox (badness 10000) in paragraph at lines 1043--1043
\OT1/cmr/m/n/12 rented)
 []


Underfull \hbox (badness 3098) in paragraph at lines 1044--1044
\OT1/cmr/m/n/12 the de-tails
 []


Underfull \hbox (badness 10000) in paragraph at lines 1044--1044
\OT1/cmr/m/n/12 se-lected
 []


Overfull \hbox (3.93275pt too wide) in paragraph at lines 1044--1044
[]|\OT1/cmr/m/n/12 Successfully
 []


Underfull \hbox (badness 10000) in paragraph at lines 1044--1044
\OT1/cmr/m/n/12 nav-i-gated
 []


Underfull \hbox (badness 10000) in paragraph at lines 1044--1044
\OT1/cmr/m/n/12 to the
 []


Underfull \hbox (badness 10000) in paragraph at lines 1044--1044
\OT1/cmr/m/n/12 se-lected
 []


Underfull \hbox (badness 10000) in paragraph at lines 1044--1044
\OT1/cmr/m/n/12 slot's
 []


Underfull \hbox (badness 10000) in paragraph at lines 1046--1046
[]|\OT1/cmr/m/n/12 Review
 []


Overfull \hbox (0.89127pt too wide) in paragraph at lines 1046--1046
\OT1/cmr/m/n/12 Portable
 []


Underfull \hbox (badness 10000) in paragraph at lines 1046--1046
\OT1/cmr/m/n/12 Power
 []


Underfull \hbox (badness 10000) in paragraph at lines 1046--1046
\OT1/cmr/m/n/12 Source
 []


Underfull \hbox (badness 10000) in paragraph at lines 1047--1047
[]|\OT1/cmr/m/n/12 Display
 []


Underfull \hbox (badness 10000) in paragraph at lines 1047--1047
\OT1/cmr/m/n/12 Bat-tery
 []


Underfull \hbox (badness 10000) in paragraph at lines 1047--1047
\OT1/cmr/m/n/12 Per-cent-age,
 []


Underfull \hbox (badness 10000) in paragraph at lines 1047--1047
[]|\OT1/cmr/m/n/12 Details
 []


Underfull \hbox (badness 10000) in paragraph at lines 1047--1047
\OT1/cmr/m/n/12 (Bat-tery
 []


Underfull \hbox (badness 7649) in paragraph at lines 1047--1047
\OT1/cmr/m/n/12 %, Price,
 []


Underfull \hbox (badness 10000) in paragraph at lines 1047--1047
\OT1/cmr/m/n/12 Pe-riod)
 []


Underfull \hbox (badness 10000) in paragraph at lines 1047--1047
\OT1/cmr/m/n/12 were dis-
 []


Underfull \hbox (badness 10000) in paragraph at lines 1047--1047
\OT1/cmr/m/n/12 played
 []


Overfull \hbox (1.67656pt too wide) in alignment at lines 1039--1049
 [] [] [] [] [] [] 
 []


chapter4.tex:1049: Infinite glue shrinkage found in box being split.
<argument> Infinite shrink error above ignored ! 
                                                 
l.1049 \end{longtable}
                      
The box you are \vsplitting contains some infinitely
shrinkable glue, e.g., `\vss' or `\vskip 0pt minus 1fil'.
Such glue doesn't belong there; but you can safely proceed,
since the offensive shrinkability has been made finite.


[225]
Underfull \hbox (badness 10000) in paragraph at lines 1062--1062
[]|\OT1/cmr/bx/n/12 Test Sce-
 []


Underfull \hbox (badness 2538) in paragraph at lines 1062--1062
[]|\OT1/cmr/m/n/12 Portable Power Source
 []


Underfull \hbox (badness 10000) in paragraph at lines 1064--1064
[]|\OT1/cmr/bx/n/12 Test Case
 []


Underfull \hbox (badness 2393) in paragraph at lines 1064--1064
\OT1/cmr/m/n/12 a slot se-lec-tion be-fore
 []


Underfull \hbox (badness 10000) in paragraph at lines 1066--1066
[]|\OT1/cmr/bx/n/12 Pre-
 []


Underfull \hbox (badness 10000) in paragraph at lines 1066--1066
[]|\OT1/cmr/bx/n/12 Post-
 []


Underfull \hbox (badness 6510) in paragraph at lines 1066--1066
[]|\OT1/cmr/m/n/12 User re-turns to
 []


Underfull \hbox (badness 3612) in paragraph at lines 1066--1066
\OT1/cmr/m/n/12 the gen-eral Slot
 []


Overfull \hbox (2.48392pt too wide) in alignment at lines 1060--1070
 [] [] [] [] 
 []


Underfull \hbox (badness 10000) in paragraph at lines 1076--1076
[]|\OT1/cmr/bx/n/12 Expected
 []


Underfull \hbox (badness 10000) in paragraph at lines 1076--1076
[]|\OT1/cmr/bx/n/12 Actual
 []


Underfull \hbox (badness 2608) in paragraph at lines 1076--1076
[]|\OT1/cmr/bx/n/12 Test Re-
 []


Underfull \hbox (badness 10000) in paragraph at lines 1078--1078
[]|\OT1/cmr/m/n/12 Click
 []


Underfull \hbox (badness 10000) in paragraph at lines 1078--1078
\OT1/cmr/m/n/12 Can-cel
 []


Underfull \hbox (badness 1028) in paragraph at lines 1079--1079
\OT1/cmr/m/n/12 mi-nate the
 []


Underfull \hbox (badness 10000) in paragraph at lines 1079--1079
\OT1/cmr/m/n/12 se-lec-tion
 []


Underfull \hbox (badness 1577) in paragraph at lines 1079--1079
\OT1/cmr/m/n/12 and re-turn
 []


Underfull \hbox (badness 10000) in paragraph at lines 1079--1079
\OT1/cmr/m/n/12 to the
 []


Underfull \hbox (badness 10000) in paragraph at lines 1079--1079
\OT1/cmr/m/n/12 pre-vi-ous
 []


Underfull \hbox (badness 10000) in paragraph at lines 1079--1079
[]|\OT1/cmr/m/n/12 The ap-
 []


Underfull \hbox (badness 10000) in paragraph at lines 1079--1079
\OT1/cmr/m/n/12 pli-ca-tion
 []


Underfull \hbox (badness 10000) in paragraph at lines 1079--1079
\OT1/cmr/m/n/12 re-turned
 []


Underfull \hbox (badness 10000) in paragraph at lines 1079--1079
\OT1/cmr/m/n/12 Avail-abil-
 []


Underfull \hbox (badness 10000) in paragraph at lines 1079--1079
\OT1/cmr/m/n/12 ity Tab
 []


Underfull \hbox (badness 10000) in paragraph at lines 1079--1079
\OT1/cmr/m/n/12 suc-cess-
 []


Underfull \hbox (badness 10000) in paragraph at lines 1081--1081
[]|\OT1/cmr/m/n/12 Verify
 []


Underfull \hbox (badness 10000) in paragraph at lines 1081--1081
\OT1/cmr/m/n/12 list
 []


Underfull \hbox (badness 10000) in paragraph at lines 1082--1082
[]|\OT1/cmr/m/n/12 The list
 []


Underfull \hbox (badness 10000) in paragraph at lines 1082--1082
\OT1/cmr/m/n/12 of avail-
 []


Underfull \hbox (badness 10000) in paragraph at lines 1082--1082
\OT1/cmr/m/n/12 able slots
 []


Underfull \hbox (badness 10000) in paragraph at lines 1082--1082
\OT1/cmr/m/n/12 should be
 []


Underfull \hbox (badness 1231) in paragraph at lines 1082--1082
\OT1/cmr/m/n/12 vis-i-ble and
 []


Underfull \hbox (badness 10000) in paragraph at lines 1082--1082
\OT1/cmr/m/n/12 abil-ity
 []


Underfull \hbox (badness 10000) in paragraph at lines 1082--1082
\OT1/cmr/m/n/12 Tab list
 []


Underfull \hbox (badness 10000) in paragraph at lines 1082--1082
\OT1/cmr/m/n/12 reloaded
 []


Underfull \hbox (badness 10000) in paragraph at lines 1082--1082
\OT1/cmr/m/n/12 and
 []


Underfull \hbox (badness 10000) in paragraph at lines 1082--1082
\OT1/cmr/m/n/12 showed
 []


Underfull \hbox (badness 10000) in paragraph at lines 1082--1082
\OT1/cmr/m/n/12 all avail-
 []


Overfull \hbox (1.67656pt too wide) in alignment at lines 1074--1084
 [] [] [] [] [] [] 
 []


chapter4.tex:1084: Infinite glue shrinkage found in box being split.
<argument> Infinite shrink error above ignored ! 
                                                 
l.1084 \end{longtable}
                      
The box you are \vsplitting contains some infinitely
shrinkable glue, e.g., `\vss' or `\vskip 0pt minus 1fil'.
Such glue doesn't belong there; but you can safely proceed,
since the offensive shrinkability has been made finite.


[226]
Underfull \hbox (badness 10000) in paragraph at lines 1096--1096
[]|\OT1/cmr/bx/n/12 Test Sce-
 []


Underfull \hbox (badness 10000) in paragraph at lines 1098--1098
[]|\OT1/cmr/bx/n/12 Test Case
 []


Underfull \hbox (badness 1048) in paragraph at lines 1098--1098
[]|\OT1/cmr/m/n/12 Verify the ini-tial-iza-tion
 []


Underfull \hbox (badness 10000) in paragraph at lines 1100--1100
[]|\OT1/cmr/bx/n/12 Pre-
 []


Underfull \hbox (badness 6575) in paragraph at lines 1100--1100
[]|\OT1/cmr/m/n/12 User has se-lected an
 []


Underfull \hbox (badness 10000) in paragraph at lines 1100--1100
\OT1/cmr/m/n/12 avail-able slot and
 []


Underfull \hbox (badness 10000) in paragraph at lines 1100--1100
\OT1/cmr/m/n/12 reached the pay-ment
 []


Underfull \hbox (badness 10000) in paragraph at lines 1100--1100
[]|\OT1/cmr/bx/n/12 Post-
 []


Underfull \hbox (badness 3088) in paragraph at lines 1100--1100
\OT1/cmr/m/n/12 pared to re-ceive
 []


Overfull \hbox (2.48392pt too wide) in alignment at lines 1094--1104
 [] [] [] [] 
 []


Underfull \hbox (badness 10000) in paragraph at lines 1110--1110
[]|\OT1/cmr/bx/n/12 Expected
 []


Underfull \hbox (badness 10000) in paragraph at lines 1110--1110
[]|\OT1/cmr/bx/n/12 Actual
 []


Underfull \hbox (badness 2608) in paragraph at lines 1110--1110
[]|\OT1/cmr/bx/n/12 Test Re-
 []


Underfull \hbox (badness 10000) in paragraph at lines 1112--1112
[]|\OT1/cmr/m/n/12 Select
 []


Underfull \hbox (badness 10000) in paragraph at lines 1112--1112
\OT1/cmr/m/n/12 pay-
 []


Underfull \hbox (badness 10000) in paragraph at lines 1112--1112
\OT1/cmr/m/n/12 ment
 []


Underfull \hbox (badness 10000) in paragraph at lines 1113--1113
\OT1/cmr/m/n/12 ing Coin
 []


Underfull \hbox (badness 10000) in paragraph at lines 1113--1113
\OT1/cmr/m/n/12 Slot" tab
 []


Underfull \hbox (badness 3098) in paragraph at lines 1113--1113
\OT1/cmr/m/n/12 should ap-
 []


Underfull \hbox (badness 10000) in paragraph at lines 1113--1113
\OT1/cmr/m/n/12 30-second
 []


Underfull \hbox (badness 10000) in paragraph at lines 1113--1113
\OT1/cmr/m/n/12 time-out
 []


Underfull \hbox (badness 10000) in paragraph at lines 1113--1113
[]|\OT1/cmr/m/n/12 The
 []


Underfull \hbox (badness 10000) in paragraph at lines 1113--1113
\OT1/cmr/m/n/12 \Prepar-ing
 []


Underfull \hbox (badness 10000) in paragraph at lines 1113--1113
\OT1/cmr/m/n/12 tab ap-
 []


Underfull \hbox (badness 10000) in paragraph at lines 1113--1113
\OT1/cmr/m/n/12 ini-tial-ized
 []


Underfull \hbox (badness 10000) in paragraph at lines 1113--1113
\OT1/cmr/m/n/12 suc-cess-
 []


Overfull \hbox (1.67656pt too wide) in alignment at lines 1108--1115
 [] [] [] [] [] [] 
 []


chapter4.tex:1115: Infinite glue shrinkage found in box being split.
<argument> Infinite shrink error above ignored ! 
                                                 
l.1115 \end{longtable}
                      
The box you are \vsplitting contains some infinitely
shrinkable glue, e.g., `\vss' or `\vskip 0pt minus 1fil'.
Such glue doesn't belong there; but you can safely proceed,
since the offensive shrinkability has been made finite.


[227]
Underfull \hbox (badness 10000) in paragraph at lines 1127--1127
[]|\OT1/cmr/bx/n/12 Test Sce-
 []


Underfull \hbox (badness 10000) in paragraph at lines 1129--1129
[]|\OT1/cmr/bx/n/12 Test Case
 []


Underfull \hbox (badness 10000) in paragraph at lines 1129--1129
\OT1/cmr/m/n/12 pro-cess us-ing vir-tual
 []


Underfull \hbox (badness 10000) in paragraph at lines 1131--1131
[]|\OT1/cmr/bx/n/12 Pre-
 []


Underfull \hbox (badness 10000) in paragraph at lines 1131--1131
[]|\OT1/cmr/bx/n/12 Post-
 []


Underfull \hbox (badness 1939) in paragraph at lines 1131--1131
[]|\OT1/cmr/m/n/12 The sys-tem pre-
 []


Overfull \hbox (2.48392pt too wide) in alignment at lines 1125--1135
 [] [] [] [] 
 []


Underfull \hbox (badness 10000) in paragraph at lines 1141--1141
[]|\OT1/cmr/bx/n/12 Expected
 []


Underfull \hbox (badness 10000) in paragraph at lines 1141--1141
[]|\OT1/cmr/bx/n/12 Actual
 []


Underfull \hbox (badness 2608) in paragraph at lines 1141--1141
[]|\OT1/cmr/bx/n/12 Test Re-
 []


Underfull \hbox (badness 10000) in paragraph at lines 1143--1143
[]|\OT1/cmr/m/n/12 Select
 []


Underfull \hbox (badness 10000) in paragraph at lines 1143--1143
\OT1/cmr/m/n/12 the
 []


Underfull \hbox (badness 10000) in paragraph at lines 1143--1143
\OT1/cmr/m/n/12 credit
 []


Underfull \hbox (badness 10000) in paragraph at lines 1143--1143
\OT1/cmr/m/n/12 pay-
 []


Underfull \hbox (badness 10000) in paragraph at lines 1143--1143
\OT1/cmr/m/n/12 ment
 []


Underfull \hbox (badness 10000) in paragraph at lines 1143--1144
[]|\OT1/cmr/m/n/12 Tap \Pay
 []


Underfull \hbox (badness 10000) in paragraph at lines 1143--1144
\OT1/cmr/m/n/12 via Credit
 []


Underfull \hbox (badness 10000) in paragraph at lines 1144--1144
\OT1/cmr/m/n/12 ing Slot"
 []


Underfull \hbox (badness 2213) in paragraph at lines 1144--1144
\OT1/cmr/m/n/12 tab should
 []


Underfull \hbox (badness 10000) in paragraph at lines 1144--1144
\OT1/cmr/m/n/12 ap-pear,
 []


Underfull \hbox (badness 10000) in paragraph at lines 1144--1144
\OT1/cmr/m/n/12 in-di-cat-ing
 []


Underfull \hbox (badness 10000) in paragraph at lines 1144--1144
\OT1/cmr/m/n/12 is un-lock-
 []


Underfull \hbox (badness 10000) in paragraph at lines 1144--1144
\OT1/cmr/m/n/12 ing the
 []


Underfull \hbox (badness 10000) in paragraph at lines 1144--1144
[]|\OT1/cmr/m/n/12 The
 []


Underfull \hbox (badness 10000) in paragraph at lines 1144--1144
\OT1/cmr/m/n/12 \Prepar-ing
 []


Underfull \hbox (badness 10000) in paragraph at lines 1144--1144
\OT1/cmr/m/n/12 Slot" tab
 []


Overfull \hbox (1.67656pt too wide) in alignment at lines 1139--1146
 [] [] [] [] [] [] 
 []


Underfull \hbox (badness 10000) in paragraph at lines 1159--1159
[]|\OT1/cmr/bx/n/12 Test Sce-
 []


Underfull \hbox (badness 10000) in paragraph at lines 1161--1161
[]|\OT1/cmr/bx/n/12 Test Case
 []


Underfull \hbox (badness 10000) in paragraph at lines 1161--1161
[]|\OT1/cmr/m/n/12 Verify the real-time
 []


Underfull \hbox (badness 10000) in paragraph at lines 1161--1161
\OT1/cmr/m/n/12 coin count-ing logic,
 []


Underfull \hbox (badness 10000) in paragraph at lines 1163--1163
[]|\OT1/cmr/bx/n/12 Pre-
 []


Underfull \hbox (badness 2547) in paragraph at lines 1163--1163
[]|\OT1/cmr/m/n/12 The sys-tem is in the
 []


Underfull \hbox (badness 3219) in paragraph at lines 1163--1163
\OT1/cmr/m/n/12 with an ac-tive count-
 []


Underfull \hbox (badness 10000) in paragraph at lines 1163--1163
[]|\OT1/cmr/bx/n/12 Post-
 []


Underfull \hbox (badness 10000) in paragraph at lines 1163--1163
[]|\OT1/cmr/m/n/12 Payment is
 []


Underfull \hbox (badness 2990) in paragraph at lines 1163--1163
\OT1/cmr/m/n/12 sion is fi-nal-ized,
 []


Underfull \hbox (badness 2894) in paragraph at lines 1163--1163
\OT1/cmr/m/n/12 and the user is
 []


Overfull \hbox (2.48392pt too wide) in alignment at lines 1157--1167
 [] [] [] [] 
 []


chapter4.tex:1167: Infinite glue shrinkage found in box being split.
<argument> Infinite shrink error above ignored ! 
                                                 
l.1167 \end{longtable}
                      
The box you are \vsplitting contains some infinitely
shrinkable glue, e.g., `\vss' or `\vskip 0pt minus 1fil'.
Such glue doesn't belong there; but you can safely proceed,
since the offensive shrinkability has been made finite.


[228]
Underfull \hbox (badness 10000) in paragraph at lines 1173--1173
[]|\OT1/cmr/bx/n/12 Expected
 []


Underfull \hbox (badness 10000) in paragraph at lines 1173--1173
[]|\OT1/cmr/bx/n/12 Actual
 []


Underfull \hbox (badness 2608) in paragraph at lines 1173--1173
[]|\OT1/cmr/bx/n/12 Test Re-
 []


Underfull \hbox (badness 10000) in paragraph at lines 1175--1175
[]|\OT1/cmr/m/n/12 Insert
 []


Underfull \hbox (badness 10000) in paragraph at lines 1175--1175
\OT1/cmr/m/n/12 phys-i-cal
 []


Underfull \hbox (badness 10000) in paragraph at lines 1175--1175
\OT1/cmr/m/n/12 coins
 []


Underfull \hbox (badness 10000) in paragraph at lines 1175--1176
[]|\OT1/cmr/m/n/12 Physical Cur-
 []


Underfull \hbox (badness 10000) in paragraph at lines 1176--1176
\OT1/cmr/m/n/12 should
 []


Underfull \hbox (badness 10000) in paragraph at lines 1176--1176
\OT1/cmr/m/n/12 to-tal in
 []


Underfull \hbox (badness 10000) in paragraph at lines 1176--1176
\OT1/cmr/m/n/12 real-time.
 []


Underfull \hbox (badness 10000) in paragraph at lines 1176--1176
\OT1/cmr/m/n/12 should
 []


Underfull \hbox (badness 5667) in paragraph at lines 1176--1176
\OT1/cmr/m/n/12 upon each
 []


Underfull \hbox (badness 4193) in paragraph at lines 1176--1176
[]|\OT1/cmr/m/n/12 Each coin
 []


Underfull \hbox (badness 10000) in paragraph at lines 1176--1176
\OT1/cmr/m/n/12 was de-
 []


Underfull \hbox (badness 10000) in paragraph at lines 1176--1176
\OT1/cmr/m/n/12 tected;
 []


Underfull \hbox (badness 10000) in paragraph at lines 1176--1176
\OT1/cmr/m/n/12 the to-tal
 []


Underfull \hbox (badness 10000) in paragraph at lines 1176--1176
\OT1/cmr/m/n/12 up-dated
 []


Underfull \hbox (badness 10000) in paragraph at lines 1176--1176
\OT1/cmr/m/n/12 cor-rectly,
 []


Underfull \hbox (badness 10000) in paragraph at lines 1176--1176
\OT1/cmr/m/n/12 and the
 []


Underfull \hbox (badness 10000) in paragraph at lines 1176--1176
\OT1/cmr/m/n/12 timer
 []


Underfull \hbox (badness 10000) in paragraph at lines 1176--1176
\OT1/cmr/m/n/12 suc-cess-
 []


Underfull \hbox (badness 2762) in paragraph at lines 1176--1176
\OT1/cmr/m/n/12 fully re-set
 []


Underfull \hbox (badness 10000) in paragraph at lines 1176--1176
\OT1/cmr/m/n/12 on each
 []


Underfull \hbox (badness 10000) in paragraph at lines 1178--1178
[]|\OT1/cmr/m/n/12 Finalize
 []


Underfull \hbox (badness 10000) in paragraph at lines 1178--1178
\OT1/cmr/m/n/12 the
 []


Underfull \hbox (badness 10000) in paragraph at lines 1178--1178
\OT1/cmr/m/n/12 trans-ac-
 []


Underfull \hbox (badness 10000) in paragraph at lines 1178--1179
[]|\OT1/cmr/m/n/12 Click the
 []


Underfull \hbox (badness 10000) in paragraph at lines 1179--1179
\OT1/cmr/m/n/12 should
 []


Underfull \hbox (badness 10000) in paragraph at lines 1179--1179
\OT1/cmr/m/n/12 val-i-date
 []


Underfull \hbox (badness 10000) in paragraph at lines 1179--1179
\OT1/cmr/m/n/12 the to-tal
 []


Underfull \hbox (badness 10000) in paragraph at lines 1179--1179
\OT1/cmr/m/n/12 amount
 []


Underfull \hbox (badness 10000) in paragraph at lines 1179--1179
\OT1/cmr/m/n/12 Suc-cess-ful.
 []


Underfull \hbox (badness 2293) in paragraph at lines 1179--1179
\OT1/cmr/m/n/12 fi-ca-tion on
 []


Underfull \hbox (badness 8019) in paragraph at lines 1179--1179
\OT1/cmr/m/n/12 the Alerts
 []


Overfull \hbox (3.54109pt too wide) in paragraph at lines 1179--1179
[]|\OT1/cmr/m/n/12 Transaction
 []


Underfull \hbox (badness 10000) in paragraph at lines 1179--1179
\OT1/cmr/m/n/12 was val-
 []


Underfull \hbox (badness 10000) in paragraph at lines 1179--1179
\OT1/cmr/m/n/12 i-dated;
 []


Underfull \hbox (badness 10000) in paragraph at lines 1179--1179
\OT1/cmr/m/n/12 "Pay-ment
 []


Underfull \hbox (badness 10000) in paragraph at lines 1179--1179
\OT1/cmr/m/n/12 Suc-cess-ful.
 []


Underfull \hbox (badness 3780) in paragraph at lines 1179--1179
\OT1/cmr/m/n/12 slot1" no-
 []


Underfull \hbox (badness 10000) in paragraph at lines 1179--1179
\OT1/cmr/m/n/12 ti-fi-ca-tion
 []


Underfull \hbox (badness 10000) in paragraph at lines 1179--1179
\OT1/cmr/m/n/12 ap-peared
 []


Underfull \hbox (badness 10000) in paragraph at lines 1179--1179
\OT1/cmr/m/n/12 on the
 []


Underfull \hbox (badness 10000) in paragraph at lines 1179--1179
\OT1/cmr/m/n/12 Alerts
 []


Overfull \hbox (1.67656pt too wide) in alignment at lines 1171--1181
 [] [] [] [] [] [] 
 []


chapter4.tex:1181: Infinite glue shrinkage found in box being split.
<argument> Infinite shrink error above ignored ! 
                                                 
l.1181 \end{longtable}
                      
The box you are \vsplitting contains some infinitely
shrinkable glue, e.g., `\vss' or `\vskip 0pt minus 1fil'.
Such glue doesn't belong there; but you can safely proceed,
since the offensive shrinkability has been made finite.


[229]
Underfull \hbox (badness 10000) in paragraph at lines 1194--1194
[]|\OT1/cmr/bx/n/12 Test Sce-
 []


Underfull \hbox (badness 10000) in paragraph at lines 1196--1196
[]|\OT1/cmr/bx/n/12 Test Case
 []


Underfull \hbox (badness 10000) in paragraph at lines 1196--1196
\OT1/cmr/m/n/12 points and suc-cess-ful
 []


Underfull \hbox (badness 10000) in paragraph at lines 1196--1196
\OT1/cmr/m/n/12 rental ac-ti-va-tion via
 []


Underfull \hbox (badness 10000) in paragraph at lines 1198--1198
[]|\OT1/cmr/bx/n/12 Pre-
 []


Underfull \hbox (badness 10000) in paragraph at lines 1198--1198
[]|\OT1/cmr/m/n/12 System dis-plays the
 []


Underfull \hbox (badness 10000) in paragraph at lines 1198--1198
\OT1/cmr/m/n/12 \Price" and \Your
 []


Underfull \hbox (badness 10000) in paragraph at lines 1198--1198
\OT1/cmr/m/n/12 Points" com-par-i-son
 []


Underfull \hbox (badness 10000) in paragraph at lines 1198--1198
[]|\OT1/cmr/bx/n/12 Post-
 []


Underfull \hbox (badness 10000) in paragraph at lines 1198--1198
[]|\OT1/cmr/m/n/12 Credits are de-
 []


Underfull \hbox (badness 2529) in paragraph at lines 1198--1198
\OT1/cmr/m/n/12 ducted, and the
 []


Underfull \hbox (badness 10000) in paragraph at lines 1198--1198
\OT1/cmr/m/n/12 suc-cess-ful pay-
 []


Underfull \hbox (badness 10000) in paragraph at lines 1198--1198
\OT1/cmr/m/n/12 ment alert is
 []


Overfull \hbox (2.48392pt too wide) in alignment at lines 1192--1202
 [] [] [] [] 
 []


Underfull \hbox (badness 10000) in paragraph at lines 1208--1208
[]|\OT1/cmr/bx/n/12 Expected
 []


Underfull \hbox (badness 10000) in paragraph at lines 1208--1208
[]|\OT1/cmr/bx/n/12 Actual
 []


Underfull \hbox (badness 2608) in paragraph at lines 1208--1208
[]|\OT1/cmr/bx/n/12 Test Re-
 []


Underfull \hbox (badness 10000) in paragraph at lines 1210--1210
[]|\OT1/cmr/m/n/12 Confirm
 []


Underfull \hbox (badness 10000) in paragraph at lines 1210--1210
\OT1/cmr/m/n/12 the
 []


Underfull \hbox (badness 10000) in paragraph at lines 1210--1210
\OT1/cmr/m/n/12 credit
 []


Underfull \hbox (badness 10000) in paragraph at lines 1210--1210
\OT1/cmr/m/n/12 trans-ac-
 []


Underfull \hbox (badness 2213) in paragraph at lines 1211--1211
\OT1/cmr/m/n/12 i-date suf-fi-
 []


Underfull \hbox (badness 2293) in paragraph at lines 1211--1211
\OT1/cmr/m/n/12 the de-duc-
 []


Underfull \hbox (badness 4193) in paragraph at lines 1211--1211
[]|\OT1/cmr/m/n/12 Point val-
 []


Underfull \hbox (badness 10000) in paragraph at lines 1211--1211
\OT1/cmr/m/n/12 i-da-tion
 []


Underfull \hbox (badness 10000) in paragraph at lines 1211--1211
\OT1/cmr/m/n/12 tion were
 []


Underfull \hbox (badness 10000) in paragraph at lines 1211--1211
\OT1/cmr/m/n/12 pro-cessed
 []


Underfull \hbox (badness 10000) in paragraph at lines 1211--1211
\OT1/cmr/m/n/12 suc-cess-
 []


Underfull \hbox (badness 10000) in paragraph at lines 1213--1213
[]|\OT1/cmr/m/n/12 Verify
 []


Underfull \hbox (badness 10000) in paragraph at lines 1213--1213
\OT1/cmr/m/n/12 the
 []


Underfull \hbox (badness 10000) in paragraph at lines 1213--1213
\OT1/cmr/m/n/12 alert
 []


Underfull \hbox (badness 10000) in paragraph at lines 1213--1213
\OT1/cmr/m/n/12 no-ti-fi-ca-
 []


Underfull \hbox (badness 10000) in paragraph at lines 1214--1214
[]|\OT1/cmr/m/n/12 A "Pay-
 []


Underfull \hbox (badness 10000) in paragraph at lines 1214--1214
\OT1/cmr/m/n/12 ment
 []


Underfull \hbox (badness 10000) in paragraph at lines 1214--1214
\OT1/cmr/m/n/12 Suc-cess-ful.
 []


Underfull \hbox (badness 10000) in paragraph at lines 1214--1214
\OT1/cmr/m/n/12 slot1" no-
 []


Underfull \hbox (badness 10000) in paragraph at lines 1214--1214
\OT1/cmr/m/n/12 ti-fi-ca-tion
 []


Underfull \hbox (badness 10000) in paragraph at lines 1214--1214
\OT1/cmr/m/n/12 should be
 []


Underfull \hbox (badness 10000) in paragraph at lines 1214--1214
\OT1/cmr/m/n/12 vis-i-ble on
 []


Underfull \hbox (badness 8019) in paragraph at lines 1214--1214
\OT1/cmr/m/n/12 the Alerts
 []


Overfull \hbox (3.54109pt too wide) in paragraph at lines 1214--1214
[]|\OT1/cmr/m/n/12 Transaction
 []


Underfull \hbox (badness 10000) in paragraph at lines 1214--1214
\OT1/cmr/m/n/12 was val-
 []


Underfull \hbox (badness 10000) in paragraph at lines 1214--1214
\OT1/cmr/m/n/12 i-dated;
 []


Underfull \hbox (badness 10000) in paragraph at lines 1214--1214
\OT1/cmr/m/n/12 "Pay-ment
 []


Underfull \hbox (badness 10000) in paragraph at lines 1214--1214
\OT1/cmr/m/n/12 Suc-cess-ful.
 []


Underfull \hbox (badness 3780) in paragraph at lines 1214--1214
\OT1/cmr/m/n/12 slot1" no-
 []


Underfull \hbox (badness 10000) in paragraph at lines 1214--1214
\OT1/cmr/m/n/12 ti-fi-ca-tion
 []


Underfull \hbox (badness 10000) in paragraph at lines 1214--1214
\OT1/cmr/m/n/12 ap-peared
 []


Underfull \hbox (badness 10000) in paragraph at lines 1214--1214
\OT1/cmr/m/n/12 on the
 []


Underfull \hbox (badness 10000) in paragraph at lines 1214--1214
\OT1/cmr/m/n/12 Alerts
 []


Overfull \hbox (1.67656pt too wide) in alignment at lines 1206--1216
 [] [] [] [] [] [] 
 []


chapter4.tex:1216: Infinite glue shrinkage found in box being split.
<argument> Infinite shrink error above ignored ! 
                                                 
l.1216 \end{longtable}
                      
The box you are \vsplitting contains some infinitely
shrinkable glue, e.g., `\vss' or `\vskip 0pt minus 1fil'.
Such glue doesn't belong there; but you can safely proceed,
since the offensive shrinkability has been made finite.


[230]
Underfull \hbox (badness 10000) in paragraph at lines 1229--1229
[]|\OT1/cmr/bx/n/12 Test Sce-
 []


Underfull \hbox (badness 10000) in paragraph at lines 1231--1231
[]|\OT1/cmr/bx/n/12 Test Case
 []


Underfull \hbox (badness 1789) in paragraph at lines 1231--1231
\OT1/cmr/m/n/12 nav-i-gate to the Alerts
 []


Underfull \hbox (badness 10000) in paragraph at lines 1233--1233
[]|\OT1/cmr/bx/n/12 Pre-
 []


Underfull \hbox (badness 1881) in paragraph at lines 1233--1233
[]|\OT1/cmr/m/n/12 The user is logged in
 []


Underfull \hbox (badness 10000) in paragraph at lines 1233--1233
[]|\OT1/cmr/bx/n/12 Post-
 []


Overfull \hbox (2.48392pt too wide) in alignment at lines 1227--1237
 [] [] [] [] 
 []


Underfull \hbox (badness 10000) in paragraph at lines 1243--1243
[]|\OT1/cmr/bx/n/12 Expected
 []


Underfull \hbox (badness 10000) in paragraph at lines 1243--1243
[]|\OT1/cmr/bx/n/12 Actual
 []


Underfull \hbox (badness 2608) in paragraph at lines 1243--1243
[]|\OT1/cmr/bx/n/12 Test Re-
 []


Underfull \hbox (badness 10000) in paragraph at lines 1245--1245
[]|\OT1/cmr/m/n/12 Click
 []


Underfull \hbox (badness 10000) in paragraph at lines 1245--1245
\OT1/cmr/m/n/12 the
 []


Underfull \hbox (badness 10000) in paragraph at lines 1245--1245
\OT1/cmr/m/n/12 \Bell"
 []


Underfull \hbox (badness 10000) in paragraph at lines 1245--1245
\OT1/cmr/m/n/12 icon
 []


Underfull \hbox (badness 10000) in paragraph at lines 1245--1245
\OT1/cmr/m/n/12 in the
 []


Underfull \hbox (badness 10000) in paragraph at lines 1245--1245
\OT1/cmr/m/n/12 bot-tom
 []


Underfull \hbox (badness 10000) in paragraph at lines 1245--1245
\OT1/cmr/m/n/12 nav-i-
 []


Underfull \hbox (badness 10000) in paragraph at lines 1245--1245
\OT1/cmr/m/n/12 ga-tion
 []


Underfull \hbox (badness 10000) in paragraph at lines 1246--1246
\OT1/cmr/m/n/12 should
 []


Underfull \hbox (badness 10000) in paragraph at lines 1246--1246
\OT1/cmr/m/n/12 redi-rect
 []


Underfull \hbox (badness 8019) in paragraph at lines 1246--1246
\OT1/cmr/m/n/12 the Alerts
 []


Underfull \hbox (badness 10000) in paragraph at lines 1246--1246
[]|\OT1/cmr/m/n/12 The user
 []


Underfull \hbox (badness 10000) in paragraph at lines 1246--1246
\OT1/cmr/m/n/12 was suc-
 []


Underfull \hbox (badness 10000) in paragraph at lines 1246--1246
\OT1/cmr/m/n/12 cess-fully
 []


Underfull \hbox (badness 10000) in paragraph at lines 1246--1246
\OT1/cmr/m/n/12 redi-rected
 []


Underfull \hbox (badness 10000) in paragraph at lines 1246--1246
\OT1/cmr/m/n/12 to the
 []


Underfull \hbox (badness 10000) in paragraph at lines 1246--1246
\OT1/cmr/m/n/12 Alerts
 []


Underfull \hbox (badness 10000) in paragraph at lines 1248--1248
[]|\OT1/cmr/m/n/12 Verify
 []


Underfull \hbox (badness 10000) in paragraph at lines 1248--1248
\OT1/cmr/m/n/12 the
 []


Underfull \hbox (badness 10000) in paragraph at lines 1248--1248
\OT1/cmr/m/n/12 list of
 []


Underfull \hbox (badness 10000) in paragraph at lines 1248--1248
\OT1/cmr/m/n/12 no-ti-fi-ca-
 []


Underfull \hbox (badness 10000) in paragraph at lines 1249--1249
[]|\OT1/cmr/m/n/12 Logged
 []


Underfull \hbox (badness 10000) in paragraph at lines 1249--1249
\OT1/cmr/m/n/12 "Pay-ment
 []


Underfull \hbox (badness 10000) in paragraph at lines 1249--1249
\OT1/cmr/m/n/12 suc-cess-ful!
 []


Underfull \hbox (badness 10000) in paragraph at lines 1249--1249
\OT1/cmr/m/n/12 slot1",
 []


Underfull \hbox (badness 10000) in paragraph at lines 1249--1249
\OT1/cmr/m/n/12 \Suc-
 []


Underfull \hbox (badness 10000) in paragraph at lines 1249--1249
\OT1/cmr/m/n/12 cess-fully
 []


Underfull \hbox (badness 10000) in paragraph at lines 1249--1249
\OT1/cmr/m/n/12 Re-turned
 []


Underfull \hbox (badness 10000) in paragraph at lines 1249--1249
\OT1/cmr/m/n/12 slot1",
 []


Underfull \hbox (badness 10000) in paragraph at lines 1249--1249
\OT1/cmr/m/n/12 \Failed
 []


Underfull \hbox (badness 10000) in paragraph at lines 1249--1249
\OT1/cmr/m/n/12 Trans-
 []


Underfull \hbox (badness 10000) in paragraph at lines 1249--1249
\OT1/cmr/m/n/12 ac-tion")
 []


Underfull \hbox (badness 10000) in paragraph at lines 1249--1249
\OT1/cmr/m/n/12 should be
 []


Underfull \hbox (badness 10000) in paragraph at lines 1249--1249
[]|\OT1/cmr/m/n/12 Recent
 []


Underfull \hbox (badness 10000) in paragraph at lines 1249--1249
\OT1/cmr/m/n/12 trans-ac-
 []


Underfull \hbox (badness 10000) in paragraph at lines 1249--1249
\OT1/cmr/m/n/12 tion and
 []


Underfull \hbox (badness 10000) in paragraph at lines 1249--1249
\OT1/cmr/m/n/12 re-turn
 []


Underfull \hbox (badness 10000) in paragraph at lines 1249--1249
\OT1/cmr/m/n/12 alerts
 []


Underfull \hbox (badness 10000) in paragraph at lines 1249--1249
\OT1/cmr/m/n/12 were dis-
 []


Underfull \hbox (badness 10000) in paragraph at lines 1249--1249
\OT1/cmr/m/n/12 played as
 []


Overfull \hbox (1.67656pt too wide) in alignment at lines 1241--1251
 [] [] [] [] [] [] 
 []


chapter4.tex:1251: Infinite glue shrinkage found in box being split.
<argument> Infinite shrink error above ignored ! 
                                                 
l.1251 \end{longtable}
                      
The box you are \vsplitting contains some infinitely
shrinkable glue, e.g., `\vss' or `\vskip 0pt minus 1fil'.
Such glue doesn't belong there; but you can safely proceed,
since the offensive shrinkability has been made finite.


[231]
Underfull \hbox (badness 10000) in paragraph at lines 1264--1264
[]|\OT1/cmr/bx/n/12 Test Sce-
 []


Underfull \hbox (badness 10000) in paragraph at lines 1264--1264
[]|\OT1/cmr/m/n/12 Notification Man-age-
 []


Underfull \hbox (badness 10000) in paragraph at lines 1266--1266
[]|\OT1/cmr/bx/n/12 Test Case
 []


Underfull \hbox (badness 10000) in paragraph at lines 1266--1266
\OT1/cmr/m/n/12 of delet-ing in-di-vid-ual
 []


Underfull \hbox (badness 1102) in paragraph at lines 1266--1266
\OT1/cmr/m/n/12 alerts and clear-ing the
 []


Underfull \hbox (badness 10000) in paragraph at lines 1268--1268
[]|\OT1/cmr/bx/n/12 Pre-
 []


Underfull \hbox (badness 10000) in paragraph at lines 1268--1268
[]|\OT1/cmr/bx/n/12 Post-
 []


Underfull \hbox (badness 5431) in paragraph at lines 1268--1268
\OT1/cmr/m/n/12 from the Alerts
 []


Overfull \hbox (2.48392pt too wide) in alignment at lines 1262--1272
 [] [] [] [] 
 []


chapter4.tex:1272: Infinite glue shrinkage found in box being split.
<argument> Infinite shrink error above ignored ! 
                                                 
l.1272 \end{longtable}
                      
The box you are \vsplitting contains some infinitely
shrinkable glue, e.g., `\vss' or `\vskip 0pt minus 1fil'.
Such glue doesn't belong there; but you can safely proceed,
since the offensive shrinkability has been made finite.


[232]
Underfull \hbox (badness 10000) in paragraph at lines 1278--1278
[]|\OT1/cmr/bx/n/12 Expected
 []


Underfull \hbox (badness 10000) in paragraph at lines 1278--1278
[]|\OT1/cmr/bx/n/12 Actual
 []


Underfull \hbox (badness 2608) in paragraph at lines 1278--1278
[]|\OT1/cmr/bx/n/12 Test Re-
 []


Underfull \hbox (badness 10000) in paragraph at lines 1280--1280
[]|\OT1/cmr/m/n/12 Click
 []


Underfull \hbox (badness 10000) in paragraph at lines 1280--1280
\OT1/cmr/m/n/12 the
 []


Underfull \hbox (badness 10000) in paragraph at lines 1280--1280
\OT1/cmr/m/n/12 \Trash
 []


Underfull \hbox (badness 10000) in paragraph at lines 1280--1280
\OT1/cmr/m/n/12 Icon"
 []


Underfull \hbox (badness 10000) in paragraph at lines 1280--1280
\OT1/cmr/m/n/12 next
 []


Underfull \hbox (badness 10000) in paragraph at lines 1280--1280
\OT1/cmr/m/n/12 to a
 []


Underfull \hbox (badness 10000) in paragraph at lines 1280--1280
\OT1/cmr/m/n/12 spe-cific
 []


Underfull \hbox (badness 10000) in paragraph at lines 1281--1281
[]|\OT1/cmr/m/n/12 The spe-
 []


Underfull \hbox (badness 10000) in paragraph at lines 1281--1281
\OT1/cmr/m/n/12 cific no-
 []


Underfull \hbox (badness 10000) in paragraph at lines 1281--1281
\OT1/cmr/m/n/12 ti-fi-ca-tion
 []


Underfull \hbox (badness 10000) in paragraph at lines 1281--1281
\OT1/cmr/m/n/12 (e.g.,
 []


Underfull \hbox (badness 10000) in paragraph at lines 1281--1281
\OT1/cmr/m/n/12 "Failed
 []


Underfull \hbox (badness 10000) in paragraph at lines 1281--1281
\OT1/cmr/m/n/12 Trans-
 []


Underfull \hbox (badness 10000) in paragraph at lines 1281--1281
\OT1/cmr/m/n/12 ac-tion")
 []


Underfull \hbox (badness 10000) in paragraph at lines 1281--1281
\OT1/cmr/m/n/12 should be
 []


Underfull \hbox (badness 10000) in paragraph at lines 1281--1281
[]|\OT1/cmr/m/n/12 The se-
 []


Underfull \hbox (badness 10000) in paragraph at lines 1281--1281
\OT1/cmr/m/n/12 was suc-
 []


Underfull \hbox (badness 10000) in paragraph at lines 1281--1281
\OT1/cmr/m/n/12 cess-fully
 []


Underfull \hbox (badness 10000) in paragraph at lines 1281--1281
\OT1/cmr/m/n/12 deleted
 []


Underfull \hbox (badness 10000) in paragraph at lines 1281--1281
\OT1/cmr/m/n/12 from the
 []


Underfull \hbox (badness 10000) in paragraph at lines 1283--1283
\OT1/cmr/m/n/12 "Clear
 []


Underfull \hbox (badness 10000) in paragraph at lines 1283--1283
\OT1/cmr/m/n/12 All"
 []


Underfull \hbox (badness 10000) in paragraph at lines 1284--1284
[]|\OT1/cmr/m/n/12 All no-ti-
 []


Underfull \hbox (badness 10000) in paragraph at lines 1284--1284
\OT1/cmr/m/n/12 fi-ca-tions
 []


Underfull \hbox (badness 1694) in paragraph at lines 1284--1284
\OT1/cmr/m/n/12 in the list
 []


Underfull \hbox (badness 10000) in paragraph at lines 1284--1284
\OT1/cmr/m/n/12 should be
 []


Underfull \hbox (badness 10000) in paragraph at lines 1284--1284
\OT1/cmr/m/n/12 cleared
 []


Underfull \hbox (badness 10000) in paragraph at lines 1284--1284
\OT1/cmr/m/n/12 si-mul-ta-ne-
 []


Underfull \hbox (badness 10000) in paragraph at lines 1284--1284
[]|\OT1/cmr/m/n/12 All alerts
 []


Underfull \hbox (badness 10000) in paragraph at lines 1284--1284
\OT1/cmr/m/n/12 were re-
 []


Underfull \hbox (badness 10000) in paragraph at lines 1284--1284
\OT1/cmr/m/n/12 moved;
 []


Underfull \hbox (badness 1946) in paragraph at lines 1284--1284
\OT1/cmr/m/n/12 the screen
 []


Underfull \hbox (badness 10000) in paragraph at lines 1284--1284
\OT1/cmr/m/n/12 dis-played
 []


Underfull \hbox (badness 10000) in paragraph at lines 1284--1284
\OT1/cmr/m/n/12 an empty
 []


Overfull \hbox (1.67656pt too wide) in alignment at lines 1276--1286
 [] [] [] [] [] [] 
 []


Underfull \hbox (badness 10000) in paragraph at lines 1299--1299
[]|\OT1/cmr/bx/n/12 Test Sce-
 []


Underfull \hbox (badness 10000) in paragraph at lines 1299--1299
[]|\OT1/cmr/m/n/12 Notification Man-age-
 []


Underfull \hbox (badness 10000) in paragraph at lines 1301--1301
[]|\OT1/cmr/bx/n/12 Test Case
 []


Underfull \hbox (badness 5696) in paragraph at lines 1301--1301
[]|\OT1/cmr/m/n/12 Verify the load-ing of
 []


Underfull \hbox (badness 10000) in paragraph at lines 1303--1303
[]|\OT1/cmr/bx/n/12 Pre-
 []


Underfull \hbox (badness 10000) in paragraph at lines 1303--1303
[]|\OT1/cmr/bx/n/12 Post-
 []


Underfull \hbox (badness 2469) in paragraph at lines 1303--1303
[]|\OT1/cmr/m/n/12 Profile Screen is
 []


Overfull \hbox (2.48392pt too wide) in alignment at lines 1297--1307
 [] [] [] [] 
 []


chapter4.tex:1307: Infinite glue shrinkage found in box being split.
<argument> Infinite shrink error above ignored ! 
                                                 
l.1307 \end{longtable}
                      
The box you are \vsplitting contains some infinitely
shrinkable glue, e.g., `\vss' or `\vskip 0pt minus 1fil'.
Such glue doesn't belong there; but you can safely proceed,
since the offensive shrinkability has been made finite.


[233]
Underfull \hbox (badness 10000) in paragraph at lines 1313--1313
[]|\OT1/cmr/bx/n/12 Expected
 []


Underfull \hbox (badness 10000) in paragraph at lines 1313--1313
[]|\OT1/cmr/bx/n/12 Actual
 []


Underfull \hbox (badness 2608) in paragraph at lines 1313--1313
[]|\OT1/cmr/bx/n/12 Test Re-
 []


Underfull \hbox (badness 10000) in paragraph at lines 1315--1315
\OT1/cmr/m/n/12 \Pro-file
 []


Underfull \hbox (badness 10000) in paragraph at lines 1315--1315
\OT1/cmr/m/n/12 i-ga-tion
 []


Underfull \hbox (badness 10000) in paragraph at lines 1316--1316
[]|\OT1/cmr/m/n/12 Profile
 []


Underfull \hbox (badness 10000) in paragraph at lines 1316--1316
\OT1/cmr/m/n/12 Screen
 []


Underfull \hbox (badness 10000) in paragraph at lines 1316--1316
\OT1/cmr/m/n/12 should
 []


Underfull \hbox (badness 10000) in paragraph at lines 1316--1316
\OT1/cmr/m/n/12 dis-play
 []


Underfull \hbox (badness 10000) in paragraph at lines 1316--1316
\OT1/cmr/m/n/12 Email
 []


Underfull \hbox (badness 10000) in paragraph at lines 1316--1316
\OT1/cmr/m/n/12 Ad-dress,
 []


Underfull \hbox (badness 10000) in paragraph at lines 1316--1316
\OT1/cmr/m/n/12 Phone
 []


Underfull \hbox (badness 10000) in paragraph at lines 1316--1316
\OT1/cmr/m/n/12 Num-
 []


Underfull \hbox (badness 10000) in paragraph at lines 1316--1316
\OT1/cmr/m/n/12 ber, Sex,
 []


Underfull \hbox (badness 10000) in paragraph at lines 1316--1316
\OT1/cmr/m/n/12 Birth-date,
 []


Underfull \hbox (badness 10000) in paragraph at lines 1316--1316
\OT1/cmr/m/n/12 Lo-ca-tion,
 []


Underfull \hbox (badness 10000) in paragraph at lines 1316--1316
[]|\OT1/cmr/m/n/12 Profile
 []


Underfull \hbox (badness 10000) in paragraph at lines 1316--1316
\OT1/cmr/m/n/12 Screen
 []


Underfull \hbox (badness 10000) in paragraph at lines 1316--1316
\OT1/cmr/m/n/12 cess-fully
 []


Underfull \hbox (badness 10000) in paragraph at lines 1316--1316
\OT1/cmr/m/n/12 with all
 []


Underfull \hbox (badness 10000) in paragraph at lines 1318--1318
\OT1/cmr/m/n/12 "Clear
 []


Underfull \hbox (badness 10000) in paragraph at lines 1318--1318
\OT1/cmr/m/n/12 All"
 []


Underfull \hbox (badness 10000) in paragraph at lines 1319--1319
[]|\OT1/cmr/m/n/12 All no-ti-
 []


Underfull \hbox (badness 10000) in paragraph at lines 1319--1319
\OT1/cmr/m/n/12 fi-ca-tions
 []


Underfull \hbox (badness 1694) in paragraph at lines 1319--1319
\OT1/cmr/m/n/12 in the list
 []


Underfull \hbox (badness 10000) in paragraph at lines 1319--1319
\OT1/cmr/m/n/12 should be
 []


Underfull \hbox (badness 10000) in paragraph at lines 1319--1319
\OT1/cmr/m/n/12 cleared
 []


Underfull \hbox (badness 10000) in paragraph at lines 1319--1319
\OT1/cmr/m/n/12 si-mul-ta-ne-
 []


Underfull \hbox (badness 10000) in paragraph at lines 1319--1319
[]|\OT1/cmr/m/n/12 All alerts
 []


Underfull \hbox (badness 10000) in paragraph at lines 1319--1319
\OT1/cmr/m/n/12 were re-
 []


Underfull \hbox (badness 10000) in paragraph at lines 1319--1319
\OT1/cmr/m/n/12 moved;
 []


Underfull \hbox (badness 1946) in paragraph at lines 1319--1319
\OT1/cmr/m/n/12 the screen
 []


Underfull \hbox (badness 10000) in paragraph at lines 1319--1319
\OT1/cmr/m/n/12 dis-played
 []


Underfull \hbox (badness 10000) in paragraph at lines 1319--1319
\OT1/cmr/m/n/12 an empty
 []


Overfull \hbox (1.67656pt too wide) in alignment at lines 1311--1321
 [] [] [] [] [] [] 
 []


Underfull \hbox (badness 10000) in paragraph at lines 1333--1333
[]|\OT1/cmr/bx/n/12 Test Sce-
 []


Underfull \hbox (badness 10000) in paragraph at lines 1335--1335
[]|\OT1/cmr/bx/n/12 Test Case
 []


Underfull \hbox (badness 10000) in paragraph at lines 1337--1337
[]|\OT1/cmr/bx/n/12 Pre-
 []


Underfull \hbox (badness 1436) in paragraph at lines 1337--1337
[]|\OT1/cmr/m/n/12 User is on the Pro-file
 []


Underfull \hbox (badness 10000) in paragraph at lines 1337--1337
[]|\OT1/cmr/bx/n/12 Post-
 []


Underfull \hbox (badness 10000) in paragraph at lines 1337--1337
[]|\OT1/cmr/m/n/12 Camera
 []


Underfull \hbox (badness 10000) in paragraph at lines 1337--1337
\OT1/cmr/m/n/12 viewfinder is
 []


Underfull \hbox (badness 3884) in paragraph at lines 1337--1337
\OT1/cmr/m/n/12 ac-tive with face
 []


Underfull \hbox (badness 6944) in paragraph at lines 1337--1337
\OT1/cmr/m/n/12 recog-ni-tion over-
 []


Overfull \hbox (2.48392pt too wide) in alignment at lines 1331--1341
 [] [] [] [] 
 []


chapter4.tex:1341: Infinite glue shrinkage found in box being split.
<argument> Infinite shrink error above ignored ! 
                                                 
l.1341 \end{longtable}
                      
The box you are \vsplitting contains some infinitely
shrinkable glue, e.g., `\vss' or `\vskip 0pt minus 1fil'.
Such glue doesn't belong there; but you can safely proceed,
since the offensive shrinkability has been made finite.


[234]
Underfull \hbox (badness 10000) in paragraph at lines 1347--1347
[]|\OT1/cmr/bx/n/12 Expected
 []


Underfull \hbox (badness 10000) in paragraph at lines 1347--1347
[]|\OT1/cmr/bx/n/12 Actual
 []


Underfull \hbox (badness 2608) in paragraph at lines 1347--1347
[]|\OT1/cmr/bx/n/12 Test Re-
 []


Underfull \hbox (badness 10000) in paragraph at lines 1349--1349
\OT1/cmr/m/n/12 pro-file
 []


Underfull \hbox (badness 10000) in paragraph at lines 1349--1349
\OT1/cmr/m/n/12 photo
 []


Underfull \hbox (badness 10000) in paragraph at lines 1349--1349
\OT1/cmr/m/n/12 place-
 []


Underfull \hbox (badness 10000) in paragraph at lines 1350--1350
\OT1/cmr/m/n/12 should
 []


Underfull \hbox (badness 2726) in paragraph at lines 1350--1350
\OT1/cmr/m/n/12 launch the
 []


Underfull \hbox (badness 10000) in paragraph at lines 1350--1350
\OT1/cmr/m/n/12 cam-era
 []


Underfull \hbox (badness 10000) in paragraph at lines 1350--1350
\OT1/cmr/m/n/12 the face
 []


Underfull \hbox (badness 10000) in paragraph at lines 1350--1350
\OT1/cmr/m/n/12 de-tec-tion
 []


Underfull \hbox (badness 10000) in paragraph at lines 1350--1350
\OT1/cmr/m/n/12 Pro-file
 []


Underfull \hbox (badness 10000) in paragraph at lines 1350--1350
\OT1/cmr/m/n/12 Photo"
 []


Underfull \hbox (badness 10000) in paragraph at lines 1350--1350
\OT1/cmr/m/n/12 di-a-log
 []


Underfull \hbox (badness 10000) in paragraph at lines 1350--1350
\OT1/cmr/m/n/12 opened
 []


Underfull \hbox (badness 10000) in paragraph at lines 1350--1350
\OT1/cmr/m/n/12 with the
 []


Underfull \hbox (badness 10000) in paragraph at lines 1350--1350
\OT1/cmr/m/n/12 cir-cu-lar
 []


Underfull \hbox (badness 10000) in paragraph at lines 1350--1350
\OT1/cmr/m/n/12 ni-tion
 []


Overfull \hbox (1.67656pt too wide) in alignment at lines 1345--1352
 [] [] [] [] [] [] 
 []


Underfull \hbox (badness 10000) in paragraph at lines 1365--1365
[]|\OT1/cmr/bx/n/12 Test Sce-
 []


Underfull \hbox (badness 10000) in paragraph at lines 1367--1367
[]|\OT1/cmr/bx/n/12 Test Case
 []


Underfull \hbox (badness 10000) in paragraph at lines 1369--1369
[]|\OT1/cmr/bx/n/12 Pre-
 []


Underfull \hbox (badness 10000) in paragraph at lines 1369--1369
[]|\OT1/cmr/bx/n/12 Post-
 []


Underfull \hbox (badness 10000) in paragraph at lines 1369--1369
[]|\OT1/cmr/m/n/12 User re-turns
 []


Underfull \hbox (badness 7433) in paragraph at lines 1369--1369
\OT1/cmr/m/n/12 to the pre-vi-ous
 []


Underfull \hbox (badness 3579) in paragraph at lines 1369--1369
\OT1/cmr/m/n/12 screen; no data
 []


Overfull \hbox (2.48392pt too wide) in alignment at lines 1363--1373
 [] [] [] [] 
 []


Underfull \hbox (badness 10000) in paragraph at lines 1379--1379
[]|\OT1/cmr/bx/n/12 Expected
 []


Underfull \hbox (badness 10000) in paragraph at lines 1379--1379
[]|\OT1/cmr/bx/n/12 Actual
 []


Underfull \hbox (badness 2608) in paragraph at lines 1379--1379
[]|\OT1/cmr/bx/n/12 Test Re-
 []


Underfull \hbox (badness 10000) in paragraph at lines 1381--1381
\OT1/cmr/m/n/12 "X"
 []


Underfull \hbox (badness 10000) in paragraph at lines 1381--1381
\OT1/cmr/m/n/12 (Close)
 []


Underfull \hbox (badness 10000) in paragraph at lines 1382--1382
\OT1/cmr/m/n/12 be redi-
 []


Underfull \hbox (badness 10000) in paragraph at lines 1382--1382
\OT1/cmr/m/n/12 rected to
 []


Underfull \hbox (badness 10000) in paragraph at lines 1382--1382
\OT1/cmr/m/n/12 the pre-vi-
 []


Underfull \hbox (badness 5388) in paragraph at lines 1382--1382
\OT1/cmr/m/n/12 ous screen
 []


Underfull \hbox (badness 10000) in paragraph at lines 1382--1382
\OT1/cmr/m/n/12 with no
 []


Underfull \hbox (badness 10000) in paragraph at lines 1382--1382
\OT1/cmr/m/n/12 changes
 []


Underfull \hbox (badness 10000) in paragraph at lines 1382--1382
[]|\OT1/cmr/m/n/12 Redirected
 []


Underfull \hbox (badness 10000) in paragraph at lines 1382--1382
\OT1/cmr/m/n/12 suc-cess-
 []


Underfull \hbox (badness 10000) in paragraph at lines 1382--1382
\OT1/cmr/m/n/12 fully;
 []


Underfull \hbox (badness 10000) in paragraph at lines 1382--1382
\OT1/cmr/m/n/12 orig-i-nal
 []


Underfull \hbox (badness 10000) in paragraph at lines 1382--1382
\OT1/cmr/m/n/12 pro-file
 []


Underfull \hbox (badness 10000) in paragraph at lines 1382--1382
\OT1/cmr/m/n/12 data re-
 []


Overfull \hbox (1.67656pt too wide) in alignment at lines 1377--1384
 [] [] [] [] [] [] 
 []


chapter4.tex:1384: Infinite glue shrinkage found in box being split.
<argument> Infinite shrink error above ignored ! 
                                                 
l.1384 \end{longtable}
                      
The box you are \vsplitting contains some infinitely
shrinkable glue, e.g., `\vss' or `\vskip 0pt minus 1fil'.
Such glue doesn't belong there; but you can safely proceed,
since the offensive shrinkability has been made finite.


[235]
Underfull \hbox (badness 10000) in paragraph at lines 1397--1397
[]|\OT1/cmr/bx/n/12 Test Sce-
 []


Underfull \hbox (badness 10000) in paragraph at lines 1399--1399
[]|\OT1/cmr/bx/n/12 Test Case
 []


Underfull \hbox (badness 2150) in paragraph at lines 1399--1399
\OT1/cmr/m/n/12 and cloud stor-age up-
 []


Underfull \hbox (badness 10000) in paragraph at lines 1401--1401
[]|\OT1/cmr/bx/n/12 Pre-
 []


Underfull \hbox (badness 10000) in paragraph at lines 1401--1401
[]|\OT1/cmr/bx/n/12 Post-
 []


Underfull \hbox (badness 10000) in paragraph at lines 1401--1401
[]|\OT1/cmr/m/n/12 New im-age is
 []


Underfull \hbox (badness 2326) in paragraph at lines 1401--1401
\OT1/cmr/m/n/12 saved to stor-age
 []


Underfull \hbox (badness 3343) in paragraph at lines 1401--1401
\OT1/cmr/m/n/12 and up-dated on
 []


Overfull \hbox (2.48392pt too wide) in alignment at lines 1395--1405
 [] [] [] [] 
 []


Underfull \hbox (badness 10000) in paragraph at lines 1411--1411
[]|\OT1/cmr/bx/n/12 Expected
 []


Underfull \hbox (badness 10000) in paragraph at lines 1411--1411
[]|\OT1/cmr/bx/n/12 Actual
 []


Underfull \hbox (badness 2608) in paragraph at lines 1411--1411
[]|\OT1/cmr/bx/n/12 Test Re-
 []


Underfull \hbox (badness 10000) in paragraph at lines 1413--1413
[]|\OT1/cmr/m/n/12 Align
 []


Underfull \hbox (badness 10000) in paragraph at lines 1413--1413
\OT1/cmr/m/n/12 face
 []


Underfull \hbox (badness 10000) in paragraph at lines 1413--1413
\OT1/cmr/m/n/12 within
 []


Underfull \hbox (badness 10000) in paragraph at lines 1413--1413
\OT1/cmr/m/n/12 the
 []


Underfull \hbox (badness 10000) in paragraph at lines 1413--1413
\OT1/cmr/m/n/12 cir-cu-lar
 []


Underfull \hbox (badness 10000) in paragraph at lines 1414--1414
[]|\OT1/cmr/m/n/12 System
 []


Underfull \hbox (badness 10000) in paragraph at lines 1414--1414
\OT1/cmr/m/n/12 should
 []


Underfull \hbox (badness 10000) in paragraph at lines 1414--1414
\OT1/cmr/m/n/12 dis-play
 []


Underfull \hbox (badness 10000) in paragraph at lines 1414--1414
\OT1/cmr/m/n/12 "Look-
 []


Underfull \hbox (badness 10000) in paragraph at lines 1414--1414
\OT1/cmr/m/n/12 ing for
 []


Underfull \hbox (badness 4967) in paragraph at lines 1414--1414
\OT1/cmr/m/n/12 face" then
 []


Underfull \hbox (badness 10000) in paragraph at lines 1414--1414
\OT1/cmr/m/n/12 "Wait-
 []


Underfull \hbox (badness 10000) in paragraph at lines 1414--1414
\OT1/cmr/m/n/12 ing for
 []


Underfull \hbox (badness 3199) in paragraph at lines 1414--1414
\OT1/cmr/m/n/12 face" un-til
 []


Underfull \hbox (badness 10000) in paragraph at lines 1414--1414
[]|\OT1/cmr/m/n/12 Messages
 []


Underfull \hbox (badness 10000) in paragraph at lines 1414--1414
\OT1/cmr/m/n/12 ap-peared
 []


Underfull \hbox (badness 10000) in paragraph at lines 1414--1414
\OT1/cmr/m/n/12 as ex-
 []


Underfull \hbox (badness 10000) in paragraph at lines 1414--1414
\OT1/cmr/m/n/12 pected;
 []


Underfull \hbox (badness 10000) in paragraph at lines 1414--1414
\OT1/cmr/m/n/12 face was
 []


Underfull \hbox (badness 10000) in paragraph at lines 1414--1414
\OT1/cmr/m/n/12 suc-cess-
 []


Underfull \hbox (badness 10000) in paragraph at lines 1414--1414
\OT1/cmr/m/n/12 fully
 []


Underfull \hbox (badness 10000) in paragraph at lines 1416--1416
[]|\OT1/cmr/m/n/12 Capture
 []


Underfull \hbox (badness 7308) in paragraph at lines 1416--1417
[]|\OT1/cmr/m/n/12 Tap "Cap-ture
 []


Underfull \hbox (badness 10000) in paragraph at lines 1417--1417
[]|\OT1/cmr/m/n/12 An "Up-
 []


Underfull \hbox (badness 10000) in paragraph at lines 1417--1417
\OT1/cmr/m/n/12 load-ing"
 []


Underfull \hbox (badness 10000) in paragraph at lines 1417--1417
\OT1/cmr/m/n/12 sta-tus
 []


Underfull \hbox (badness 10000) in paragraph at lines 1417--1417
\OT1/cmr/m/n/12 should
 []


Underfull \hbox (badness 10000) in paragraph at lines 1417--1417
\OT1/cmr/m/n/12 ap-pear;
 []


Underfull \hbox (badness 10000) in paragraph at lines 1417--1417
\OT1/cmr/m/n/12 the im-age
 []


Overfull \hbox (7.38828pt too wide) in paragraph at lines 1417--1417
[]|\OT1/cmr/m/n/12 "Uploading"
 []


Underfull \hbox (badness 10000) in paragraph at lines 1417--1417
\OT1/cmr/m/n/12 mes-sage
 []


Underfull \hbox (badness 10000) in paragraph at lines 1417--1417
\OT1/cmr/m/n/12 ap-peared;
 []


Underfull \hbox (badness 1603) in paragraph at lines 1417--1417
\OT1/cmr/m/n/12 photo was
 []


Underfull \hbox (badness 10000) in paragraph at lines 1417--1417
\OT1/cmr/m/n/12 cap-tured
 []


Underfull \hbox (badness 3240) in paragraph at lines 1417--1417
\OT1/cmr/m/n/12 and saved
 []


Overfull \hbox (1.67656pt too wide) in alignment at lines 1409--1419
 [] [] [] [] [] [] 
 []


chapter4.tex:1419: Infinite glue shrinkage found in box being split.
<argument> Infinite shrink error above ignored ! 
                                                 
l.1419 \end{longtable}
                      
The box you are \vsplitting contains some infinitely
shrinkable glue, e.g., `\vss' or `\vskip 0pt minus 1fil'.
Such glue doesn't belong there; but you can safely proceed,
since the offensive shrinkability has been made finite.


[236]
Underfull \hbox (badness 10000) in paragraph at lines 1432--1432
[]|\OT1/cmr/bx/n/12 Test Sce-
 []


Underfull \hbox (badness 10000) in paragraph at lines 1434--1434
[]|\OT1/cmr/bx/n/12 Test Case
 []


Underfull \hbox (badness 10000) in paragraph at lines 1434--1434
\OT1/cmr/m/n/12 suc-cess-fully ter-mi-nates
 []


Underfull \hbox (badness 10000) in paragraph at lines 1436--1436
[]|\OT1/cmr/bx/n/12 Pre-
 []


Underfull \hbox (badness 10000) in paragraph at lines 1436--1436
[]|\OT1/cmr/m/n/12 User is au-then-ti-cated
 []


Underfull \hbox (badness 10000) in paragraph at lines 1436--1436
\OT1/cmr/m/n/12 and on the Pro-file
 []


Underfull \hbox (badness 10000) in paragraph at lines 1436--1436
[]|\OT1/cmr/bx/n/12 Post-
 []


Underfull \hbox (badness 10000) in paragraph at lines 1436--1436
\OT1/cmr/m/n/12 i-gate back to
 []


Underfull \hbox (badness 10000) in paragraph at lines 1436--1436
\OT1/cmr/m/n/12 au-then-ti-cated
 []


Overfull \hbox (2.48392pt too wide) in alignment at lines 1430--1440
 [] [] [] [] 
 []


Underfull \hbox (badness 10000) in paragraph at lines 1446--1446
[]|\OT1/cmr/bx/n/12 Expected
 []


Underfull \hbox (badness 10000) in paragraph at lines 1446--1446
[]|\OT1/cmr/bx/n/12 Actual
 []


Underfull \hbox (badness 2608) in paragraph at lines 1446--1446
[]|\OT1/cmr/bx/n/12 Test Re-
 []


Underfull \hbox (badness 10000) in paragraph at lines 1448--1448
\OT1/cmr/m/n/12 "Log
 []


Underfull \hbox (badness 10000) in paragraph at lines 1448--1448
\OT1/cmr/m/n/12 Out"
 []


Underfull \hbox (badness 10000) in paragraph at lines 1449--1449
\OT1/cmr/m/n/12 be redi-
 []


Underfull \hbox (badness 10000) in paragraph at lines 1449--1449
\OT1/cmr/m/n/12 rected
 []


Underfull \hbox (badness 10000) in paragraph at lines 1449--1449
\OT1/cmr/m/n/12 to the
 []


Underfull \hbox (badness 10000) in paragraph at lines 1449--1449
\OT1/cmr/m/n/12 Wel-come
 []


Overfull \hbox (3.93275pt too wide) in paragraph at lines 1449--1449
[]|\OT1/cmr/m/n/12 Successfully
 []


Underfull \hbox (badness 10000) in paragraph at lines 1449--1449
\OT1/cmr/m/n/12 redi-rected
 []


Underfull \hbox (badness 10000) in paragraph at lines 1449--1449
\OT1/cmr/m/n/12 to the
 []


Underfull \hbox (badness 10000) in paragraph at lines 1449--1449
\OT1/cmr/m/n/12 Wel-come
 []


Overfull \hbox (1.67656pt too wide) in alignment at lines 1444--1451
 [] [] [] [] [] [] 
 []


Underfull \hbox (badness 10000) in paragraph at lines 1470--1470
[]|\OT1/cmr/bx/n/12 Test Sce-
 []


Underfull \hbox (badness 10000) in paragraph at lines 1472--1472
[]|\OT1/cmr/bx/n/12 Test Case
 []


Underfull \hbox (badness 3271) in paragraph at lines 1472--1472
\OT1/cmr/m/n/12 Dash-board dis-play the
 []


Underfull \hbox (badness 1783) in paragraph at lines 1472--1472
\OT1/cmr/m/n/12 cor-rect la-bels and live
 []


Underfull \hbox (badness 10000) in paragraph at lines 1474--1474
[]|\OT1/cmr/bx/n/12 Pre-
 []


Underfull \hbox (badness 1127) in paragraph at lines 1474--1474
\OT1/cmr/m/n/12 the Dash-board page is
 []


Underfull \hbox (badness 10000) in paragraph at lines 1474--1474
[]|\OT1/cmr/bx/n/12 Post-
 []


Underfull \hbox (badness 10000) in paragraph at lines 1474--1474
[]|\OT1/cmr/m/n/12 All six cards
 []


Underfull \hbox (badness 10000) in paragraph at lines 1474--1474
\OT1/cmr/m/n/12 (To-tal Sta-tions,
 []


Underfull \hbox (badness 10000) in paragraph at lines 1474--1474
\OT1/cmr/m/n/12 Avail-able Slots,
 []


Underfull \hbox (badness 10000) in paragraph at lines 1474--1474
\OT1/cmr/m/n/12 Ac-tive Rentals,
 []


Underfull \hbox (badness 10000) in paragraph at lines 1474--1474
\OT1/cmr/m/n/12 Over-due, To-tal
 []


Underfull \hbox (badness 10000) in paragraph at lines 1474--1474
\OT1/cmr/m/n/12 Users, Banned
 []


Underfull \hbox (badness 7704) in paragraph at lines 1474--1474
\OT1/cmr/m/n/12 Users) are vis-i-
 []


Underfull \hbox (badness 3612) in paragraph at lines 1474--1474
\OT1/cmr/m/n/12 ble with cor-rect
 []


Overfull \hbox (2.48392pt too wide) in alignment at lines 1468--1478
 [] [] [] [] 
 []



[237]
Underfull \hbox (badness 10000) in paragraph at lines 1484--1484
[]|\OT1/cmr/bx/n/12 Expected
 []


Underfull \hbox (badness 10000) in paragraph at lines 1484--1484
[]|\OT1/cmr/bx/n/12 Actual
 []


Underfull \hbox (badness 2608) in paragraph at lines 1484--1484
[]|\OT1/cmr/bx/n/12 Test Re-
 []


Overfull \hbox (2.6843pt too wide) in paragraph at lines 1486--1486
[]|\OT1/cmr/m/n/12 Navigate
 []


Underfull \hbox (badness 10000) in paragraph at lines 1486--1486
\OT1/cmr/m/n/12 to the
 []


Underfull \hbox (badness 10000) in paragraph at lines 1486--1486
\OT1/cmr/m/n/12 Dash-
 []


Underfull \hbox (badness 10000) in paragraph at lines 1486--1486
\OT1/cmr/m/n/12 board
 []


Underfull \hbox (badness 10000) in paragraph at lines 1486--1486
[]|\OT1/cmr/m/n/12 Dashboard
 []


Underfull \hbox (badness 3098) in paragraph at lines 1486--1486
\OT1/cmr/m/n/12 out er-rors;
 []


Underfull \hbox (badness 10000) in paragraph at lines 1486--1486
\OT1/cmr/m/n/12 six stat
 []


Underfull \hbox (badness 10000) in paragraph at lines 1486--1486
\OT1/cmr/m/n/12 cards are
 []


Underfull \hbox (badness 10000) in paragraph at lines 1486--1486
[]|\OT1/cmr/m/n/12 Dashboard
 []


Underfull \hbox (badness 10000) in paragraph at lines 1486--1486
\OT1/cmr/m/n/12 cess-fully
 []


Underfull \hbox (badness 10000) in paragraph at lines 1486--1486
\OT1/cmr/m/n/12 with all
 []


Underfull \hbox (badness 10000) in paragraph at lines 1486--1486
\OT1/cmr/m/n/12 six cards
 []


Underfull \hbox (badness 10000) in paragraph at lines 1488--1488
[]|\OT1/cmr/m/n/12 Observe
 []


Underfull \hbox (badness 10000) in paragraph at lines 1488--1488
\OT1/cmr/m/n/12 the
 []


Underfull \hbox (badness 10000) in paragraph at lines 1488--1488
\OT1/cmr/m/n/12 'To-tal
 []


Underfull \hbox (badness 10000) in paragraph at lines 1488--1488
\OT1/cmr/m/n/12 Sta-
 []


Underfull \hbox (badness 10000) in paragraph at lines 1488--1488
\OT1/cmr/m/n/12 tions'
 []


Underfull \hbox (badness 10000) in paragraph at lines 1488--1488
\OT1/cmr/m/n/12 card
 []


Underfull \hbox (badness 10000) in paragraph at lines 1488--1488
[]|\OT1/cmr/m/n/12 The card
 []


Underfull \hbox (badness 10000) in paragraph at lines 1488--1488
\OT1/cmr/m/n/12 dis-plays
 []


Underfull \hbox (badness 1028) in paragraph at lines 1488--1488
\OT1/cmr/m/n/12 the cor-rect
 []


Underfull \hbox (badness 10000) in paragraph at lines 1488--1488
\OT1/cmr/m/n/12 count of
 []


Underfull \hbox (badness 10000) in paragraph at lines 1488--1488
\OT1/cmr/m/n/12 reg-is-tered
 []


Underfull \hbox (badness 10000) in paragraph at lines 1488--1488
\OT1/cmr/m/n/12 sta-tions
 []


Underfull \hbox (badness 2409) in paragraph at lines 1488--1488
[]|\OT1/cmr/m/n/12 The To-tal
 []


Underfull \hbox (badness 10000) in paragraph at lines 1488--1488
\OT1/cmr/m/n/12 Sta-tions
 []


Underfull \hbox (badness 10000) in paragraph at lines 1488--1488
\OT1/cmr/m/n/12 card dis-
 []


Underfull \hbox (badness 10000) in paragraph at lines 1488--1488
\OT1/cmr/m/n/12 cor-rect
 []


Underfull \hbox (badness 10000) in paragraph at lines 1490--1490
[]|\OT1/cmr/m/n/12 Observe
 []


Underfull \hbox (badness 10000) in paragraph at lines 1490--1490
\OT1/cmr/m/n/12 the
 []


Underfull \hbox (badness 10000) in paragraph at lines 1490--1490
\OT1/cmr/m/n/12 'Avail-
 []


Underfull \hbox (badness 10000) in paragraph at lines 1490--1490
\OT1/cmr/m/n/12 able
 []


Underfull \hbox (badness 10000) in paragraph at lines 1490--1490
\OT1/cmr/m/n/12 Slots'
 []


Underfull \hbox (badness 10000) in paragraph at lines 1490--1490
\OT1/cmr/m/n/12 card
 []


Underfull \hbox (badness 10000) in paragraph at lines 1490--1490
[]|\OT1/cmr/m/n/12 Card dis-
 []


Underfull \hbox (badness 10000) in paragraph at lines 1490--1490
\OT1/cmr/m/n/12 plays the
 []


Underfull \hbox (badness 10000) in paragraph at lines 1490--1490
\OT1/cmr/m/n/12 count of
 []


Underfull \hbox (badness 10000) in paragraph at lines 1490--1490
\OT1/cmr/m/n/12 cur-rently
 []


Underfull \hbox (badness 10000) in paragraph at lines 1490--1490
\OT1/cmr/m/n/12 avail-able
 []


Underfull \hbox (badness 5388) in paragraph at lines 1490--1490
\OT1/cmr/m/n/12 slots (e.g.,
 []


Underfull \hbox (badness 10000) in paragraph at lines 1490--1490
[]|\OT1/cmr/m/n/12 Available
 []


Underfull \hbox (badness 10000) in paragraph at lines 1490--1490
\OT1/cmr/m/n/12 dis-played
 []


Underfull \hbox (badness 10000) in paragraph at lines 1492--1492
[]|\OT1/cmr/m/n/12 Observe
 []


Underfull \hbox (badness 10000) in paragraph at lines 1492--1492
\OT1/cmr/m/n/12 the
 []


Underfull \hbox (badness 10000) in paragraph at lines 1492--1492
\OT1/cmr/m/n/12 'Ac-tive
 []


Underfull \hbox (badness 10000) in paragraph at lines 1492--1492
\OT1/cmr/m/n/12 Rentals'
 []


Underfull \hbox (badness 10000) in paragraph at lines 1492--1492
\OT1/cmr/m/n/12 card
 []


Underfull \hbox (badness 10000) in paragraph at lines 1492--1492
\OT1/cmr/m/n/12 (or-
 []


Underfull \hbox (badness 10000) in paragraph at lines 1492--1492
[]|\OT1/cmr/m/n/12 Card dis-
 []


Underfull \hbox (badness 10000) in paragraph at lines 1492--1492
\OT1/cmr/m/n/12 plays the
 []


Underfull \hbox (badness 5667) in paragraph at lines 1492--1492
\OT1/cmr/m/n/12 num-ber of
 []


Underfull \hbox (badness 10000) in paragraph at lines 1492--1492
\OT1/cmr/m/n/12 on-go-ing
 []


Underfull \hbox (badness 10000) in paragraph at lines 1492--1492
\OT1/cmr/m/n/12 rentals
 []


Underfull \hbox (badness 10000) in paragraph at lines 1492--1492
\OT1/cmr/m/n/12 Rentals
 []


Underfull \hbox (badness 10000) in paragraph at lines 1492--1492
\OT1/cmr/m/n/12 card dis-
 []


Underfull \hbox (badness 10000) in paragraph at lines 1492--1492
\OT1/cmr/m/n/12 cor-rect
 []


Underfull \hbox (badness 10000) in paragraph at lines 1494--1494
[]|\OT1/cmr/m/n/12 Observe
 []


Underfull \hbox (badness 10000) in paragraph at lines 1494--1494
\OT1/cmr/m/n/12 the
 []


Underfull \hbox (badness 10000) in paragraph at lines 1494--1494
\OT1/cmr/m/n/12 'Over-
 []


Underfull \hbox (badness 10000) in paragraph at lines 1494--1494
\OT1/cmr/m/n/12 due'
 []


Underfull \hbox (badness 10000) in paragraph at lines 1494--1494
\OT1/cmr/m/n/12 card
 []


Underfull \hbox (badness 10000) in paragraph at lines 1494--1494
[]|\OT1/cmr/m/n/12 Card dis-
 []


Underfull \hbox (badness 4316) in paragraph at lines 1494--1494
\OT1/cmr/m/n/12 of over-due
 []


Underfull \hbox (badness 10000) in paragraph at lines 1494--1494
\OT1/cmr/m/n/12 rentals
 []


Underfull \hbox (badness 5878) in paragraph at lines 1494--1494
[]|\OT1/cmr/m/n/12 The over-
 []


Underfull \hbox (badness 10000) in paragraph at lines 1494--1494
\OT1/cmr/m/n/12 due card
 []


Underfull \hbox (badness 10000) in paragraph at lines 1494--1494
\OT1/cmr/m/n/12 dis-played
 []


Underfull \hbox (badness 10000) in paragraph at lines 1496--1496
[]|\OT1/cmr/m/n/12 Observe
 []


Underfull \hbox (badness 10000) in paragraph at lines 1496--1496
\OT1/cmr/m/n/12 the
 []


Underfull \hbox (badness 10000) in paragraph at lines 1496--1496
\OT1/cmr/m/n/12 'To-tal
 []


Underfull \hbox (badness 10000) in paragraph at lines 1496--1496
\OT1/cmr/m/n/12 Users'
 []


Underfull \hbox (badness 10000) in paragraph at lines 1496--1496
\OT1/cmr/m/n/12 card
 []


Underfull \hbox (badness 10000) in paragraph at lines 1496--1496
\OT1/cmr/m/n/12 (pur-
 []


Underfull \hbox (badness 10000) in paragraph at lines 1496--1496
[]|\OT1/cmr/m/n/12 Card dis-
 []


Underfull \hbox (badness 2213) in paragraph at lines 1496--1496
\OT1/cmr/m/n/12 plays to-tal
 []


Underfull \hbox (badness 10000) in paragraph at lines 1496--1496
\OT1/cmr/m/n/12 reg-is-tered
 []


Underfull \hbox (badness 1460) in paragraph at lines 1496--1496
\OT1/cmr/m/n/12 users (e.g.,
 []


Underfull \hbox (badness 10000) in paragraph at lines 1496--1496
[]|\OT1/cmr/m/n/12 The to-tal
 []


Underfull \hbox (badness 1874) in paragraph at lines 1496--1496
\OT1/cmr/m/n/12 users card
 []


Underfull \hbox (badness 10000) in paragraph at lines 1496--1496
\OT1/cmr/m/n/12 dis-played
 []


Underfull \hbox (badness 10000) in paragraph at lines 1498--1498
[]|\OT1/cmr/m/n/12 Observe
 []


Underfull \hbox (badness 10000) in paragraph at lines 1498--1498
\OT1/cmr/m/n/12 the
 []


Underfull \hbox (badness 10000) in paragraph at lines 1498--1498
\OT1/cmr/m/n/12 'Banned
 []


Underfull \hbox (badness 10000) in paragraph at lines 1498--1498
\OT1/cmr/m/n/12 Users'
 []


Underfull \hbox (badness 10000) in paragraph at lines 1498--1498
\OT1/cmr/m/n/12 card
 []


Underfull \hbox (badness 10000) in paragraph at lines 1498--1498
[]|\OT1/cmr/m/n/12 Card dis-
 []


Underfull \hbox (badness 2213) in paragraph at lines 1498--1498
\OT1/cmr/m/n/12 plays to-tal
 []


Underfull \hbox (badness 10000) in paragraph at lines 1498--1498
\OT1/cmr/m/n/12 banned
 []


Underfull \hbox (badness 10000) in paragraph at lines 1498--1498
\OT1/cmr/m/n/12 user ac-
 []


Underfull \hbox (badness 10000) in paragraph at lines 1498--1498
\OT1/cmr/m/n/12 counts
 []


Underfull \hbox (badness 10000) in paragraph at lines 1498--1498
[]|\OT1/cmr/m/n/12 The
 []


Underfull \hbox (badness 10000) in paragraph at lines 1498--1498
\OT1/cmr/m/n/12 Banned
 []


Underfull \hbox (badness 10000) in paragraph at lines 1498--1498
\OT1/cmr/m/n/12 dis-played
 []


Overfull \hbox (1.67656pt too wide) in alignment at lines 1482--1499
 [] [] [] [] [] [] 
 []


chapter4.tex:1499: Infinite glue shrinkage found in box being split.
<argument> Infinite shrink error above ignored ! 
                                                 
l.1499 \end{longtable}
                      
The box you are \vsplitting contains some infinitely
shrinkable glue, e.g., `\vss' or `\vskip 0pt minus 1fil'.
Such glue doesn't belong there; but you can safely proceed,
since the offensive shrinkability has been made finite.


[238]
Underfull \hbox (badness 10000) in paragraph at lines 1512--1512
[]|\OT1/cmr/bx/n/12 Test Sce-
 []


Underfull \hbox (badness 10000) in paragraph at lines 1514--1514
[]|\OT1/cmr/bx/n/12 Test Case
 []


Underfull \hbox (badness 3386) in paragraph at lines 1514--1514
[]|\OT1/cmr/m/n/12 Verify that the Over-
 []


Underfull \hbox (badness 3907) in paragraph at lines 1514--1514
\OT1/cmr/m/n/12 due Alerts panel cor-
 []


Underfull \hbox (badness 10000) in paragraph at lines 1516--1516
[]|\OT1/cmr/bx/n/12 Pre-
 []


Underfull \hbox (badness 10000) in paragraph at lines 1516--1516
[]|\OT1/cmr/bx/n/12 Post-
 []


Underfull \hbox (badness 10000) in paragraph at lines 1516--1516
[]|\OT1/cmr/m/n/12 The Over-due
 []


Underfull \hbox (badness 7832) in paragraph at lines 1516--1516
\OT1/cmr/m/n/12 green check-mark
 []


Underfull \hbox (badness 10000) in paragraph at lines 1516--1516
\OT1/cmr/m/n/12 and empty-state
 []


Overfull \hbox (2.48392pt too wide) in alignment at lines 1510--1520
 [] [] [] [] 
 []



[239]
Underfull \hbox (badness 10000) in paragraph at lines 1526--1526
[]|\OT1/cmr/bx/n/12 Expected
 []


Underfull \hbox (badness 10000) in paragraph at lines 1526--1526
[]|\OT1/cmr/bx/n/12 Actual
 []


Underfull \hbox (badness 2608) in paragraph at lines 1526--1526
[]|\OT1/cmr/bx/n/12 Test Re-
 []


Overfull \hbox (2.6843pt too wide) in paragraph at lines 1528--1528
[]|\OT1/cmr/m/n/12 Navigate
 []


Underfull \hbox (badness 10000) in paragraph at lines 1528--1528
\OT1/cmr/m/n/12 to the
 []


Underfull \hbox (badness 10000) in paragraph at lines 1528--1528
\OT1/cmr/m/n/12 Dash-
 []


Underfull \hbox (badness 10000) in paragraph at lines 1528--1528
\OT1/cmr/m/n/12 board
 []


Underfull \hbox (badness 10000) in paragraph at lines 1528--1528
[]|\OT1/cmr/m/n/12 Dashboard
 []


Underfull \hbox (badness 3098) in paragraph at lines 1528--1528
\OT1/cmr/m/n/12 page loads
 []


Underfull \hbox (badness 10000) in paragraph at lines 1528--1528
\OT1/cmr/m/n/12 suc-cess-
 []


Underfull \hbox (badness 10000) in paragraph at lines 1528--1528
[]|\OT1/cmr/m/n/12 Dashboard
 []


Underfull \hbox (badness 10000) in paragraph at lines 1530--1530
[]|\OT1/cmr/m/n/12 Locate
 []


Underfull \hbox (badness 10000) in paragraph at lines 1530--1530
\OT1/cmr/m/n/12 the
 []


Underfull \hbox (badness 10000) in paragraph at lines 1530--1530
\OT1/cmr/m/n/12 'Over-
 []


Underfull \hbox (badness 10000) in paragraph at lines 1530--1530
\OT1/cmr/m/n/12 due
 []


Underfull \hbox (badness 10000) in paragraph at lines 1530--1530
\OT1/cmr/m/n/12 Alerts'
 []


Underfull \hbox (badness 7273) in paragraph at lines 1530--1530
[]|\OT1/cmr/m/n/12 The panel
 []


Underfull \hbox (badness 10000) in paragraph at lines 1530--1530
\OT1/cmr/m/n/12 is present
 []


Underfull \hbox (badness 10000) in paragraph at lines 1530--1530
\OT1/cmr/m/n/12 with a
 []


Underfull \hbox (badness 10000) in paragraph at lines 1530--1530
\OT1/cmr/m/n/12 badge
 []


Underfull \hbox (badness 10000) in paragraph at lines 1530--1530
\OT1/cmr/m/n/12 show-ing
 []


Underfull \hbox (badness 10000) in paragraph at lines 1530--1530
[]|\OT1/cmr/m/n/12 Overdue
 []


Underfull \hbox (badness 10000) in paragraph at lines 1530--1530
\OT1/cmr/m/n/12 Alerts
 []


Underfull \hbox (badness 10000) in paragraph at lines 1530--1530
\OT1/cmr/m/n/12 panel
 []


Underfull \hbox (badness 10000) in paragraph at lines 1530--1530
\OT1/cmr/m/n/12 found
 []


Underfull \hbox (badness 10000) in paragraph at lines 1532--1532
[]|\OT1/cmr/m/n/12 Observe
 []


Underfull \hbox (badness 10000) in paragraph at lines 1532--1532
\OT1/cmr/m/n/12 the
 []


Underfull \hbox (badness 10000) in paragraph at lines 1532--1532
\OT1/cmr/m/n/12 panel
 []


Underfull \hbox (badness 10000) in paragraph at lines 1532--1532
\OT1/cmr/m/n/12 body
 []


Underfull \hbox (badness 10000) in paragraph at lines 1532--1532
\OT1/cmr/m/n/12 when
 []


Underfull \hbox (badness 10000) in paragraph at lines 1532--1532
\OT1/cmr/m/n/12 over-due
 []


Underfull \hbox (badness 10000) in paragraph at lines 1532--1532
[]|\OT1/cmr/m/n/12 Green
 []


Underfull \hbox (badness 10000) in paragraph at lines 1532--1532
\OT1/cmr/m/n/12 check-
 []


Underfull \hbox (badness 8189) in paragraph at lines 1532--1532
\OT1/cmr/m/n/12 mark icon
 []


Underfull \hbox (badness 10000) in paragraph at lines 1532--1532
\OT1/cmr/m/n/12 and mes-
 []


Underfull \hbox (badness 10000) in paragraph at lines 1532--1532
\OT1/cmr/m/n/12 sage 'No
 []


Underfull \hbox (badness 10000) in paragraph at lines 1532--1532
\OT1/cmr/m/n/12 over-due
 []


Underfull \hbox (badness 10000) in paragraph at lines 1532--1532
\OT1/cmr/m/n/12 rentals!'
 []


Underfull \hbox (badness 10000) in paragraph at lines 1532--1532
\OT1/cmr/m/n/12 are dis-
 []


Underfull \hbox (badness 10000) in paragraph at lines 1532--1532
[]|\OT1/cmr/m/n/12 Green
 []


Underfull \hbox (badness 10000) in paragraph at lines 1532--1532
\OT1/cmr/m/n/12 check-
 []


Underfull \hbox (badness 5878) in paragraph at lines 1532--1532
\OT1/cmr/m/n/12 mark and
 []


Underfull \hbox (badness 10000) in paragraph at lines 1532--1532
\OT1/cmr/m/n/12 empty-
 []


Underfull \hbox (badness 10000) in paragraph at lines 1532--1532
\OT1/cmr/m/n/12 state
 []


Underfull \hbox (badness 10000) in paragraph at lines 1532--1532
\OT1/cmr/m/n/12 mes-sage
 []


Underfull \hbox (badness 10000) in paragraph at lines 1532--1532
\OT1/cmr/m/n/12 dis-played
 []


Underfull \hbox (badness 10000) in paragraph at lines 1532--1532
\OT1/cmr/m/n/12 as ex-
 []


Overfull \hbox (1.67656pt too wide) in alignment at lines 1524--1533
 [] [] [] [] [] [] 
 []


chapter4.tex:1533: Infinite glue shrinkage found in box being split.
<argument> Infinite shrink error above ignored ! 
                                                 
l.1533 \end{longtable}
                      
The box you are \vsplitting contains some infinitely
shrinkable glue, e.g., `\vss' or `\vskip 0pt minus 1fil'.
Such glue doesn't belong there; but you can safely proceed,
since the offensive shrinkability has been made finite.


[240]
Underfull \hbox (badness 10000) in paragraph at lines 1546--1546
[]|\OT1/cmr/bx/n/12 Test Sce-
 []


Underfull \hbox (badness 10000) in paragraph at lines 1548--1548
[]|\OT1/cmr/bx/n/12 Test Case
 []


Underfull \hbox (badness 10000) in paragraph at lines 1550--1550
[]|\OT1/cmr/bx/n/12 Pre-
 []


Underfull \hbox (badness 1152) in paragraph at lines 1550--1550
\OT1/cmr/m/n/12 ex-ists in the database;
 []


Underfull \hbox (badness 10000) in paragraph at lines 1550--1550
[]|\OT1/cmr/bx/n/12 Post-
 []


Underfull \hbox (badness 5189) in paragraph at lines 1550--1550
[]|\OT1/cmr/m/n/12 Panel shows up
 []


Overfull \hbox (2.48392pt too wide) in alignment at lines 1544--1554
 [] [] [] [] 
 []


Underfull \hbox (badness 10000) in paragraph at lines 1560--1560
[]|\OT1/cmr/bx/n/12 Expected
 []


Underfull \hbox (badness 10000) in paragraph at lines 1560--1560
[]|\OT1/cmr/bx/n/12 Actual
 []


Underfull \hbox (badness 2608) in paragraph at lines 1560--1560
[]|\OT1/cmr/bx/n/12 Test Re-
 []


Overfull \hbox (2.6843pt too wide) in paragraph at lines 1562--1562
[]|\OT1/cmr/m/n/12 Navigate
 []


Underfull \hbox (badness 10000) in paragraph at lines 1562--1562
\OT1/cmr/m/n/12 to the
 []


Underfull \hbox (badness 10000) in paragraph at lines 1562--1562
\OT1/cmr/m/n/12 Dash-
 []


Underfull \hbox (badness 10000) in paragraph at lines 1562--1562
\OT1/cmr/m/n/12 board
 []


Underfull \hbox (badness 10000) in paragraph at lines 1562--1562
[]|\OT1/cmr/m/n/12 Dashboard
 []


Underfull \hbox (badness 10000) in paragraph at lines 1562--1562
\OT1/cmr/m/n/12 loads suc-
 []


Underfull \hbox (badness 10000) in paragraph at lines 1562--1562
[]|\OT1/cmr/m/n/12 Dashboard
 []


Underfull \hbox (badness 10000) in paragraph at lines 1564--1564
[]|\OT1/cmr/m/n/12 Locate
 []


Underfull \hbox (badness 10000) in paragraph at lines 1564--1564
\OT1/cmr/m/n/12 the
 []


Underfull \hbox (badness 10000) in paragraph at lines 1564--1564
\OT1/cmr/m/n/12 'Re-cent
 []


Underfull \hbox (badness 10000) in paragraph at lines 1564--1564
\OT1/cmr/m/n/12 Rental
 []


Underfull \hbox (badness 10000) in paragraph at lines 1564--1564
\OT1/cmr/m/n/12 His-tory'
 []


Underfull \hbox (badness 7273) in paragraph at lines 1564--1564
[]|\OT1/cmr/m/n/12 The panel
 []


Underfull \hbox (badness 10000) in paragraph at lines 1564--1564
\OT1/cmr/m/n/12 is present
 []


Underfull \hbox (badness 10000) in paragraph at lines 1564--1564
[]|\OT1/cmr/m/n/12 Recent
 []


Underfull \hbox (badness 10000) in paragraph at lines 1564--1564
\OT1/cmr/m/n/12 Rental
 []


Underfull \hbox (badness 10000) in paragraph at lines 1564--1564
\OT1/cmr/m/n/12 His-tory
 []


Underfull \hbox (badness 10000) in paragraph at lines 1564--1564
\OT1/cmr/m/n/12 panel
 []


Underfull \hbox (badness 10000) in paragraph at lines 1566--1566
[]|\OT1/cmr/m/n/12 Observe
 []


Underfull \hbox (badness 4013) in paragraph at lines 1566--1566
\OT1/cmr/m/n/12 the list
 []


Underfull \hbox (badness 10000) in paragraph at lines 1566--1566
[]|\OT1/cmr/m/n/12 Up to 5
 []


Underfull \hbox (badness 3623) in paragraph at lines 1566--1566
\OT1/cmr/m/n/12 en-tries are
 []


Underfull \hbox (badness 10000) in paragraph at lines 1566--1566
\OT1/cmr/m/n/12 shown,
 []


Underfull \hbox (badness 10000) in paragraph at lines 1566--1566
\OT1/cmr/m/n/12 each dis-
 []


Underfull \hbox (badness 10000) in paragraph at lines 1566--1566
\OT1/cmr/m/n/12 play-ing:
 []


Underfull \hbox (badness 1590) in paragraph at lines 1566--1566
\OT1/cmr/m/n/12 name, sta-
 []


Underfull \hbox (badness 10000) in paragraph at lines 1566--1566
\OT1/cmr/m/n/12 tion and
 []


Underfull \hbox (badness 10000) in paragraph at lines 1566--1566
\OT1/cmr/m/n/12 slot, and
 []


Underfull \hbox (badness 10000) in paragraph at lines 1566--1566
\OT1/cmr/m/n/12 a sta-tus
 []


Underfull \hbox (badness 3199) in paragraph at lines 1566--1566
\OT1/cmr/m/n/12 badge (ac-
 []


Overfull \hbox (16.62326pt too wide) in paragraph at lines 1566--1566
\OT1/cmr/m/n/12 tive/returned).| 
 []


Underfull \hbox (badness 10000) in paragraph at lines 1566--1566
[]|\OT1/cmr/m/n/12 5 re-cent
 []


Underfull \hbox (badness 10000) in paragraph at lines 1566--1566
\OT1/cmr/m/n/12 en-tries
 []


Underfull \hbox (badness 10000) in paragraph at lines 1566--1566
\OT1/cmr/m/n/12 shown
 []


Underfull \hbox (badness 10000) in paragraph at lines 1566--1566
\OT1/cmr/m/n/12 with cor-
 []


Underfull \hbox (badness 10000) in paragraph at lines 1566--1566
\OT1/cmr/m/n/12 rect user
 []


Underfull \hbox (badness 10000) in paragraph at lines 1566--1566
\OT1/cmr/m/n/12 names,
 []


Underfull \hbox (badness 10000) in paragraph at lines 1566--1566
\OT1/cmr/m/n/12 sta-tion
 []


Underfull \hbox (badness 10000) in paragraph at lines 1566--1566
\OT1/cmr/m/n/12 info, and
 []


Underfull \hbox (badness 10000) in paragraph at lines 1566--1566
\OT1/cmr/m/n/12 sta-tus
 []


Underfull \hbox (badness 10000) in paragraph at lines 1568--1568
[]|\OT1/cmr/m/n/12 Verify
 []


Underfull \hbox (badness 10000) in paragraph at lines 1568--1568
[]|\OT1/cmr/m/n/12 Entries
 []


Underfull \hbox (badness 10000) in paragraph at lines 1568--1568
\OT1/cmr/m/n/12 are sorted
 []


Underfull \hbox (badness 10000) in paragraph at lines 1568--1568
\OT1/cmr/m/n/12 newest-first
 []


Underfull \hbox (badness 10000) in paragraph at lines 1568--1568
\OT1/cmr/m/n/12 (most re-
 []


Underfull \hbox (badness 1577) in paragraph at lines 1568--1568
\OT1/cmr/m/n/12 cent rental
 []


Underfull \hbox (badness 2635) in paragraph at lines 1568--1568
\OT1/cmr/m/n/12 ap-pears at
 []


Underfull \hbox (badness 10000) in paragraph at lines 1568--1568
[]|\OT1/cmr/m/n/12 Entries
 []


Underfull \hbox (badness 10000) in paragraph at lines 1568--1568
\OT1/cmr/m/n/12 were
 []


Underfull \hbox (badness 10000) in paragraph at lines 1568--1568
\OT1/cmr/m/n/12 sorted
 []


Underfull \hbox (badness 10000) in paragraph at lines 1568--1568
\OT1/cmr/m/n/12 newest-
 []


Underfull \hbox (badness 10000) in paragraph at lines 1568--1568
\OT1/cmr/m/n/12 first as
 []


Overfull \hbox (1.67656pt too wide) in alignment at lines 1558--1569
 [] [] [] [] [] [] 
 []


chapter4.tex:1569: Infinite glue shrinkage found in box being split.
<argument> Infinite shrink error above ignored ! 
                                                 
l.1569 \end{longtable}
                      
The box you are \vsplitting contains some infinitely
shrinkable glue, e.g., `\vss' or `\vskip 0pt minus 1fil'.
Such glue doesn't belong there; but you can safely proceed,
since the offensive shrinkability has been made finite.


[241]
Underfull \hbox (badness 10000) in paragraph at lines 1582--1582
[]|\OT1/cmr/bx/n/12 Test Sce-
 []


Underfull \hbox (badness 10000) in paragraph at lines 1584--1584
[]|\OT1/cmr/bx/n/12 Test Case
 []


Underfull \hbox (badness 10000) in paragraph at lines 1586--1586
[]|\OT1/cmr/bx/n/12 Pre-
 []


Underfull \hbox (badness 10000) in paragraph at lines 1586--1586
[]|\OT1/cmr/m/n/12 Admin is logged in;
 []


Underfull \hbox (badness 10000) in paragraph at lines 1586--1586
[]|\OT1/cmr/bx/n/12 Post-
 []


Underfull \hbox (badness 10000) in paragraph at lines 1586--1586
[]|\OT1/cmr/m/n/12 Sidebar badges
 []


Underfull \hbox (badness 10000) in paragraph at lines 1586--1586
\OT1/cmr/m/n/12 match the val-
 []


Underfull \hbox (badness 1603) in paragraph at lines 1586--1586
\OT1/cmr/m/n/12 ues dis-played on
 []


Underfull \hbox (badness 10000) in paragraph at lines 1586--1586
\OT1/cmr/m/n/12 their re-spec-tive
 []


Overfull \hbox (2.48392pt too wide) in alignment at lines 1580--1590
 [] [] [] [] 
 []


chapter4.tex:1590: Infinite glue shrinkage found in box being split.
<argument> Infinite shrink error above ignored ! 
                                                 
l.1590 \end{longtable}
                      
The box you are \vsplitting contains some infinitely
shrinkable glue, e.g., `\vss' or `\vskip 0pt minus 1fil'.
Such glue doesn't belong there; but you can safely proceed,
since the offensive shrinkability has been made finite.


[242]
Underfull \hbox (badness 10000) in paragraph at lines 1596--1596
[]|\OT1/cmr/bx/n/12 Expected
 []


Underfull \hbox (badness 10000) in paragraph at lines 1596--1596
[]|\OT1/cmr/bx/n/12 Actual
 []


Underfull \hbox (badness 2608) in paragraph at lines 1596--1596
[]|\OT1/cmr/bx/n/12 Test Re-
 []


Underfull \hbox (badness 10000) in paragraph at lines 1598--1598
[]|\OT1/cmr/m/n/12 Open
 []


Underfull \hbox (badness 10000) in paragraph at lines 1598--1598
\OT1/cmr/m/n/12 the
 []


Underfull \hbox (badness 10000) in paragraph at lines 1598--1598
\OT1/cmr/m/n/12 side-bar
 []


Underfull \hbox (badness 10000) in paragraph at lines 1598--1598
\OT1/cmr/m/n/12 and
 []


Underfull \hbox (badness 10000) in paragraph at lines 1598--1598
\OT1/cmr/m/n/12 ob-serve
 []


Underfull \hbox (badness 10000) in paragraph at lines 1598--1598
\OT1/cmr/m/n/12 the
 []


Underfull \hbox (badness 10000) in paragraph at lines 1598--1598
\OT1/cmr/m/n/12 'Ac-tive
 []


Underfull \hbox (badness 10000) in paragraph at lines 1598--1598
\OT1/cmr/m/n/12 Rentals'
 []


Underfull \hbox (badness 10000) in paragraph at lines 1598--1598
\OT1/cmr/m/n/12 menu
 []


Underfull \hbox (badness 10000) in paragraph at lines 1598--1598
[]|\OT1/cmr/m/n/12 A blue
 []


Underfull \hbox (badness 5519) in paragraph at lines 1598--1598
\OT1/cmr/m/n/12 badge dis-
 []


Underfull \hbox (badness 4967) in paragraph at lines 1598--1598
\OT1/cmr/m/n/12 tive rental
 []


Underfull \hbox (badness 10000) in paragraph at lines 1598--1598
\OT1/cmr/m/n/12 Rentals
 []


Underfull \hbox (badness 10000) in paragraph at lines 1598--1598
\OT1/cmr/m/n/12 badge
 []


Underfull \hbox (badness 10000) in paragraph at lines 1598--1598
\OT1/cmr/m/n/12 showed
 []


Underfull \hbox (badness 10000) in paragraph at lines 1600--1600
[]|\OT1/cmr/m/n/12 Observe
 []


Underfull \hbox (badness 10000) in paragraph at lines 1600--1600
\OT1/cmr/m/n/12 the
 []


Underfull \hbox (badness 10000) in paragraph at lines 1600--1600
\OT1/cmr/m/n/12 'Of-fline
 []


Underfull \hbox (badness 10000) in paragraph at lines 1600--1600
\OT1/cmr/m/n/12 Mon-
 []


Underfull \hbox (badness 10000) in paragraph at lines 1600--1600
\OT1/cmr/m/n/12 i-tor'
 []


Underfull \hbox (badness 10000) in paragraph at lines 1600--1600
\OT1/cmr/m/n/12 menu
 []


Underfull \hbox (badness 10000) in paragraph at lines 1600--1600
[]|\OT1/cmr/m/n/12 A red
 []


Underfull \hbox (badness 5519) in paragraph at lines 1600--1600
\OT1/cmr/m/n/12 badge dis-
 []


Underfull \hbox (badness 10000) in paragraph at lines 1600--1600
\OT1/cmr/m/n/12 play-ing
 []


Underfull \hbox (badness 3098) in paragraph at lines 1600--1600
\OT1/cmr/m/n/12 of-fline sta-
 []


Underfull \hbox (badness 10000) in paragraph at lines 1600--1600
\OT1/cmr/m/n/12 tions and
 []


Underfull \hbox (badness 10000) in paragraph at lines 1600--1600
\OT1/cmr/m/n/12 Mon-i-tor
 []


Underfull \hbox (badness 10000) in paragraph at lines 1600--1600
\OT1/cmr/m/n/12 badge
 []


Underfull \hbox (badness 10000) in paragraph at lines 1600--1600
\OT1/cmr/m/n/12 showed
 []


Overfull \hbox (3.66762pt too wide) in paragraph at lines 1602--1602
[]|\OT1/cmr/m/n/12 Compare
 []


Underfull \hbox (badness 10000) in paragraph at lines 1602--1602
\OT1/cmr/m/n/12 side-bar
 []


Underfull \hbox (badness 10000) in paragraph at lines 1602--1602
\OT1/cmr/m/n/12 badge
 []


Underfull \hbox (badness 10000) in paragraph at lines 1602--1602
\OT1/cmr/m/n/12 val-ues
 []


Underfull \hbox (badness 10000) in paragraph at lines 1602--1602
\OT1/cmr/m/n/12 against
 []


Underfull \hbox (badness 10000) in paragraph at lines 1602--1602
\OT1/cmr/m/n/12 the
 []


Underfull \hbox (badness 10000) in paragraph at lines 1602--1602
\OT1/cmr/m/n/12 dash-
 []


Underfull \hbox (badness 10000) in paragraph at lines 1602--1602
\OT1/cmr/m/n/12 board
 []


Underfull \hbox (badness 10000) in paragraph at lines 1602--1602
\OT1/cmr/m/n/12 stat
 []


Underfull \hbox (badness 10000) in paragraph at lines 1602--1602
[]|\OT1/cmr/m/n/12 Badge
 []


Underfull \hbox (badness 10000) in paragraph at lines 1602--1602
\OT1/cmr/m/n/12 counts
 []


Underfull \hbox (badness 10000) in paragraph at lines 1602--1602
\OT1/cmr/m/n/12 match
 []


Underfull \hbox (badness 10000) in paragraph at lines 1602--1602
\OT1/cmr/m/n/12 the cor-re-
 []


Underfull \hbox (badness 10000) in paragraph at lines 1602--1602
\OT1/cmr/m/n/12 spond-ing
 []


Underfull \hbox (badness 10000) in paragraph at lines 1602--1602
\OT1/cmr/m/n/12 stat card
 []


Underfull \hbox (badness 10000) in paragraph at lines 1602--1602
\OT1/cmr/m/n/12 val-ues
 []


Underfull \hbox (badness 10000) in paragraph at lines 1602--1602
\OT1/cmr/m/n/12 on the
 []


Underfull \hbox (badness 10000) in paragraph at lines 1602--1602
[]|\OT1/cmr/m/n/12 All side-
 []


Underfull \hbox (badness 2856) in paragraph at lines 1602--1602
\OT1/cmr/m/n/12 bar badge
 []


Underfull \hbox (badness 10000) in paragraph at lines 1602--1602
\OT1/cmr/m/n/12 counts
 []


Underfull \hbox (badness 10000) in paragraph at lines 1602--1602
\OT1/cmr/m/n/12 matched
 []


Underfull \hbox (badness 10000) in paragraph at lines 1602--1602
\OT1/cmr/m/n/12 dash-
 []


Overfull \hbox (1.67656pt too wide) in alignment at lines 1594--1603
 [] [] [] [] [] [] 
 []


chapter4.tex:1603: Infinite glue shrinkage found in box being split.
<argument> Infinite shrink error above ignored ! 
                                                 
l.1603 \end{longtable}
                      
The box you are \vsplitting contains some infinitely
shrinkable glue, e.g., `\vss' or `\vskip 0pt minus 1fil'.
Such glue doesn't belong there; but you can safely proceed,
since the offensive shrinkability has been made finite.


[243]
Underfull \hbox (badness 10000) in paragraph at lines 1616--1616
[]|\OT1/cmr/bx/n/12 Test Sce-
 []


Underfull \hbox (badness 10000) in paragraph at lines 1618--1618
[]|\OT1/cmr/bx/n/12 Test Case
 []


Underfull \hbox (badness 1189) in paragraph at lines 1618--1618
[]|\OT1/cmr/m/n/12 Verify that the re-fresh
 []


Underfull \hbox (badness 3525) in paragraph at lines 1618--1618
\OT1/cmr/m/n/12 board with the lat-est
 []


Underfull \hbox (badness 10000) in paragraph at lines 1620--1620
[]|\OT1/cmr/bx/n/12 Pre-
 []


Underfull \hbox (badness 10000) in paragraph at lines 1620--1620
[]|\OT1/cmr/bx/n/12 Post-
 []


Underfull \hbox (badness 4429) in paragraph at lines 1620--1620
\OT1/cmr/m/n/12 the most re-cent
 []


Overfull \hbox (2.48392pt too wide) in alignment at lines 1614--1624
 [] [] [] [] 
 []


Underfull \hbox (badness 10000) in paragraph at lines 1630--1630
[]|\OT1/cmr/bx/n/12 Expected
 []


Underfull \hbox (badness 10000) in paragraph at lines 1630--1630
[]|\OT1/cmr/bx/n/12 Actual
 []


Underfull \hbox (badness 2608) in paragraph at lines 1630--1630
[]|\OT1/cmr/bx/n/12 Test Re-
 []


Underfull \hbox (badness 10000) in paragraph at lines 1632--1632
[]|\OT1/cmr/m/n/12 Locate
 []


Underfull \hbox (badness 10000) in paragraph at lines 1632--1632
\OT1/cmr/m/n/12 and
 []


Underfull \hbox (badness 10000) in paragraph at lines 1632--1632
\OT1/cmr/m/n/12 re-fresh
 []


Underfull \hbox (badness 7012) in paragraph at lines 1632--1632
\OT1/cmr/m/n/12 icon in
 []


Underfull \hbox (badness 10000) in paragraph at lines 1632--1632
\OT1/cmr/m/n/12 right
 []


Underfull \hbox (badness 10000) in paragraph at lines 1632--1632
\OT1/cmr/m/n/12 of the
 []


Underfull \hbox (badness 10000) in paragraph at lines 1632--1632
\OT1/cmr/m/n/12 header
 []


Underfull \hbox (badness 10000) in paragraph at lines 1632--1632
[]|\OT1/cmr/m/n/12 The page
 []


Underfull \hbox (badness 10000) in paragraph at lines 1632--1632
\OT1/cmr/m/n/12 all dash-
 []


Underfull \hbox (badness 3623) in paragraph at lines 1632--1632
\OT1/cmr/m/n/12 board stat
 []


Underfull \hbox (badness 10000) in paragraph at lines 1632--1632
\OT1/cmr/m/n/12 cards up-
 []


Underfull \hbox (badness 10000) in paragraph at lines 1632--1632
\OT1/cmr/m/n/12 date with
 []


Underfull \hbox (badness 10000) in paragraph at lines 1632--1632
\OT1/cmr/m/n/12 the lat-est
 []


Underfull \hbox (badness 10000) in paragraph at lines 1632--1632
[]|\OT1/cmr/m/n/12 Page
 []


Underfull \hbox (badness 10000) in paragraph at lines 1632--1632
\OT1/cmr/m/n/12 reloaded;
 []


Underfull \hbox (badness 10000) in paragraph at lines 1632--1632
\OT1/cmr/m/n/12 all stat
 []


Underfull \hbox (badness 10000) in paragraph at lines 1632--1632
\OT1/cmr/m/n/12 re-freshed
 []


Underfull \hbox (badness 10000) in paragraph at lines 1632--1632
\OT1/cmr/m/n/12 suc-cess-
 []


Overfull \hbox (1.67656pt too wide) in alignment at lines 1628--1633
 [] [] [] [] [] [] 
 []


chapter4.tex:1633: Infinite glue shrinkage found in box being split.
<argument> Infinite shrink error above ignored ! 
                                                 
l.1633 \end{longtable}
                      
The box you are \vsplitting contains some infinitely
shrinkable glue, e.g., `\vss' or `\vskip 0pt minus 1fil'.
Such glue doesn't belong there; but you can safely proceed,
since the offensive shrinkability has been made finite.


[244]
Underfull \hbox (badness 10000) in paragraph at lines 1646--1646
[]|\OT1/cmr/bx/n/12 Test Sce-
 []


Underfull \hbox (badness 5578) in paragraph at lines 1646--1646
[]|\OT1/cmr/m/n/12 Live Map | Sta-tion
 []


Underfull \hbox (badness 10000) in paragraph at lines 1648--1648
[]|\OT1/cmr/bx/n/12 Test Case
 []


Underfull \hbox (badness 10000) in paragraph at lines 1650--1650
[]|\OT1/cmr/bx/n/12 Pre-
 []


Underfull \hbox (badness 2393) in paragraph at lines 1650--1650
\OT1/cmr/m/n/12 least one sta-tion with
 []


Underfull \hbox (badness 10000) in paragraph at lines 1650--1650
[]|\OT1/cmr/bx/n/12 Post-
 []


Overfull \hbox (2.48392pt too wide) in alignment at lines 1644--1654
 [] [] [] [] 
 []


Underfull \hbox (badness 10000) in paragraph at lines 1660--1660
[]|\OT1/cmr/bx/n/12 Expected
 []


Underfull \hbox (badness 10000) in paragraph at lines 1660--1660
[]|\OT1/cmr/bx/n/12 Actual
 []


Underfull \hbox (badness 2608) in paragraph at lines 1660--1660
[]|\OT1/cmr/bx/n/12 Test Re-
 []


Underfull \hbox (badness 10000) in paragraph at lines 1662--1662
[]|\OT1/cmr/m/n/12 Enter
 []


Underfull \hbox (badness 7907) in paragraph at lines 1662--1662
\OT1/cmr/m/n/12 a valid
 []


Underfull \hbox (badness 10000) in paragraph at lines 1662--1662
\OT1/cmr/m/n/12 reg-is-
 []


Underfull \hbox (badness 10000) in paragraph at lines 1662--1662
\OT1/cmr/m/n/12 tered
 []


Underfull \hbox (badness 10000) in paragraph at lines 1662--1662
\OT1/cmr/m/n/12 email
 []


Underfull \hbox (badness 10000) in paragraph at lines 1662--1662
[]|\OT1/cmr/m/n/12 Email Ad-
 []


Overfull \hbox (33.32686pt too wide) in paragraph at lines 1662--1662
\OT1/cmr/m/n/12 sheena58@gmail.com"| 
 []


Underfull \hbox (badness 7273) in paragraph at lines 1662--1662
[]|\OT1/cmr/m/n/12 The email
 []


Underfull \hbox (badness 10000) in paragraph at lines 1662--1662
\OT1/cmr/m/n/12 ad-dress
 []


Underfull \hbox (badness 10000) in paragraph at lines 1662--1662
\OT1/cmr/m/n/12 field ac-
 []


Underfull \hbox (badness 10000) in paragraph at lines 1662--1662
\OT1/cmr/m/n/12 cepts the
 []


Underfull \hbox (badness 4819) in paragraph at lines 1662--1662
[]|\OT1/cmr/m/n/12 Email en-
 []


Underfull \hbox (badness 3780) in paragraph at lines 1662--1662
\OT1/cmr/m/n/12 tered suc-
 []


Underfull \hbox (badness 10000) in paragraph at lines 1664--1664
[]|\OT1/cmr/m/n/12 Enter
 []


Underfull \hbox (badness 10000) in paragraph at lines 1664--1664
\OT1/cmr/m/n/12 an in-
 []


Underfull \hbox (badness 10000) in paragraph at lines 1664--1664
\OT1/cmr/m/n/12 cor-rect
 []


Underfull \hbox (badness 10000) in paragraph at lines 1664--1664
\OT1/cmr/m/n/12 pass-
 []


Underfull \hbox (badness 10000) in paragraph at lines 1664--1664
[]|\OT1/cmr/m/n/12 Password:
 []


Underfull \hbox (badness 10000) in paragraph at lines 1664--1664
[]|\OT1/cmr/m/n/12 The pass-
 []


Underfull \hbox (badness 10000) in paragraph at lines 1664--1664
\OT1/cmr/m/n/12 word field
 []


Underfull \hbox (badness 7814) in paragraph at lines 1664--1664
\OT1/cmr/m/n/12 masks the
 []


Underfull \hbox (badness 10000) in paragraph at lines 1664--1664
[]|\OT1/cmr/m/n/12 Password
 []


Underfull \hbox (badness 10000) in paragraph at lines 1664--1664
\OT1/cmr/m/n/12 en-tered
 []


Underfull \hbox (badness 10000) in paragraph at lines 1664--1664
\OT1/cmr/m/n/12 and
 []


Underfull \hbox (badness 10000) in paragraph at lines 1666--1666
\OT1/cmr/m/n/12 Log In
 []


Underfull \hbox (badness 10000) in paragraph at lines 1666--1666
\OT1/cmr/m/n/12 should
 []


Underfull \hbox (badness 10000) in paragraph at lines 1666--1666
\OT1/cmr/m/n/12 dis-play a
 []


Underfull \hbox (badness 10000) in paragraph at lines 1666--1666
\OT1/cmr/m/n/12 mes-sage:
 []


Underfull \hbox (badness 10000) in paragraph at lines 1666--1666
\OT1/cmr/m/n/12 \In-valid
 []


Underfull \hbox (badness 10000) in paragraph at lines 1666--1666
\OT1/cmr/m/n/12 email or
 []


Underfull \hbox (badness 6675) in paragraph at lines 1666--1666
[]|\OT1/cmr/m/n/12 The er-ror
 []


Underfull \hbox (badness 10000) in paragraph at lines 1666--1666
\OT1/cmr/m/n/12 mes-sage
 []


Underfull \hbox (badness 10000) in paragraph at lines 1666--1666
\OT1/cmr/m/n/12 \In-valid
 []


Underfull \hbox (badness 10000) in paragraph at lines 1666--1666
\OT1/cmr/m/n/12 email or
 []


Underfull \hbox (badness 10000) in paragraph at lines 1666--1666
\OT1/cmr/m/n/12 pass-word"
 []


Underfull \hbox (badness 10000) in paragraph at lines 1666--1666
\OT1/cmr/m/n/12 was dis-
 []


Underfull \hbox (badness 10000) in paragraph at lines 1666--1666
\OT1/cmr/m/n/12 played as
 []


Overfull \hbox (1.67656pt too wide) in alignment at lines 1658--1667
 [] [] [] [] [] [] 
 []


chapter4.tex:1667: Infinite glue shrinkage found in box being split.
<argument> Infinite shrink error above ignored ! 
                                                 
l.1667 \end{longtable}
                      
The box you are \vsplitting contains some infinitely
shrinkable glue, e.g., `\vss' or `\vskip 0pt minus 1fil'.
Such glue doesn't belong there; but you can safely proceed,
since the offensive shrinkability has been made finite.


[245]
Underfull \hbox (badness 10000) in paragraph at lines 1687--1687
[]|\OT1/cmr/bx/n/12 Test Sce-
 []


Overfull \hbox (3.47165pt too wide) in paragraph at lines 1687--1687
[]|\OT1/cmr/m/n/12 Notification
 []

chapter4.tex:1687: Extra alignment tab has been changed to \cr.
<template> ... width\arrayrulewidth }\endtemplate 
                                                  
l.1687 ...ication System & \textbf{Test Case ID} &
                                                   TC-01 \\ \hline
You have given more \span or & marks than there were
in the preamble to the \halign or \valign now in progress.
So I'll assume that you meant to type \cr instead.


Underfull \hbox (badness 10000) in paragraph at lines 1689--1689
[]|\OT1/cmr/bx/n/12 Test Case
 []


Underfull \hbox (badness 1005) in paragraph at lines 1689--1689
[]|\OT1/cmr/m/n/12 Verify that the sys-tem
 []


Underfull \hbox (badness 10000) in paragraph at lines 1691--1691
[]|\OT1/cmr/bx/n/12 Pre-
 []


Underfull \hbox (badness 10000) in paragraph at lines 1691--1691
[]|\OT1/cmr/bx/n/12 Post-
 []


Underfull \hbox (badness 7888) in paragraph at lines 1691--1691
[]|\OT1/cmr/m/n/12 Slot de-tails are
 []


Underfull \hbox (badness 10000) in paragraph at lines 1691--1691
\OT1/cmr/m/n/12 vis-i-ble and no-
 []


Underfull \hbox (badness 10000) in paragraph at lines 1691--1691
\OT1/cmr/m/n/12 ti-fi-ca-tions are
 []


Underfull \hbox (badness 10000) in paragraph at lines 1691--1691
\OT1/cmr/m/n/12 based on time
 []


Overfull \hbox (2.48392pt too wide) in alignment at lines 1685--1695
 [] [] [] [] 
 []


Underfull \hbox (badness 10000) in paragraph at lines 1701--1701
[]|\OT1/cmr/bx/n/12 Expected
 []


Underfull \hbox (badness 10000) in paragraph at lines 1701--1701
[]|\OT1/cmr/bx/n/12 Actual
 []


Underfull \hbox (badness 2608) in paragraph at lines 1701--1701
[]|\OT1/cmr/bx/n/12 Test Re-
 []


Underfull \hbox (badness 10000) in paragraph at lines 1703--1703
[]|\OT1/cmr/m/n/12 Open
 []


Underfull \hbox (badness 10000) in paragraph at lines 1703--1703
\OT1/cmr/m/n/12 dash-
 []


Underfull \hbox (badness 10000) in paragraph at lines 1703--1703
[]|\OT1/cmr/m/n/12 Dashboard
 []


Underfull \hbox (badness 4193) in paragraph at lines 1703--1703
\OT1/cmr/m/n/12 loads with
 []


Underfull \hbox (badness 10000) in paragraph at lines 1703--1703
\OT1/cmr/m/n/12 all slot
 []


Underfull \hbox (badness 6125) in paragraph at lines 1703--1703
\OT1/cmr/m/n/12 cards vis-i-
 []


Underfull \hbox (badness 10000) in paragraph at lines 1703--1703
[]|\OT1/cmr/m/n/12 Dashboard
 []


Underfull \hbox (badness 10000) in paragraph at lines 1703--1703
\OT1/cmr/m/n/12 cess-fully
 []


Underfull \hbox (badness 10000) in paragraph at lines 1703--1703
\OT1/cmr/m/n/12 show-ing
 []


Underfull \hbox (badness 10000) in paragraph at lines 1703--1703
\OT1/cmr/m/n/12 Slot 1
 []


Underfull \hbox (badness 10000) in paragraph at lines 1705--1705
[]|\OT1/cmr/m/n/12 Observe
 []


Underfull \hbox (badness 10000) in paragraph at lines 1705--1705
\OT1/cmr/m/n/12 Slot
 []


Underfull \hbox (badness 10000) in paragraph at lines 1705--1705
\OT1/cmr/m/n/12 In-for-
 []


Underfull \hbox (badness 10000) in paragraph at lines 1705--1705
[]|\OT1/cmr/m/n/12 Each slot
 []


Underfull \hbox (badness 10000) in paragraph at lines 1705--1705
\OT1/cmr/m/n/12 shows:
 []


Underfull \hbox (badness 10000) in paragraph at lines 1705--1705
\OT1/cmr/m/n/12 Name,
 []


Underfull \hbox (badness 10000) in paragraph at lines 1705--1705
\OT1/cmr/m/n/12 Phone,
 []


Underfull \hbox (badness 10000) in paragraph at lines 1705--1705
\OT1/cmr/m/n/12 Re-turn
 []


Underfull \hbox (badness 10000) in paragraph at lines 1705--1705
[]|\OT1/cmr/m/n/12 Each slot
 []


Underfull \hbox (badness 10000) in paragraph at lines 1705--1705
\OT1/cmr/m/n/12 dis-plays
 []


Underfull \hbox (badness 10000) in paragraph at lines 1705--1705
\OT1/cmr/m/n/12 phone
 []


Underfull \hbox (badness 10000) in paragraph at lines 1705--1705
\OT1/cmr/m/n/12 num-ber,
 []


Underfull \hbox (badness 4492) in paragraph at lines 1705--1705
\OT1/cmr/m/n/12 rented at,
 []


Underfull \hbox (badness 5022) in paragraph at lines 1705--1705
\OT1/cmr/m/n/12 by de-tails
 []


Underfull \hbox (badness 10000) in paragraph at lines 1707--1707
[]|\OT1/cmr/m/n/12 Verify
 []


Underfull \hbox (badness 10000) in paragraph at lines 1707--1707
\OT1/cmr/m/n/12 real-
 []


Underfull \hbox (badness 10000) in paragraph at lines 1707--1707
\OT1/cmr/m/n/12 time
 []


Underfull \hbox (badness 10000) in paragraph at lines 1707--1707
\OT1/cmr/m/n/12 con-nec-
 []


Underfull \hbox (badness 10000) in paragraph at lines 1707--1707
[]|\OT1/cmr/m/n/12 Status
 []


Underfull \hbox (badness 10000) in paragraph at lines 1707--1707
\OT1/cmr/m/n/12 shows
 []


Underfull \hbox (badness 10000) in paragraph at lines 1707--1707
\OT1/cmr/m/n/12 "Con-
 []


Underfull \hbox (badness 10000) in paragraph at lines 1707--1707
\OT1/cmr/m/n/12 nected to
 []


Underfull \hbox (badness 10000) in paragraph at lines 1707--1707
\OT1/cmr/m/n/12 Fire-base
 []


Underfull \hbox (badness 10000) in paragraph at lines 1707--1707
\OT1/cmr/m/n/12 | mon-i-
 []


Underfull \hbox (badness 10000) in paragraph at lines 1707--1707
\OT1/cmr/m/n/12 tor-ing in
 []


Underfull \hbox (badness 10000) in paragraph at lines 1707--1707
[]|\OT1/cmr/m/n/12 Status
 []


Underfull \hbox (badness 10000) in paragraph at lines 1707--1707
\OT1/cmr/m/n/12 ban-ner
 []


Underfull \hbox (badness 10000) in paragraph at lines 1707--1707
\OT1/cmr/m/n/12 dis-played
 []


Underfull \hbox (badness 10000) in paragraph at lines 1707--1707
\OT1/cmr/m/n/12 "Con-
 []


Underfull \hbox (badness 10000) in paragraph at lines 1707--1707
\OT1/cmr/m/n/12 nected to
 []


Underfull \hbox (badness 10000) in paragraph at lines 1707--1707
\OT1/cmr/m/n/12 Fire-base
 []


Underfull \hbox (badness 10000) in paragraph at lines 1707--1707
\OT1/cmr/m/n/12 | mon-i-
 []


Underfull \hbox (badness 10000) in paragraph at lines 1707--1707
\OT1/cmr/m/n/12 tor-ing in
 []


Underfull \hbox (badness 10000) in paragraph at lines 1709--1709
[]|\OT1/cmr/m/n/12 Check
 []


Underfull \hbox (badness 10000) in paragraph at lines 1709--1709
\OT1/cmr/m/n/12 ac-tive
 []


Underfull \hbox (badness 10000) in paragraph at lines 1709--1709
\OT1/cmr/m/n/12 rental
 []


Underfull \hbox (badness 10000) in paragraph at lines 1709--1709
[]|\OT1/cmr/m/n/12 Slot sta-
 []


Underfull \hbox (badness 10000) in paragraph at lines 1709--1709
\OT1/cmr/m/n/12 tus shows
 []


Underfull \hbox (badness 10000) in paragraph at lines 1709--1709
\OT1/cmr/m/n/12 "Rented"
 []


Underfull \hbox (badness 10000) in paragraph at lines 1709--1709
\OT1/cmr/m/n/12 with cor-
 []


Underfull \hbox (badness 10000) in paragraph at lines 1709--1709
\OT1/cmr/m/n/12 rect user
 []


Underfull \hbox (badness 5519) in paragraph at lines 1709--1709
[]|\OT1/cmr/m/n/12 Both Slot
 []


Underfull \hbox (badness 10000) in paragraph at lines 1709--1709
\OT1/cmr/m/n/12 2 show
 []


Underfull \hbox (badness 10000) in paragraph at lines 1709--1709
\OT1/cmr/m/n/12 "Rented"
 []


Underfull \hbox (badness 10000) in paragraph at lines 1709--1709
\OT1/cmr/m/n/12 sta-tus
 []


Underfull \hbox (badness 10000) in paragraph at lines 1709--1709
\OT1/cmr/m/n/12 with cor-
 []


Underfull \hbox (badness 10000) in paragraph at lines 1709--1709
\OT1/cmr/m/n/12 rect user
 []


Underfull \hbox (badness 10000) in paragraph at lines 1709--1709
\OT1/cmr/m/n/12 in-for-ma-
 []


Underfull \hbox (badness 10000) in paragraph at lines 1711--1711
[]|\OT1/cmr/m/n/12 Monitor
 []


Underfull \hbox (badness 10000) in paragraph at lines 1711--1711
\OT1/cmr/m/n/12 count-
 []


Underfull \hbox (badness 10000) in paragraph at lines 1711--1711
\OT1/cmr/m/n/12 down
 []


Underfull \hbox (badness 10000) in paragraph at lines 1711--1711
[]|\OT1/cmr/m/n/12 Remaining
 []


Underfull \hbox (badness 10000) in paragraph at lines 1711--1711
\OT1/cmr/m/n/12 up-dates
 []


Underfull \hbox (badness 10000) in paragraph at lines 1711--1711
\OT1/cmr/m/n/12 dy-nam-i-
 []


Overfull \hbox (1.84389pt too wide) in paragraph at lines 1711--1711
[]|\OT1/cmr/m/n/12 Countdown
 []


Underfull \hbox (badness 5022) in paragraph at lines 1711--1711
\OT1/cmr/m/n/12 timer dis-
 []


Underfull \hbox (badness 10000) in paragraph at lines 1711--1711
\OT1/cmr/m/n/12 played
 []


Underfull \hbox (badness 5388) in paragraph at lines 1711--1711
\OT1/cmr/m/n/12 (e.g., "5h
 []


Underfull \hbox (badness 2409) in paragraph at lines 1711--1711
\OT1/cmr/m/n/12 49m left",
 []


Underfull \hbox (badness 10000) in paragraph at lines 1711--1711
\OT1/cmr/m/n/12 "5h 45m
 []


Underfull \hbox (badness 4492) in paragraph at lines 1711--1711
\OT1/cmr/m/n/12 left") and
 []


Underfull \hbox (badness 10000) in paragraph at lines 1711--1711
\OT1/cmr/m/n/12 up-dates
 []


Overfull \hbox (2.03569pt too wide) in paragraph at lines 1713--1713
[]|\OT1/cmr/m/n/12 Simulate
 []


Underfull \hbox (badness 10000) in paragraph at lines 1713--1713
\OT1/cmr/m/n/12 re-turn
 []


Underfull \hbox (badness 10000) in paragraph at lines 1713--1713
\OT1/cmr/m/n/12 due
 []


Underfull \hbox (badness 10000) in paragraph at lines 1713--1713
\OT1/cmr/m/n/12 time
 []


Underfull \hbox (badness 10000) in paragraph at lines 1713--1713
[]|\OT1/cmr/m/n/12 System
 []


Underfull \hbox (badness 1314) in paragraph at lines 1713--1713
\OT1/cmr/m/n/12 sends "Re-
 []


Underfull \hbox (badness 1584) in paragraph at lines 1713--1713
\OT1/cmr/m/n/12 turn Now"
 []


Underfull \hbox (badness 10000) in paragraph at lines 1713--1713
[]|\OT1/cmr/m/n/12 The
 []


Underfull \hbox (badness 10000) in paragraph at lines 1713--1713
\OT1/cmr/m/n/12 Banned
 []


Underfull \hbox (badness 10000) in paragraph at lines 1713--1713
\OT1/cmr/m/n/12 dis-played
 []


Overfull \hbox (2.03569pt too wide) in paragraph at lines 1715--1715
[]|\OT1/cmr/m/n/12 Simulate
 []


Underfull \hbox (badness 10000) in paragraph at lines 1715--1715
\OT1/cmr/m/n/12 over-due
 []


Underfull \hbox (badness 10000) in paragraph at lines 1715--1715
[]|\OT1/cmr/m/n/12 System
 []


Underfull \hbox (badness 10000) in paragraph at lines 1715--1715
\OT1/cmr/m/n/12 sends
 []


Underfull \hbox (badness 10000) in paragraph at lines 1715--1715
\OT1/cmr/m/n/12 "Over-
 []


Underfull \hbox (badness 7273) in paragraph at lines 1715--1715
\OT1/cmr/m/n/12 due" alert
 []


Underfull \hbox (badness 10000) in paragraph at lines 1715--1715
[]|\OT1/cmr/m/n/12 System
 []


Underfull \hbox (badness 10000) in paragraph at lines 1715--1715
\OT1/cmr/m/n/12 trig-gered
 []


Underfull \hbox (badness 10000) in paragraph at lines 1715--1715
\OT1/cmr/m/n/12 over-due
 []


Underfull \hbox (badness 10000) in paragraph at lines 1715--1715
\OT1/cmr/m/n/12 no-ti-fi-ca-
 []


Underfull \hbox (badness 2856) in paragraph at lines 1715--1715
\OT1/cmr/m/n/12 tion when
 []


Underfull \hbox (badness 10000) in paragraph at lines 1715--1715
\OT1/cmr/m/n/12 rental
 []


Underfull \hbox (badness 10000) in paragraph at lines 1715--1715
\OT1/cmr/m/n/12 ex-ceeded
 []


Underfull \hbox (badness 10000) in paragraph at lines 1715--1715
\OT1/cmr/m/n/12 re-turn
 []


Underfull \hbox (badness 10000) in paragraph at lines 1717--1717
[]|\OT1/cmr/m/n/12 Verify
 []


Underfull \hbox (badness 10000) in paragraph at lines 1717--1717
[]|\OT1/cmr/m/n/12 Notification
 []


Underfull \hbox (badness 10000) in paragraph at lines 1717--1717
[]|\OT1/cmr/m/n/12 SMS Log
 []


Underfull \hbox (badness 10000) in paragraph at lines 1717--1717
\OT1/cmr/m/n/12 dis-plays
 []


Underfull \hbox (badness 10000) in paragraph at lines 1717--1717
\OT1/cmr/m/n/12 sent no-
 []


Underfull \hbox (badness 10000) in paragraph at lines 1717--1717
\OT1/cmr/m/n/12 ti-fi-ca-tion
 []


Underfull \hbox (badness 10000) in paragraph at lines 1717--1717
[]|\OT1/cmr/m/n/12 SMS Log
 []


Underfull \hbox (badness 10000) in paragraph at lines 1717--1717
\OT1/cmr/m/n/12 up-dated
 []


Underfull \hbox (badness 10000) in paragraph at lines 1717--1717
\OT1/cmr/m/n/12 ac-cord-
 []


Underfull \hbox (badness 10000) in paragraph at lines 1717--1717
\OT1/cmr/m/n/12 no-ti-fi-ca-
 []


Underfull \hbox (badness 1603) in paragraph at lines 1717--1717
\OT1/cmr/m/n/12 tions were
 []


Underfull \hbox (badness 10000) in paragraph at lines 1719--1719
[]|\OT1/cmr/m/n/12 Check
 []


Underfull \hbox (badness 10000) in paragraph at lines 1719--1719
\OT1/cmr/m/n/12 mul-ti-ple
 []


Overfull \hbox (5.26088pt too wide) in paragraph at lines 1719--1719
[]|\OT1/cmr/m/n/12 Notifications
 []


Underfull \hbox (badness 10000) in paragraph at lines 1719--1719
\OT1/cmr/m/n/12 han-dled
 []


Underfull \hbox (badness 10000) in paragraph at lines 1719--1719
\OT1/cmr/m/n/12 in-de-pen-
 []


Underfull \hbox (badness 4967) in paragraph at lines 1719--1719
\OT1/cmr/m/n/12 dently per
 []


Underfull \hbox (badness 10000) in paragraph at lines 1719--1719
[]|\OT1/cmr/m/n/12 Each slot
 []


Underfull \hbox (badness 10000) in paragraph at lines 1719--1719
\OT1/cmr/m/n/12 pro-cessed
 []


Underfull \hbox (badness 10000) in paragraph at lines 1719--1719
\OT1/cmr/m/n/12 no-ti-fi-
 []


Underfull \hbox (badness 10000) in paragraph at lines 1719--1719
\OT1/cmr/m/n/12 ca-tions
 []


Underfull \hbox (badness 10000) in paragraph at lines 1719--1719
\OT1/cmr/m/n/12 in-de-pen-
 []


Underfull \hbox (badness 10000) in paragraph at lines 1719--1719
\OT1/cmr/m/n/12 dently
 []


Underfull \hbox (badness 10000) in paragraph at lines 1719--1719
\OT1/cmr/m/n/12 with-out
 []


Underfull \hbox (badness 10000) in paragraph at lines 1721--1721
[]|\OT1/cmr/m/n/12 Verify
 []


Underfull \hbox (badness 10000) in paragraph at lines 1721--1721
\OT1/cmr/m/n/12 bat-tery
 []


Underfull \hbox (badness 10000) in paragraph at lines 1721--1721
\OT1/cmr/m/n/12 in-di-
 []


Underfull \hbox (badness 10000) in paragraph at lines 1721--1721
\OT1/cmr/m/n/12 ca-tor
 []


Underfull \hbox (badness 10000) in paragraph at lines 1721--1721
[]|\OT1/cmr/m/n/12 Battery data
 []


Underfull \hbox (badness 10000) in paragraph at lines 1721--1721
[]|\OT1/cmr/m/n/12 Battery
 []


Underfull \hbox (badness 10000) in paragraph at lines 1721--1721
\OT1/cmr/m/n/12 per-cent-age
 []


Underfull \hbox (badness 10000) in paragraph at lines 1721--1721
\OT1/cmr/m/n/12 is shown
 []


Underfull \hbox (badness 10000) in paragraph at lines 1721--1721
\OT1/cmr/m/n/12 cor-rectly
 []


Underfull \hbox (badness 10000) in paragraph at lines 1721--1721
[]|\OT1/cmr/m/n/12 Battery
 []


Underfull \hbox (badness 4886) in paragraph at lines 1721--1721
\OT1/cmr/m/n/12 lev-els dis-
 []


Underfull \hbox (badness 10000) in paragraph at lines 1721--1721
\OT1/cmr/m/n/12 played
 []


Underfull \hbox (badness 10000) in paragraph at lines 1721--1721
\OT1/cmr/m/n/12 cor-rectly
 []


Underfull \hbox (badness 10000) in paragraph at lines 1721--1721
\OT1/cmr/m/n/12 100%)
 []


Underfull \hbox (badness 10000) in paragraph at lines 1723--1723
[]|\OT1/cmr/m/n/12 Pause
 []


Underfull \hbox (badness 10000) in paragraph at lines 1723--1723
\OT1/cmr/m/n/12 mon-i-
 []


Underfull \hbox (badness 6708) in paragraph at lines 1723--1723
[]|\OT1/cmr/m/n/12 Click "Pause"
 []


Underfull \hbox (badness 10000) in paragraph at lines 1723--1723
[]|\OT1/cmr/m/n/12 System
 []


Underfull \hbox (badness 10000) in paragraph at lines 1723--1723
\OT1/cmr/m/n/12 stops
 []


Underfull \hbox (badness 10000) in paragraph at lines 1723--1723
\OT1/cmr/m/n/12 real-time
 []


Underfull \hbox (badness 10000) in paragraph at lines 1723--1723
\OT1/cmr/m/n/12 mon-i-tor-ing
 []


Underfull \hbox (badness 3199) in paragraph at lines 1723--1723
\OT1/cmr/m/n/12 and no-ti-fi-
 []


Underfull \hbox (badness 10000) in paragraph at lines 1723--1723
\OT1/cmr/m/n/12 paused
 []


Underfull \hbox (badness 10000) in paragraph at lines 1723--1723
\OT1/cmr/m/n/12 suc-cess-
 []


Underfull \hbox (badness 10000) in paragraph at lines 1723--1723
\OT1/cmr/m/n/12 fully; no
 []


Underfull \hbox (badness 10000) in paragraph at lines 1723--1723
\OT1/cmr/m/n/12 fur-ther
 []


Underfull \hbox (badness 10000) in paragraph at lines 1723--1723
\OT1/cmr/m/n/12 real-time
 []


Underfull \hbox (badness 10000) in paragraph at lines 1723--1723
\OT1/cmr/m/n/12 up-dates
 []


Overfull \hbox (1.67656pt too wide) in alignment at lines 1699--1724
 [] [] [] [] [] [] 
 []



[246]
chapter4.tex:1724: Infinite glue shrinkage found in box being split.
<argument> Infinite shrink error above ignored ! 
                                                 
l.1724 \end{longtable}
                      
The box you are \vsplitting contains some infinitely
shrinkable glue, e.g., `\vss' or `\vskip 0pt minus 1fil'.
Such glue doesn't belong there; but you can safely proceed,
since the offensive shrinkability has been made finite.


[247]
chapter4.tex:1724: Infinite glue shrinkage found in box being split.
<argument> Infinite shrink error above ignored ! 
                                                 
l.1724 \end{longtable}
                      
The box you are \vsplitting contains some infinitely
shrinkable glue, e.g., `\vss' or `\vskip 0pt minus 1fil'.
Such glue doesn't belong there; but you can safely proceed,
since the offensive shrinkability has been made finite.


[248]

[249]
Overfull \hbox (0.44623pt too wide) in alignment at lines 1736--1743
 [] [] 
 []


Underfull \hbox (badness 10000) in paragraph at lines 1750--1750
[]|\OT1/cmr/bx/n/12 Test
 []


Overfull \hbox (2.18993pt too wide) in paragraph at lines 1750--1750
\OT1/cmr/bx/n/12 Case
 []


Underfull \hbox (badness 10000) in paragraph at lines 1750--1750
[]|\OT1/cmr/bx/n/12 Coverage
 []


Overfull \hbox (3.7155pt too wide) in paragraph at lines 1750--1750
[]|\OT1/cmr/bx/n/12 Expected
 []


Underfull \hbox (badness 10000) in paragraph at lines 1750--1750
[]|\OT1/cmr/bx/n/12 Actual
 []


Underfull \hbox (badness 10000) in paragraph at lines 1750--1750
[]|\OT1/cmr/bx/n/12 Test
 []


Overfull \hbox (5.52974pt too wide) in paragraph at lines 1752--1752
[]|\OT1/cmr/m/n/12 Navigate
 []


Underfull \hbox (badness 7704) in paragraph at lines 1752--1752
\OT1/cmr/m/n/12 to Lo-
 []


Underfull \hbox (badness 10000) in paragraph at lines 1752--1752
\OT1/cmr/m/n/12 gin
 []


Underfull \hbox (badness 10000) in paragraph at lines 1752--1752
\OT1/cmr/m/n/12 Screen
 []


Underfull \hbox (badness 10000) in paragraph at lines 1752--1752
\OT1/cmr/m/n/12 and
 []


Underfull \hbox (badness 10000) in paragraph at lines 1752--1752
\OT1/cmr/m/n/12 in-put
 []


Underfull \hbox (badness 10000) in paragraph at lines 1752--1752
\OT1/cmr/m/n/12 valid
 []


Underfull \hbox (badness 10000) in paragraph at lines 1752--1752
\OT1/cmr/m/n/12 cre-den-
 []


Underfull \hbox (badness 10000) in paragraph at lines 1752--1752
[]$\OT1/cmtt/m/n/12 gmail []
 []


Underfull \hbox (badness 10000) in paragraph at lines 1752--1752
[]|\OT1/cmr/m/n/12 Login
 []


Underfull \hbox (badness 10000) in paragraph at lines 1752--1752
\OT1/cmr/m/n/12 cess-fully
 []


Underfull \hbox (badness 10000) in paragraph at lines 1752--1752
\OT1/cmr/m/n/12 logs in
 []


Underfull \hbox (badness 10000) in paragraph at lines 1752--1752
\OT1/cmr/m/n/12 and is
 []


Underfull \hbox (badness 10000) in paragraph at lines 1752--1752
\OT1/cmr/m/n/12 redi-rected
 []


Underfull \hbox (badness 10000) in paragraph at lines 1752--1752
\OT1/cmr/m/n/12 to the
 []


Underfull \hbox (badness 10000) in paragraph at lines 1752--1752
\OT1/cmr/m/n/12 Home
 []


Underfull \hbox (badness 10000) in paragraph at lines 1752--1752
[]|\OT1/cmr/m/n/12 User suc-
 []


Underfull \hbox (badness 10000) in paragraph at lines 1752--1752
\OT1/cmr/m/n/12 cess-fully
 []


Underfull \hbox (badness 10000) in paragraph at lines 1752--1752
\OT1/cmr/m/n/12 logged
 []


Underfull \hbox (badness 10000) in paragraph at lines 1752--1752
\OT1/cmr/m/n/12 rected to
 []


Underfull \hbox (badness 4505) in paragraph at lines 1752--1752
\OT1/cmr/m/n/12 the Home
 []


Underfull \hbox (badness 10000) in paragraph at lines 1754--1754
[]|\OT1/cmr/m/n/12 Input
 []


Underfull \hbox (badness 2285) in paragraph at lines 1754--1754
\OT1/cmr/m/n/12 a valid
 []


Underfull \hbox (badness 10000) in paragraph at lines 1754--1754
\OT1/cmr/m/n/12 email
 []


Underfull \hbox (badness 10000) in paragraph at lines 1754--1754
\OT1/cmr/m/n/12 and
 []


Underfull \hbox (badness 10000) in paragraph at lines 1754--1754
\OT1/cmr/m/n/12 ver-ify
 []


Underfull \hbox (badness 10000) in paragraph at lines 1754--1754
\OT1/cmr/m/n/12 data
 []


Overfull \hbox (3.39134pt too wide) in paragraph at lines 1754--1754
[]$\OT1/cmtt/m/n/12 example []
 []


Underfull \hbox (badness 10000) in paragraph at lines 1754--1754
[]|\OT1/cmr/m/n/12 UI In-put
 []


Underfull \hbox (badness 10000) in paragraph at lines 1754--1754
[]$\OT1/cmtt/m/n/12 email []
 []


Overfull \hbox (4.84453pt too wide) in paragraph at lines 1754--1754
[]$\OT1/cmtt/m/n/12 logInUser($[] 
 []


Underfull \hbox (badness 10000) in paragraph at lines 1754--1754
[]$\OT1/cmtt/m/n/12 email []
 []


Underfull \hbox (badness 10000) in paragraph at lines 1754--1754
[]$\OT1/cmtt/m/n/12 pass []
 []


Underfull \hbox (badness 10000) in paragraph at lines 1754--1754
[]|\OT1/cmr/m/n/12 Email is
 []


Underfull \hbox (badness 10000) in paragraph at lines 1754--1754
\OT1/cmr/m/n/12 cor-rectly
 []


Underfull \hbox (badness 6332) in paragraph at lines 1754--1754
\OT1/cmr/m/n/12 the logI-
 []


Underfull \hbox (badness 10000) in paragraph at lines 1754--1754
\OT1/cmr/m/n/12 nUser()
 []


Overfull \hbox (11.01953pt too wide) in paragraph at lines 1754--1754
[]|[]$\OT1/cmtt/m/n/12 logInUser()$[]
 []


Underfull \hbox (badness 10000) in paragraph at lines 1754--1754
\OT1/cmr/m/n/12 called.
 []


Underfull \hbox (badness 10000) in paragraph at lines 1754--1754
\OT1/cmr/m/n/12 Email
 []


Underfull \hbox (badness 10000) in paragraph at lines 1754--1754
\OT1/cmr/m/n/12 passed
 []


Underfull \hbox (badness 10000) in paragraph at lines 1754--1754
\OT1/cmr/m/n/12 suc-cess-
 []


Overfull \hbox (3.89781pt too wide) in paragraph at lines 1756--1756
[]|\OT1/cmr/m/n/12 Attempt
 []


Underfull \hbox (badness 10000) in paragraph at lines 1756--1756
\OT1/cmr/m/n/12 lo-gin
 []


Underfull \hbox (badness 10000) in paragraph at lines 1756--1756
\OT1/cmr/m/n/12 with
 []


Underfull \hbox (badness 10000) in paragraph at lines 1756--1756
\OT1/cmr/m/n/12 empty
 []


Underfull \hbox (badness 10000) in paragraph at lines 1756--1756
\OT1/cmr/m/n/12 Email
 []


Overfull \hbox (1.2909pt too wide) in paragraph at lines 1756--1756
\OT1/cmr/m/n/12 (empty) 
 []


Underfull \hbox (badness 10000) in paragraph at lines 1756--1756
[]$\OT1/cmtt/m/n/12 value []
 []


Underfull \hbox (badness 10000) in paragraph at lines 1756--1756
\OT1/cmr/m/n/12 Early
 []


Overfull \hbox (1.65524pt too wide) in paragraph at lines 1756--1756
[]|\OT1/cmr/m/n/12 Validation
 []


Underfull \hbox (badness 1661) in paragraph at lines 1756--1756
\OT1/cmr/m/n/12 cess does
 []


Underfull \hbox (badness 10000) in paragraph at lines 1756--1756
\OT1/cmr/m/n/12 not pro-
 []


Underfull \hbox (badness 10000) in paragraph at lines 1756--1756
\OT1/cmr/m/n/12 ceed to
 []


Underfull \hbox (badness 10000) in paragraph at lines 1756--1756
\OT1/cmr/m/n/12 den-tials.
 []


Underfull \hbox (badness 10000) in paragraph at lines 1756--1756
\OT1/cmr/m/n/12 Er-ror
 []


Underfull \hbox (badness 10000) in paragraph at lines 1756--1756
\OT1/cmr/m/n/12 mes-sage
 []


Overfull \hbox (3.89781pt too wide) in paragraph at lines 1758--1758
[]|\OT1/cmr/m/n/12 Attempt
 []


Underfull \hbox (badness 10000) in paragraph at lines 1758--1758
\OT1/cmr/m/n/12 lo-gin
 []


Underfull \hbox (badness 10000) in paragraph at lines 1758--1758
\OT1/cmr/m/n/12 with
 []


Underfull \hbox (badness 10000) in paragraph at lines 1758--1758
\OT1/cmr/m/n/12 empty
 []


Underfull \hbox (badness 10000) in paragraph at lines 1758--1758
\OT1/cmr/m/n/12 Pass-
 []


Underfull \hbox (badness 10000) in paragraph at lines 1758--1758
\OT1/cmr/m/n/12 word
 []


Underfull \hbox (badness 10000) in paragraph at lines 1758--1758
[]$\OT1/cmtt/m/n/12 gmail []
 []


Overfull \hbox (1.2909pt too wide) in paragraph at lines 1758--1758
\OT1/cmr/m/n/12 (empty)| 
 []


Underfull \hbox (badness 10000) in paragraph at lines 1758--1758
[]$[]\OT1/cmtt/m/n/12 !password []
 []


Underfull \hbox (badness 10000) in paragraph at lines 1758--1758
\OT1/cmtt/m/n/12 .value$[]
 []


Underfull \hbox (badness 10000) in paragraph at lines 1758--1758
\OT1/cmr/m/n/12 Early
 []


Overfull \hbox (1.65524pt too wide) in paragraph at lines 1758--1758
[]|\OT1/cmr/m/n/12 Validation
 []


Underfull \hbox (badness 1661) in paragraph at lines 1758--1758
\OT1/cmr/m/n/12 cess does
 []


Underfull \hbox (badness 10000) in paragraph at lines 1758--1758
\OT1/cmr/m/n/12 not pro-
 []


Underfull \hbox (badness 10000) in paragraph at lines 1758--1758
\OT1/cmr/m/n/12 ceed to
 []


Underfull \hbox (badness 10000) in paragraph at lines 1758--1758
[]|\OT1/cmr/m/n/12 Error:
 []


Underfull \hbox (badness 10000) in paragraph at lines 1758--1758
\OT1/cmr/m/n/12 "Please
 []


Underfull \hbox (badness 1097) in paragraph at lines 1758--1758
\OT1/cmr/m/n/12 en-ter your
 []


Underfull \hbox (badness 10000) in paragraph at lines 1758--1758
\OT1/cmr/m/n/12 pass-word"
 []


Underfull \hbox (badness 10000) in paragraph at lines 1760--1760
[]|\OT1/cmr/m/n/12 Toggle
 []


Underfull \hbox (badness 10000) in paragraph at lines 1760--1760
\OT1/cmr/m/n/12 pass-
 []


Underfull \hbox (badness 10000) in paragraph at lines 1760--1760
\OT1/cmr/m/n/12 word
 []


Underfull \hbox (badness 10000) in paragraph at lines 1760--1760
\OT1/cmr/m/n/12 vis-i-bil-
 []


Underfull \hbox (badness 10000) in paragraph at lines 1760--1760
[]|\OT1/cmr/m/n/12 Tap
 []


Underfull \hbox (badness 10000) in paragraph at lines 1760--1760
\OT1/cmr/m/n/12 tog-gle
 []


Underfull \hbox (badness 10000) in paragraph at lines 1760--1760
\OT1/cmr/m/n/12 icon
 []


Underfull \hbox (badness 10000) in paragraph at lines 1760--1760
\OT1/cmr/m/n/12 (click
 []


Underfull \hbox (badness 10000) in paragraph at lines 1760--1760
\OT1/cmr/m/n/12 false $\OML/cmm/m/it/12 >$
 []


Underfull \hbox (badness 10000) in paragraph at lines 1760--1760
[]|\OT1/cmr/m/n/12 Input
 []


Underfull \hbox (badness 10000) in paragraph at lines 1760--1760
\OT1/cmr/m/n/12 type
 []


Underfull \hbox (badness 10000) in paragraph at lines 1760--1760
\OT1/cmr/m/n/12 changes
 []


Underfull \hbox (badness 10000) in paragraph at lines 1760--1760
\OT1/cmr/m/n/12 from
 []


Underfull \hbox (badness 10000) in paragraph at lines 1760--1760
\OT1/cmr/m/n/12 "pass-
 []


Underfull \hbox (badness 2653) in paragraph at lines 1760--1760
\OT1/cmr/m/n/12 word" to
 []


Underfull \hbox (badness 10000) in paragraph at lines 1760--1760
\OT1/cmr/m/n/12 "text".
 []


Underfull \hbox (badness 10000) in paragraph at lines 1760--1760
\OT1/cmr/m/n/12 Icon
 []


Underfull \hbox (badness 10000) in paragraph at lines 1760--1760
[]|\OT1/cmr/m/n/12 Field
 []


Underfull \hbox (badness 10000) in paragraph at lines 1760--1760
\OT1/cmr/m/n/12 tog-gles
 []


Underfull \hbox (badness 10000) in paragraph at lines 1760--1760
\OT1/cmr/m/n/12 be-tween
 []


Underfull \hbox (badness 10000) in paragraph at lines 1760--1760
\OT1/cmr/m/n/12 masked
 []


Underfull \hbox (badness 10000) in paragraph at lines 1760--1760
\OT1/cmr/m/n/12 and un-
 []


Underfull \hbox (badness 10000) in paragraph at lines 1760--1760
\OT1/cmr/m/n/12 masked
 []


Underfull \hbox (badness 10000) in paragraph at lines 1762--1762
[]|\OT1/cmr/m/n/12 Tap
 []


Underfull \hbox (badness 10000) in paragraph at lines 1762--1762
\OT1/cmr/m/n/12 "Log
 []


Underfull \hbox (badness 10000) in paragraph at lines 1762--1762
\OT1/cmr/m/n/12 In"
 []


Underfull \hbox (badness 10000) in paragraph at lines 1762--1762
\OT1/cmr/m/n/12 while
 []


Overfull \hbox (12.87553pt too wide) in paragraph at lines 1762--1762
[]\OT1/cmr/m/n/12 isLoading
 []


Underfull \hbox (badness 10000) in paragraph at lines 1762--1762
[]|\OT1/cmr/m/n/12 Tap
 []


Underfull \hbox (badness 10000) in paragraph at lines 1762--1762
\OT1/cmr/m/n/12 "Log
 []


Underfull \hbox (badness 10000) in paragraph at lines 1762--1762
\OT1/cmr/m/n/12 In"
 []


Underfull \hbox (badness 10000) in paragraph at lines 1762--1762
[]$\OT1/cmtt/m/n/12 value)$[]
 []


Underfull \hbox (badness 10000) in paragraph at lines 1762--1762
[]|\OT1/cmr/m/n/12 Button
 []


Underfull \hbox (badness 10000) in paragraph at lines 1762--1762
\OT1/cmr/m/n/12 re-mains
 []


Underfull \hbox (badness 10000) in paragraph at lines 1762--1762
\OT1/cmr/m/n/12 dis-abled;
 []


Underfull \hbox (badness 10000) in paragraph at lines 1762--1762
\OT1/cmr/m/n/12 in-di-ca-
 []


Underfull \hbox (badness 10000) in paragraph at lines 1762--1762
\OT1/cmr/m/n/12 tor is
 []


Underfull \hbox (badness 10000) in paragraph at lines 1762--1762
[]|\OT1/cmr/m/n/12 Progress
 []


Underfull \hbox (badness 10000) in paragraph at lines 1762--1762
\OT1/cmr/m/n/12 In-di-ca-tor
 []


Underfull \hbox (badness 10000) in paragraph at lines 1762--1762
\OT1/cmr/m/n/12 dis-played;
 []


Underfull \hbox (badness 10000) in paragraph at lines 1762--1762
\OT1/cmr/m/n/12 but-ton
 []


Underfull \hbox (badness 10000) in paragraph at lines 1764--1764
[]|\OT1/cmr/m/n/12 Use
 []


Underfull \hbox (badness 10000) in paragraph at lines 1764--1764
\OT1/cmr/m/n/12 in-valid
 []


Underfull \hbox (badness 10000) in paragraph at lines 1764--1764
\OT1/cmr/m/n/12 cre-den-
 []


Overfull \hbox (3.39134pt too wide) in paragraph at lines 1764--1764
[]$\OT1/cmtt/m/n/12 invalid$[] 
 []


Underfull \hbox (badness 10000) in paragraph at lines 1764--1764
[]$\OT1/cmtt/m/n/12 @gmail []
 []


Overfull \hbox (11.01953pt too wide) in paragraph at lines 1764--1764
[]|[]$\OT1/cmtt/m/n/12 logInUser()$[]
 []


Underfull \hbox (badness 10000) in paragraph at lines 1764--1764
\OT1/cmr/m/n/12 Exception
 []


Underfull \hbox (badness 10000) in paragraph at lines 1764--1764
\OT1/cmr/m/n/12 catch
 []


Underfull \hbox (badness 10000) in paragraph at lines 1764--1764
[]|\OT1/cmr/m/n/12 Auth
 []


Underfull \hbox (badness 10000) in paragraph at lines 1764--1764
\OT1/cmr/m/n/12 ser-vice
 []


Underfull \hbox (badness 10000) in paragraph at lines 1764--1764
\OT1/cmr/m/n/12 trig-gers
 []


Underfull \hbox (badness 4229) in paragraph at lines 1764--1764
\OT1/cmr/m/n/12 an er-ror;
 []


Underfull \hbox (badness 10000) in paragraph at lines 1764--1764
\OT1/cmr/m/n/12 mes-
 []


Underfull \hbox (badness 10000) in paragraph at lines 1764--1764
\OT1/cmr/m/n/12 sage is
 []


Underfull \hbox (badness 10000) in paragraph at lines 1764--1764
[]|\OT1/cmr/m/n/12 Error:
 []


Underfull \hbox (badness 10000) in paragraph at lines 1764--1764
\OT1/cmr/m/n/12 "In-valid
 []


Underfull \hbox (badness 10000) in paragraph at lines 1764--1764
\OT1/cmr/m/n/12 email or
 []


Underfull \hbox (badness 10000) in paragraph at lines 1764--1764
\OT1/cmr/m/n/12 pass-word"
 []


Underfull \hbox (badness 10000) in paragraph at lines 1766--1766
[]|\OT1/cmr/m/n/12 Tap
 []


Underfull \hbox (badness 10000) in paragraph at lines 1766--1766
\OT1/cmr/m/n/12 "Sign
 []


Underfull \hbox (badness 10000) in paragraph at lines 1766--1766
\OT1/cmr/m/n/12 Up"
 []


Underfull \hbox (badness 10000) in paragraph at lines 1766--1766
[]|\OT1/cmr/m/n/12 Welcome
 []


Underfull \hbox (badness 10000) in paragraph at lines 1766--1766
\OT1/cmr/m/n/12 signUp()
 []


Overfull \hbox (4.84453pt too wide) in paragraph at lines 1766--1766
[]$\OT1/cmtt/m/n/12 push(name :$[] 
 []


Overfull \hbox (4.59271pt too wide) in paragraph at lines 1766--1766
[]|\OT1/cmr/m/n/12 Navigation
 []


Underfull \hbox (badness 10000) in paragraph at lines 1766--1766
\OT1/cmr/m/n/12 gers
 []


Underfull \hbox (badness 10000) in paragraph at lines 1766--1766
\OT1/cmr/m/n/12 redi-rec-
 []


Underfull \hbox (badness 10000) in paragraph at lines 1766--1766
[]|\OT1/cmr/m/n/12 User suc-
 []


Underfull \hbox (badness 10000) in paragraph at lines 1766--1766
\OT1/cmr/m/n/12 cess-fully
 []


Underfull \hbox (badness 10000) in paragraph at lines 1766--1766
\OT1/cmr/m/n/12 nav-i-gated
 []


Underfull \hbox (badness 10000) in paragraph at lines 1768--1768
[]|\OT1/cmr/m/n/12 Enter
 []


Underfull \hbox (badness 10000) in paragraph at lines 1768--1768
\OT1/cmr/m/n/12 in-valid
 []


Underfull \hbox (badness 10000) in paragraph at lines 1768--1768
\OT1/cmr/m/n/12 email
 []


Overfull \hbox (3.39134pt too wide) in paragraph at lines 1768--1768
[]$\OT1/cmtt/m/n/12 invalid$[] 
 []


Underfull \hbox (badness 2020) in paragraph at lines 1768--1768
[]|\OT1/cmr/m/n/12 logIn func
 []


Underfull \hbox (badness 10000) in paragraph at lines 1768--1768
[]$\OT1/cmtt/m/n/12 test()$[]
 []


Overfull \hbox (1.65524pt too wide) in paragraph at lines 1768--1768
[]|\OT1/cmr/m/n/12 Validation
 []


Underfull \hbox (badness 3590) in paragraph at lines 1768--1768
\OT1/cmr/m/n/12 fails; er-
 []


Underfull \hbox (badness 10000) in paragraph at lines 1768--1768
\OT1/cmr/m/n/12 ror mes-
 []


Underfull \hbox (badness 10000) in paragraph at lines 1768--1768
\OT1/cmr/m/n/12 sage is
 []


Underfull \hbox (badness 10000) in paragraph at lines 1768--1768
[]|\OT1/cmr/m/n/12 Error:
 []


Underfull \hbox (badness 10000) in paragraph at lines 1768--1768
\OT1/cmr/m/n/12 \Please
 []


Underfull \hbox (badness 10000) in paragraph at lines 1768--1768
\OT1/cmr/m/n/12 en-ter a
 []


Underfull \hbox (badness 10000) in paragraph at lines 1770--1770
[]|\OT1/cmr/m/n/12 Tap
 []


Underfull \hbox (badness 10000) in paragraph at lines 1770--1770
\OT1/cmr/m/n/12 "Log
 []


Underfull \hbox (badness 10000) in paragraph at lines 1770--1770
\OT1/cmr/m/n/12 In"
 []


Underfull \hbox (badness 10000) in paragraph at lines 1770--1770
[]|\OT1/cmr/m/n/12 Welcome
 []


Underfull \hbox (badness 10000) in paragraph at lines 1770--1770
[]$\OT1/cmtt/m/n/12 router []
 []


Overfull \hbox (4.59271pt too wide) in paragraph at lines 1770--1770
[]|\OT1/cmr/m/n/12 Navigation
 []


Underfull \hbox (badness 10000) in paragraph at lines 1770--1770
\OT1/cmr/m/n/12 gers
 []


Underfull \hbox (badness 10000) in paragraph at lines 1770--1770
\OT1/cmr/m/n/12 redi-rec-
 []


Underfull \hbox (badness 10000) in paragraph at lines 1770--1770
[]|\OT1/cmr/m/n/12 User suc-
 []


Underfull \hbox (badness 10000) in paragraph at lines 1770--1770
\OT1/cmr/m/n/12 cess-fully
 []


Underfull \hbox (badness 10000) in paragraph at lines 1770--1770
\OT1/cmr/m/n/12 nav-i-gated
 []


Underfull \hbox (badness 10000) in paragraph at lines 1770--1770
\OT1/cmr/m/n/12 to Lo-gIn-
 []


chapter4.tex:1771: Infinite glue shrinkage found in box being split.
<argument> Infinite shrink error above ignored ! 
                                                 
l.1771 \end{longtable}
                      
The box you are \vsplitting contains some infinitely
shrinkable glue, e.g., `\vss' or `\vskip 0pt minus 1fil'.
Such glue doesn't belong there; but you can safely proceed,
since the offensive shrinkability has been made finite.


[250]
chapter4.tex:1771: Infinite glue shrinkage found in box being split.
<argument> Infinite shrink error above ignored ! 
                                                 
l.1771 \end{longtable}
                      
The box you are \vsplitting contains some infinitely
shrinkable glue, e.g., `\vss' or `\vskip 0pt minus 1fil'.
Such glue doesn't belong there; but you can safely proceed,
since the offensive shrinkability has been made finite.


[251]
Overfull \hbox (0.44623pt too wide) in alignment at lines 1780--1786
 [] [] 
 []


Underfull \hbox (badness 10000) in paragraph at lines 1793--1793
[]|\OT1/cmr/bx/n/12 Test
 []


Overfull \hbox (2.18993pt too wide) in paragraph at lines 1793--1793
\OT1/cmr/bx/n/12 Case
 []


Underfull \hbox (badness 10000) in paragraph at lines 1793--1793
[]|\OT1/cmr/bx/n/12 Coverage
 []


Overfull \hbox (3.7155pt too wide) in paragraph at lines 1793--1793
[]|\OT1/cmr/bx/n/12 Expected
 []


Underfull \hbox (badness 10000) in paragraph at lines 1793--1793
[]|\OT1/cmr/bx/n/12 Actual
 []


Underfull \hbox (badness 10000) in paragraph at lines 1793--1793
[]|\OT1/cmr/bx/n/12 Test
 []


Underfull \hbox (badness 10000) in paragraph at lines 1795--1795
[]|\OT1/cmr/m/n/12 Input
 []


Overfull \hbox (2.27005pt too wide) in paragraph at lines 1795--1795
\OT1/cmr/m/n/12 required
 []


Underfull \hbox (badness 10000) in paragraph at lines 1795--1795
\OT1/cmr/m/n/12 fields
 []


Underfull \hbox (badness 10000) in paragraph at lines 1795--1795
\OT1/cmr/m/n/12 cor-
 []


Underfull \hbox (badness 10000) in paragraph at lines 1795--1795
\OT1/cmr/m/n/12 rectly
 []


Underfull \hbox (badness 10000) in paragraph at lines 1795--1795
\OT1/cmr/m/n/12 "Pro-
 []


Underfull \hbox (badness 10000) in paragraph at lines 1795--1795
[]|\OT1/cmr/m/n/12 First
 []


Underfull \hbox (badness 10000) in paragraph at lines 1795--1795
\OT1/cmr/m/n/12 Name,
 []


Underfull \hbox (badness 10000) in paragraph at lines 1795--1795
\OT1/cmr/m/n/12 Last
 []


Overfull \hbox (8.11028pt too wide) in paragraph at lines 1795--1795
\OT1/cmr/m/n/12 Password| 
 []


Underfull \hbox (badness 10000) in paragraph at lines 1795--1795
[]$\OT1/cmtt/m/n/12 Screen []
 []


Underfull \hbox (badness 10000) in paragraph at lines 1795--1795
\OT1/cmtt/m/n/12 .vue$[] $\OML/cmm/m/it/12 >$
 []


Underfull \hbox (badness 10000) in paragraph at lines 1795--1795
[]$\OT1/cmtt/m/n/12 proceed()$[]
 []


Underfull \hbox (badness 10000) in paragraph at lines 1795--1795
\OT1/cmr/m/n/12 Validation
 []


Underfull \hbox (badness 10000) in paragraph at lines 1795--1795
[]$\OT1/cmtt/m/n/12 router []
 []


Underfull \hbox (badness 10000) in paragraph at lines 1795--1795
[]|\OT1/cmr/m/n/12 User is
 []


Underfull \hbox (badness 10000) in paragraph at lines 1795--1795
\OT1/cmr/m/n/12 redi-rected
 []


Underfull \hbox (badness 10000) in paragraph at lines 1795--1795
\OT1/cmr/m/n/12 to the
 []


Underfull \hbox (badness 10000) in paragraph at lines 1795--1795
\OT1/cmr/m/n/12 of the
 []


Underfull \hbox (badness 10000) in paragraph at lines 1795--1795
\OT1/cmr/m/n/12 Sign Up
 []


Underfull \hbox (badness 3250) in paragraph at lines 1795--1795
[]|\OT1/cmr/m/n/12 User redi-
 []


Underfull \hbox (badness 10000) in paragraph at lines 1795--1795
\OT1/cmr/m/n/12 rected to
 []


Underfull \hbox (badness 10000) in paragraph at lines 1795--1795
\OT1/cmr/m/n/12 the next
 []


Underfull \hbox (badness 10000) in paragraph at lines 1795--1795
\OT1/cmr/m/n/12 page of
 []


Underfull \hbox (badness 10000) in paragraph at lines 1795--1795
\OT1/cmr/m/n/12 Sign Up
 []


Underfull \hbox (badness 10000) in paragraph at lines 1797--1797
\OT1/cmr/m/n/12 date
 []


Underfull \hbox (badness 10000) in paragraph at lines 1797--1797
\OT1/cmr/m/n/12 picker
 []


Underfull \hbox (badness 2285) in paragraph at lines 1797--1797
\OT1/cmr/m/n/12 for the
 []


Underfull \hbox (badness 10000) in paragraph at lines 1797--1797
\OT1/cmr/m/n/12 Birth-
 []


Underfull \hbox (badness 10000) in paragraph at lines 1797--1797
\OT1/cmr/m/n/12 day
 []


Underfull \hbox (badness 10000) in paragraph at lines 1797--1797
[]|\OT1/cmr/m/n/12 Select
 []


Underfull \hbox (badness 2285) in paragraph at lines 1797--1797
\OT1/cmr/m/n/12 a valid
 []


Underfull \hbox (badness 10000) in paragraph at lines 1797--1797
\OT1/cmr/m/n/12 date,
 []


Overfull \hbox (1.2909pt too wide) in paragraph at lines 1797--1797
\OT1/cmr/m/n/12 "05/10/ 
 []


Underfull \hbox (badness 10000) in paragraph at lines 1797--1797
[]$\OT1/cmtt/m/n/12 Second []
 []


Overfull \hbox (4.84453pt too wide) in paragraph at lines 1797--1797
[]$\OT1/cmtt/m/n/12 inputtype =
 []


Overfull \hbox (4.84453pt too wide) in paragraph at lines 1797--1797
[]$\OT1/cmtt/m/n/12 signUpData$[] 
 []


Overfull \hbox (4.84453pt too wide) in paragraph at lines 1797--1797
[]$[]\OT1/cmtt/m/n/12 .birthdate$[]| 
 []


Underfull \hbox (badness 10000) in paragraph at lines 1797--1797
[]|\OT1/cmr/m/n/12 The se-
 []


Underfull \hbox (badness 10000) in paragraph at lines 1797--1797
\OT1/cmr/m/n/12 lected
 []


Underfull \hbox (badness 10000) in paragraph at lines 1797--1797
\OT1/cmr/m/n/12 date is
 []


Underfull \hbox (badness 10000) in paragraph at lines 1797--1797
\OT1/cmr/m/n/12 cap-tured
 []


Underfull \hbox (badness 10000) in paragraph at lines 1797--1797
\OT1/cmr/m/n/12 by the
 []


Underfull \hbox (badness 10000) in paragraph at lines 1797--1797
[]$\OT1/cmtt/m/n/12 v [] -model$[]
 []


Underfull \hbox (badness 10000) in paragraph at lines 1797--1797
\OT1/cmr/m/n/12 and
 []


Underfull \hbox (badness 10000) in paragraph at lines 1797--1797
[]|\OT1/cmr/m/n/12 Selected
 []


Underfull \hbox (badness 10000) in paragraph at lines 1797--1797
\OT1/cmr/m/n/12 played in
 []


Underfull \hbox (badness 2213) in paragraph at lines 1797--1797
\OT1/cmr/m/n/12 the Birth-
 []


Underfull \hbox (badness 10000) in paragraph at lines 1797--1797
\OT1/cmr/m/n/12 day field
 []


Underfull \hbox (badness 10000) in paragraph at lines 1799--1799
[]|\OT1/cmr/m/n/12 Input
 []


Underfull \hbox (badness 10000) in paragraph at lines 1799--1799
\OT1/cmr/m/n/12 all re-
 []


Underfull \hbox (badness 10000) in paragraph at lines 1799--1799
\OT1/cmr/m/n/12 quired
 []


Underfull \hbox (badness 10000) in paragraph at lines 1799--1799
\OT1/cmr/m/n/12 fields
 []


Underfull \hbox (badness 10000) in paragraph at lines 1799--1799
\OT1/cmr/m/n/12 cor-
 []


Underfull \hbox (badness 10000) in paragraph at lines 1799--1799
\OT1/cmr/m/n/12 rectly
 []


Underfull \hbox (badness 10000) in paragraph at lines 1799--1799
\OT1/cmr/m/n/12 "Pro-
 []


Overfull \hbox (12.8755pt too wide) in paragraph at lines 1799--1799
\OT1/cmr/m/n/12 Birthdate, 
 []


Underfull \hbox (badness 10000) in paragraph at lines 1799--1799
\OT1/cmr/m/n/12 and
 []


Underfull \hbox (badness 10000) in paragraph at lines 1799--1799
\OT1/cmr/m/n/12 Ad-
 []


Underfull \hbox (badness 10000) in paragraph at lines 1799--1799
[]$\OT1/cmtt/m/n/12 Second []
 []


Underfull \hbox (badness 10000) in paragraph at lines 1799--1799
[]$\OT1/cmtt/m/n/12 proceed()$[]
 []


Underfull \hbox (badness 4181) in paragraph at lines 1799--1799
\OML/cmm/m/it/12 >$ []$\OT1/cmtt/m/n/12 router []
 []


Underfull \hbox (badness 10000) in paragraph at lines 1799--1799
[]|\OT1/cmr/m/n/12 User is
 []


Underfull \hbox (badness 10000) in paragraph at lines 1799--1799
\OT1/cmr/m/n/12 redi-rected
 []


Underfull \hbox (badness 10000) in paragraph at lines 1799--1799
\OT1/cmr/m/n/12 to the
 []


Underfull \hbox (badness 10000) in paragraph at lines 1799--1799
\OT1/cmr/m/n/12 (Pro-file
 []


Underfull \hbox (badness 10000) in paragraph at lines 1799--1799
\OT1/cmr/m/n/12 Photo
 []


Underfull \hbox (badness 3250) in paragraph at lines 1799--1799
[]|\OT1/cmr/m/n/12 User redi-
 []


Underfull \hbox (badness 10000) in paragraph at lines 1799--1799
\OT1/cmr/m/n/12 rected to
 []


Underfull \hbox (badness 10000) in paragraph at lines 1799--1799
\OT1/cmr/m/n/12 the pro-
 []


Underfull \hbox (badness 10000) in paragraph at lines 1799--1799
\OT1/cmr/m/n/12 file photo
 []


Underfull \hbox (badness 10000) in paragraph at lines 1799--1799
\OT1/cmr/m/n/12 up-load
 []


Underfull \hbox (badness 10000) in paragraph at lines 1801--1801
[]|\OT1/cmr/m/n/12 Leave
 []


Underfull \hbox (badness 10000) in paragraph at lines 1801--1801
\OT1/cmr/m/n/12 one
 []


Underfull \hbox (badness 10000) in paragraph at lines 1801--1801
\OT1/cmr/m/n/12 field
 []


Underfull \hbox (badness 10000) in paragraph at lines 1801--1801
\OT1/cmr/m/n/12 empty
 []


Overfull \hbox (1.2909pt too wide) in paragraph at lines 1801--1801
\OT1/cmr/m/n/12 attempt
 []


Overfull \hbox (2.92282pt too wide) in paragraph at lines 1801--1801
\OT1/cmr/m/n/12 proceed.| 
 []


Underfull \hbox (badness 10000) in paragraph at lines 1801--1801
[]|\OT1/cmr/m/n/12 Empty
 []


Overfull \hbox (14.73381pt too wide) in paragraph at lines 1801--1801
\OT1/cmr/m/n/12 firstName)
 []


Underfull \hbox (badness 10000) in paragraph at lines 1801--1801
\OT1/cmr/m/n/12 is
 []


Underfull \hbox (badness 10000) in paragraph at lines 1801--1801
\OT1/cmr/m/n/12 blank,
 []


Underfull \hbox (badness 10000) in paragraph at lines 1801--1801
\OT1/cmr/m/n/12 but
 []


Underfull \hbox (badness 10000) in paragraph at lines 1801--1801
\OT1/cmr/m/n/12 oth-ers
 []


Underfull \hbox (badness 10000) in paragraph at lines 1801--1801
\OT1/cmr/m/n/12 are
 []


Underfull \hbox (badness 10000) in paragraph at lines 1801--1801
[]|[]$\OT1/cmtt/m/n/12 proceed()$[]
 []


Underfull \hbox (badness 10000) in paragraph at lines 1801--1801
\OT1/cmr/m/n/12 Empty
 []


Underfull \hbox (badness 10000) in paragraph at lines 1801--1801
[]|\OT1/cmr/m/n/12 User is
 []


Underfull \hbox (badness 10000) in paragraph at lines 1801--1801
\OT1/cmr/m/n/12 no-ti-fied
 []


Underfull \hbox (badness 10000) in paragraph at lines 1801--1801
\OT1/cmr/m/n/12 to fill
 []


Overfull \hbox (2.31218pt too wide) in paragraph at lines 1801--1801
\OT1/cmr/m/n/12 navigation 
 []


Underfull \hbox (badness 10000) in paragraph at lines 1801--1801
\OT1/cmr/m/n/12 is
 []


Underfull \hbox (badness 10000) in paragraph at lines 1801--1801
[]|\OT1/cmr/m/n/12 Error
 []


Underfull \hbox (badness 10000) in paragraph at lines 1801--1801
\OT1/cmr/m/n/12 mes-sage
 []


Underfull \hbox (badness 10000) in paragraph at lines 1801--1801
\OT1/cmr/m/n/12 dis-played.
 []


Underfull \hbox (badness 10000) in paragraph at lines 1801--1801
\OT1/cmr/m/n/12 Nav-i-ga-tion
 []


Underfull \hbox (badness 10000) in paragraph at lines 1803--1803
[]|\OT1/cmr/m/n/12 Toggle
 []


Underfull \hbox (badness 10000) in paragraph at lines 1803--1803
\OT1/cmr/m/n/12 the
 []


Underfull \hbox (badness 10000) in paragraph at lines 1803--1803
\OT1/cmr/m/n/12 Terms
 []


Underfull \hbox (badness 10000) in paragraph at lines 1803--1803
\OT1/cmr/m/n/12 of
 []


Underfull \hbox (badness 10000) in paragraph at lines 1803--1803
\OT1/cmr/m/n/12 "Terms
 []


Overfull \hbox (2.27005pt too wide) in paragraph at lines 1803--1803
\OT1/cmr/m/n/12 Service"
 []


Underfull \hbox (badness 10000) in paragraph at lines 1803--1803
[]$\OT1/cmtt/m/n/12 Third [] .vue$[]
 []


Underfull \hbox (badness 10000) in paragraph at lines 1803--1803
\OML/cmm/m/it/12 >$
 []


Underfull \hbox (badness 10000) in paragraph at lines 1803--1803
[]$\OT1/cmtt/m/n/12 openTos()$[]
 []


Underfull \hbox (badness 10000) in paragraph at lines 1803--1803
\OML/cmm/m/it/12 >$
 []


Overfull \hbox (4.84453pt too wide) in paragraph at lines 1803--1803
[]$\OT1/cmtt/m/n/12 isTosOpen =
 []


Underfull \hbox (badness 4254) in paragraph at lines 1803--1803
[]|\OT1/cmr/m/n/12 A modal
 []


Underfull \hbox (badness 10000) in paragraph at lines 1803--1803
\OT1/cmr/m/n/12 over-lay
 []


Underfull \hbox (badness 10000) in paragraph at lines 1803--1803
\OT1/cmr/m/n/12 ap-pears
 []


Underfull \hbox (badness 10000) in paragraph at lines 1803--1803
\OT1/cmr/m/n/12 dis-play-
 []


Underfull \hbox (badness 10000) in paragraph at lines 1803--1803
\OT1/cmr/m/n/12 ing the
 []


Underfull \hbox (badness 3029) in paragraph at lines 1803--1803
\OT1/cmr/m/n/12 Terms of
 []


Underfull \hbox (badness 10000) in paragraph at lines 1803--1803
[]|\OT1/cmr/m/n/12 User suc-
 []


Underfull \hbox (badness 10000) in paragraph at lines 1803--1803
\OT1/cmr/m/n/12 cess-fully
 []


Underfull \hbox (badness 10000) in paragraph at lines 1803--1803
\OT1/cmr/m/n/12 views the
 []


Underfull \hbox (badness 10000) in paragraph at lines 1803--1803
\OT1/cmr/m/n/12 ToS in
 []


Underfull \hbox (badness 10000) in paragraph at lines 1803--1803
\OT1/cmr/m/n/12 modal
 []


Underfull \hbox (badness 10000) in paragraph at lines 1805--1805
[]|\OT1/cmr/m/n/12 Toggle
 []


Underfull \hbox (badness 10000) in paragraph at lines 1805--1805
\OT1/cmr/m/n/12 the
 []


Underfull \hbox (badness 10000) in paragraph at lines 1805--1805
\OT1/cmr/m/n/12 Pri-vacy
 []


Overfull \hbox (4.71587pt too wide) in paragraph at lines 1805--1805
\OT1/cmr/m/n/12 "Privacy 
 []


Underfull \hbox (badness 10000) in paragraph at lines 1805--1805
\OT1/cmr/m/n/12 Policy"
 []


Underfull \hbox (badness 10000) in paragraph at lines 1805--1805
[]$\OT1/cmtt/m/n/12 Privacy$[]
 []


Underfull \hbox (badness 4254) in paragraph at lines 1805--1805
[]|\OT1/cmr/m/n/12 A modal
 []


Underfull \hbox (badness 10000) in paragraph at lines 1805--1805
\OT1/cmr/m/n/12 over-lay
 []


Underfull \hbox (badness 10000) in paragraph at lines 1805--1805
\OT1/cmr/m/n/12 ap-pears
 []


Underfull \hbox (badness 10000) in paragraph at lines 1805--1805
\OT1/cmr/m/n/12 dis-play-
 []


Underfull \hbox (badness 10000) in paragraph at lines 1805--1805
\OT1/cmr/m/n/12 ing the
 []


Underfull \hbox (badness 10000) in paragraph at lines 1805--1805
\OT1/cmr/m/n/12 Pri-vacy
 []


Underfull \hbox (badness 10000) in paragraph at lines 1805--1805
[]|\OT1/cmr/m/n/12 User suc-
 []


Underfull \hbox (badness 10000) in paragraph at lines 1805--1805
\OT1/cmr/m/n/12 cess-fully
 []


Underfull \hbox (badness 10000) in paragraph at lines 1805--1805
\OT1/cmr/m/n/12 views the
 []


Underfull \hbox (badness 10000) in paragraph at lines 1805--1805
\OT1/cmr/m/n/12 Pri-vacy
 []


Underfull \hbox (badness 10000) in paragraph at lines 1805--1805
\OT1/cmr/m/n/12 Pol-icy
 []


Underfull \hbox (badness 10000) in paragraph at lines 1807--1807
[]|\OT1/cmr/m/n/12 Toggle
 []


Underfull \hbox (badness 10000) in paragraph at lines 1807--1807
\OT1/cmr/m/n/12 check-
 []


Underfull \hbox (badness 10000) in paragraph at lines 1807--1807
\OT1/cmr/m/n/12 Terms
 []


Underfull \hbox (badness 3189) in paragraph at lines 1807--1807
\OT1/cmr/m/n/12 of Ser-
 []


Underfull \hbox (badness 10000) in paragraph at lines 1807--1807
\OT1/cmr/m/n/12 vice
 []


Underfull \hbox (badness 10000) in paragraph at lines 1807--1807
\OT1/cmr/m/n/12 and
 []


Underfull \hbox (badness 10000) in paragraph at lines 1807--1807
\OT1/cmr/m/n/12 Pri-
 []


Underfull \hbox (badness 10000) in paragraph at lines 1807--1807
[]|\OT1/cmr/m/n/12 Tap
 []


Underfull \hbox (badness 10000) in paragraph at lines 1807--1807
\OT1/cmr/m/n/12 check-
 []


Overfull \hbox (4.94641pt too wide) in paragraph at lines 1807--1807
\OT1/cmr/m/n/12 (updates 
 []


Overfull \hbox (4.88113pt too wide) in paragraph at lines 1807--1807
\OT1/cmr/m/n/12 variable)| 
 []


Underfull \hbox (badness 10000) in paragraph at lines 1807--1807
\OML/cmm/m/it/12 >$
 []


Underfull \hbox (badness 10000) in paragraph at lines 1807--1807
[]|\OT1/cmr/m/n/12 The
 []


Underfull \hbox (badness 10000) in paragraph at lines 1807--1807
\OT1/cmr/m/n/12 check-box
 []


Underfull \hbox (badness 10000) in paragraph at lines 1807--1807
\OT1/cmr/m/n/12 tog-gles;
 []


Underfull \hbox (badness 10000) in paragraph at lines 1807--1807
\OT1/cmr/m/n/12 Cre-ate
 []


Underfull \hbox (badness 10000) in paragraph at lines 1807--1807
\OT1/cmr/m/n/12 but-ton
 []


Underfull \hbox (badness 10000) in paragraph at lines 1807--1807
[]|\OT1/cmr/m/n/12 Checkbox
 []


Underfull \hbox (badness 10000) in paragraph at lines 1807--1807
\OT1/cmr/m/n/12 state
 []


Underfull \hbox (badness 10000) in paragraph at lines 1807--1807
\OT1/cmr/m/n/12 tog-gled
 []


Underfull \hbox (badness 10000) in paragraph at lines 1807--1807
\OT1/cmr/m/n/12 suc-cess-
 []


Underfull \hbox (badness 10000) in paragraph at lines 1809--1809
[]|\OT1/cmr/m/n/12 Upload
 []


Underfull \hbox (badness 10000) in paragraph at lines 1809--1809
\OT1/cmr/m/n/12 Profile
 []


Underfull \hbox (badness 10000) in paragraph at lines 1809--1809
[]|\OT1/cmr/m/n/12 Tap
 []


Underfull \hbox (badness 10000) in paragraph at lines 1809--1809
\OT1/cmr/m/n/12 Holder
 []


Overfull \hbox (1.84367pt too wide) in paragraph at lines 1809--1809
\OT1/cmr/m/n/12 Position
 []


Overfull \hbox (11.01953pt too wide) in paragraph at lines 1809--1809
[]|[]$\OT1/cmtt/m/n/12 startCamera$[]
 []


Underfull \hbox (badness 10000) in paragraph at lines 1809--1809
\OML/cmm/m/it/12 >$
 []


Overfull \hbox (4.84453pt too wide) in paragraph at lines 1809--1809
[]$\OT1/cmtt/m/n/12 detectFace$[]
 []


Underfull \hbox (badness 10000) in paragraph at lines 1809--1809
\OML/cmm/m/it/12 >$
 []


Overfull \hbox (4.84453pt too wide) in paragraph at lines 1809--1809
[]$\OT1/cmtt/m/n/12 Cloudinary$[]| 
 []


Underfull \hbox (badness 10000) in paragraph at lines 1809--1809
[]|\OT1/cmr/m/n/12 Face is
 []


Underfull \hbox (badness 10000) in paragraph at lines 1809--1809
\OT1/cmr/m/n/12 de-tected;
 []


Underfull \hbox (badness 10000) in paragraph at lines 1809--1809
\OT1/cmr/m/n/12 URL
 []


Underfull \hbox (badness 10000) in paragraph at lines 1809--1809
\OT1/cmr/m/n/12 saved to
 []


Underfull \hbox (badness 10000) in paragraph at lines 1809--1809
\OT1/cmr/m/n/12 Cloud-
 []


Underfull \hbox (badness 10000) in paragraph at lines 1809--1809
\OT1/cmr/m/n/12 i-nary;
 []


Underfull \hbox (badness 10000) in paragraph at lines 1809--1809
\OT1/cmr/m/n/12 pre-view
 []


Underfull \hbox (badness 3895) in paragraph at lines 1809--1809
\OT1/cmr/m/n/12 tured and
 []


Underfull \hbox (badness 10000) in paragraph at lines 1809--1809
\OT1/cmr/m/n/12 up-loaded
 []


Underfull \hbox (badness 10000) in paragraph at lines 1809--1809
\OT1/cmr/m/n/12 suc-cess-
 []


Overfull \hbox (3.89781pt too wide) in paragraph at lines 1811--1811
[]|\OT1/cmr/m/n/12 Attempt
 []


Underfull \hbox (badness 10000) in paragraph at lines 1811--1811
\OT1/cmr/m/n/12 "Cre-ate
 []


Underfull \hbox (badness 10000) in paragraph at lines 1811--1811
\OT1/cmr/m/n/12 Ac-
 []


Underfull \hbox (badness 10000) in paragraph at lines 1811--1811
\OT1/cmr/m/n/12 count"
 []


Underfull \hbox (badness 10000) in paragraph at lines 1811--1811
\OT1/cmr/m/n/12 with-out
 []


Underfull \hbox (badness 10000) in paragraph at lines 1811--1811
\OT1/cmr/m/n/12 agree-
 []


Overfull \hbox (13.36716pt too wide) in paragraph at lines 1811--1811
[]|\OT1/cmr/m/n/12 Checkbox: 
 []


Overfull \hbox (12.388pt too wide) in paragraph at lines 1811--1811
\OT1/cmr/m/n/12 unchecked| 
 []


Underfull \hbox (badness 10000) in paragraph at lines 1811--1811
[]$\OT1/cmtt/m/n/12 Third [] .vue$[]
 []


Underfull \hbox (badness 10000) in paragraph at lines 1811--1811
\OML/cmm/m/it/12 >$
 []


Underfull \hbox (badness 10000) in paragraph at lines 1811--1811
\OT1/cmr/m/n/12 returns
 []


Underfull \hbox (badness 10000) in paragraph at lines 1811--1811
[]|\OT1/cmr/m/n/12 The
 []


Underfull \hbox (badness 10000) in paragraph at lines 1811--1811
\OT1/cmr/m/n/12 "Cre-ate
 []


Underfull \hbox (badness 10000) in paragraph at lines 1811--1811
\OT1/cmr/m/n/12 Ac-count"
 []


Underfull \hbox (badness 10000) in paragraph at lines 1811--1811
\OT1/cmr/m/n/12 but-ton
 []


Underfull \hbox (badness 10000) in paragraph at lines 1811--1811
\OT1/cmr/m/n/12 re-mains
 []


Underfull \hbox (badness 10000) in paragraph at lines 1811--1811
[]|\OT1/cmr/m/n/12 Button is
 []


Underfull \hbox (badness 10000) in paragraph at lines 1811--1811
\OT1/cmr/m/n/12 vi-su-ally
 []


Underfull \hbox (badness 7522) in paragraph at lines 1811--1811
\OT1/cmr/m/n/12 and func-
 []


Underfull \hbox (badness 10000) in paragraph at lines 1811--1811
\OT1/cmr/m/n/12 tion-ally
 []



[252]
chapter4.tex:1813: Infinite glue shrinkage found in box being split.
<argument> Infinite shrink error above ignored ! 
                                                 
l.1813 \end{longtable}
                      
The box you are \vsplitting contains some infinitely
shrinkable glue, e.g., `\vss' or `\vskip 0pt minus 1fil'.
Such glue doesn't belong there; but you can safely proceed,
since the offensive shrinkability has been made finite.


[253]
chapter4.tex:1813: Infinite glue shrinkage found in box being split.
<argument> Infinite shrink error above ignored ! 
                                                 
l.1813 \end{longtable}
                      
The box you are \vsplitting contains some infinitely
shrinkable glue, e.g., `\vss' or `\vskip 0pt minus 1fil'.
Such glue doesn't belong there; but you can safely proceed,
since the offensive shrinkability has been made finite.


[254]
Overfull \hbox (0.44623pt too wide) in alignment at lines 1818--1824
 [] [] 
 []


Underfull \hbox (badness 10000) in paragraph at lines 1831--1831
[]|\OT1/cmr/bx/n/12 Test
 []


Overfull \hbox (2.18993pt too wide) in paragraph at lines 1831--1831
\OT1/cmr/bx/n/12 Case
 []


Underfull \hbox (badness 10000) in paragraph at lines 1831--1831
[]|\OT1/cmr/bx/n/12 Coverage
 []


Overfull \hbox (3.7155pt too wide) in paragraph at lines 1831--1831
[]|\OT1/cmr/bx/n/12 Expected
 []


Underfull \hbox (badness 10000) in paragraph at lines 1831--1831
[]|\OT1/cmr/bx/n/12 Actual
 []


Underfull \hbox (badness 10000) in paragraph at lines 1831--1831
[]|\OT1/cmr/bx/n/12 Test
 []


Underfull \hbox (badness 10000) in paragraph at lines 1833--1833
[]|\OT1/cmr/m/n/12 Trigger
 []


Overfull \hbox (3.39134pt too wide) in paragraph at lines 1833--1833
[]$\OT1/cmtt/m/n/12 Station$[]| 
 []


Overfull \hbox (9.56635pt too wide) in paragraph at lines 1833--1833
[]|[]$\OT1/cmtt/m/n/12 searchId$[] 
 []


Overfull \hbox (4.84453pt too wide) in paragraph at lines 1833--1833
[]|[]$\OT1/cmtt/m/n/12 getStation$[] 
 []


Underfull \hbox (badness 10000) in paragraph at lines 1833--1833
\OT1/cmr/m/n/12 returns
 []


Underfull \hbox (badness 10000) in paragraph at lines 1833--1833
[]$\OT1/cmtt/m/n/12 router []
 []


Underfull \hbox (badness 10000) in paragraph at lines 1833--1833
[]|\OT1/cmr/m/n/12 User is
 []


Underfull \hbox (badness 10000) in paragraph at lines 1833--1833
\OT1/cmr/m/n/12 nav-i-gated
 []


Underfull \hbox (badness 10000) in paragraph at lines 1833--1833
\OT1/cmr/m/n/12 screen
 []


Underfull \hbox (badness 10000) in paragraph at lines 1833--1833
\OT1/cmr/m/n/12 with ID
 []


Underfull \hbox (badness 10000) in paragraph at lines 1833--1833
[]|\OT1/cmr/m/n/12 Search
 []


Underfull \hbox (badness 10000) in paragraph at lines 1833--1833
\OT1/cmr/m/n/12 suc-cess-ful.
 []


Underfull \hbox (badness 10000) in paragraph at lines 1833--1833
\OT1/cmr/m/n/12 Nav-i-gat-ing
 []


Underfull \hbox (badness 2020) in paragraph at lines 1833--1833
\OT1/cmr/m/n/12 to Sta-tion
 []


Underfull \hbox (badness 10000) in paragraph at lines 1835--1835
[]|\OT1/cmr/m/n/12 Trigger
 []


Overfull \hbox (3.39134pt too wide) in paragraph at lines 1835--1835
[]$\OT1/cmtt/m/n/12 Station$[]| 
 []


Overfull \hbox (9.56635pt too wide) in paragraph at lines 1835--1835
[]|[]$\OT1/cmtt/m/n/12 searchId$[] 
 []


Underfull \hbox (badness 10000) in paragraph at lines 1835--1835
\OT1/cmr/m/n/12 updates
 []


Underfull \hbox (badness 10000) in paragraph at lines 1835--1835
\OT1/cmr/m/n/12 en-ter a
 []


Underfull \hbox (badness 10000) in paragraph at lines 1835--1835
\OT1/cmr/m/n/12 Sta-tion
 []


Underfull \hbox (badness 2042) in paragraph at lines 1835--1835
[]|\OT1/cmr/m/n/12 FAILED -
 []


Underfull \hbox (badness 10000) in paragraph at lines 1835--1835
\OT1/cmr/m/n/12 Mes-sage
 []


Underfull \hbox (badness 10000) in paragraph at lines 1835--1835
\OT1/cmr/m/n/12 dis-played
 []


Underfull \hbox (badness 10000) in paragraph at lines 1837--1837
[]|\OT1/cmr/m/n/12 Trigger
 []


Overfull \hbox (3.39134pt too wide) in paragraph at lines 1837--1837
[]$\OT1/cmtt/m/n/12 Station$[]| 
 []


Overfull \hbox (9.56635pt too wide) in paragraph at lines 1837--1837
[]|[]$\OT1/cmtt/m/n/12 searchId$[] 
 []


Overfull \hbox (4.84453pt too wide) in paragraph at lines 1837--1837
[]|[]$\OT1/cmtt/m/n/12 getStation$[] 
 []


Underfull \hbox (badness 10000) in paragraph at lines 1837--1837
\OT1/cmr/m/n/12 returns
 []


Underfull \hbox (badness 10000) in paragraph at lines 1837--1837
[]$\OT1/cmtt/m/n/12 Error$[]
 []


Underfull \hbox (badness 10000) in paragraph at lines 1837--1837
\OT1/cmr/m/n/12 dis-plays:
 []


Underfull \hbox (badness 10000) in paragraph at lines 1837--1837
\OT1/cmr/m/n/12 "Sta-tion
 []


Underfull \hbox (badness 2042) in paragraph at lines 1837--1837
[]|\OT1/cmr/m/n/12 FAILED -
 []


Underfull \hbox (badness 1838) in paragraph at lines 1837--1837
\OT1/cmr/m/n/12 Data null.
 []


Underfull \hbox (badness 10000) in paragraph at lines 1837--1837
\OT1/cmr/m/n/12 "Sta-tion
 []


chapter4.tex:1839: Infinite glue shrinkage found in box being split.
<argument> Infinite shrink error above ignored ! 
                                                 
l.1839 \end{longtable}
                      
The box you are \vsplitting contains some infinitely
shrinkable glue, e.g., `\vss' or `\vskip 0pt minus 1fil'.
Such glue doesn't belong there; but you can safely proceed,
since the offensive shrinkability has been made finite.


[255]
Overfull \hbox (2.18993pt too wide) in paragraph at lines 1846--1846
 \OT1/cmr/bx/n/12 Case 
 []

<figures/LG-01-code.png, id=2476, 1373.13pt x 327.2225pt>
File: figures/LG-01-code.png Graphic file (type png)
<use figures/LG-01-code.png>
Package pdftex.def Info: figures/LG-01-code.png  used on input line 1851.
(pdftex.def)             Requested size: 173.56198pt x 41.35707pt.
<figures/LG-01-result.png, id=2477, 903.375pt x 238.8925pt>
File: figures/LG-01-result.png Graphic file (type png)
<use figures/LG-01-result.png>
Package pdftex.def Info: figures/LG-01-result.png  used on input line 1856.
(pdftex.def)             Requested size: 159.3356pt x 42.13487pt.
<figures/LG-02-code.png, id=2478, 1126.2075pt x 120.45pt>
File: figures/LG-02-code.png Graphic file (type png)
<use figures/LG-02-code.png>
Package pdftex.def Info: figures/LG-02-code.png  used on input line 1863.
(pdftex.def)             Requested size: 173.56198pt x 18.56111pt.
<figures/LG-02-result.png, id=2479, 823.075pt x 44.165pt>
File: figures/LG-02-result.png Graphic file (type png)
<use figures/LG-02-result.png>
Package pdftex.def Info: figures/LG-02-result.png  used on input line 1868.
(pdftex.def)             Requested size: 159.3356pt x 8.54979pt.
<figures/LG-03-code.png, id=2480, 1353.055pt x 252.945pt>
File: figures/LG-03-code.png Graphic file (type png)
<use figures/LG-03-code.png>
Package pdftex.def Info: figures/LG-03-code.png  used on input line 1875.
(pdftex.def)             Requested size: 173.56198pt x 32.444pt.
<figures/LG-03-result.png, id=2481, 903.375pt x 44.165pt>
File: figures/LG-03-result.png Graphic file (type png)
<use figures/LG-03-result.png>
Package pdftex.def Info: figures/LG-03-result.png  used on input line 1880.
(pdftex.def)             Requested size: 159.3356pt x 7.78963pt.
<figures/LG-04-code.png, id=2482, 1451.4225pt x 260.975pt>
File: figures/LG-04-code.png Graphic file (type png)
<use figures/LG-04-code.png>
Package pdftex.def Info: figures/LG-04-code.png  used on input line 1887.
(pdftex.def)             Requested size: 173.56198pt x 31.20415pt.
<figures/LG-04-result.png, id=2483, 903.375pt x 56.21pt>
File: figures/LG-04-result.png Graphic file (type png)
<use figures/LG-04-result.png>
Package pdftex.def Info: figures/LG-04-result.png  used on input line 1892.
(pdftex.def)             Requested size: 159.3356pt x 9.91408pt.
<figures/PA-05-code.png, id=2484, 1688.3075pt x 152.57pt>
File: figures/PA-05-code.png Graphic file (type png)
<use figures/PA-05-code.png>
Package pdftex.def Info: figures/PA-05-code.png  used on input line 1899.
(pdftex.def)             Requested size: 173.56198pt x 15.68391pt.
<figures/PA-05-result.png, id=2485, 857.2025pt x 102.3825pt>
File: figures/PA-05-result.png Graphic file (type png)
<use figures/PA-05-result.png>
Package pdftex.def Info: figures/PA-05-result.png  used on input line 1904.
(pdftex.def)             Requested size: 159.3356pt x 19.02951pt.
<figures/LG-06-code.png, id=2486, 2085.7925pt x 220.825pt>
File: figures/LG-06-code.png Graphic file (type png)
<use figures/LG-06-code.png>
Package pdftex.def Info: figures/LG-06-code.png  used on input line 1911.
(pdftex.def)             Requested size: 173.56198pt x 18.37395pt.
<figures/LG-06-result.png, id=2487, 937.5025pt x 66.2475pt>
File: figures/LG-06-result.png Graphic file (type png)
<use figures/LG-06-result.png>
Package pdftex.def Info: figures/LG-06-result.png  used on input line 1916.
(pdftex.def)             Requested size: 159.3356pt x 11.25888pt.
<figures/LG-07-code.png, id=2488, 1443.3925pt x 471.7625pt>
File: figures/LG-07-code.png Graphic file (type png)
<use figures/LG-07-code.png>
Package pdftex.def Info: figures/LG-07-code.png  used on input line 1923.
(pdftex.def)             Requested size: 173.56198pt x 56.72423pt.
<figures/LG-07-result.png, id=2489, 851.18pt x 303.1325pt>
File: figures/LG-07-result.png Graphic file (type png)
<use figures/LG-07-result.png>
Package pdftex.def Info: figures/LG-07-result.png  used on input line 1928.
(pdftex.def)             Requested size: 159.3356pt x 56.74469pt.
<figures/WS-08-code.png, id=2490, 1055.945pt x 341.275pt>
File: figures/WS-08-code.png Graphic file (type png)
<use figures/WS-08-code.png>
Package pdftex.def Info: figures/WS-08-code.png  used on input line 1935.
(pdftex.def)             Requested size: 173.56198pt x 56.08922pt.
<figures/WS-08-result.png, id=2491, 887.315pt x 94.3525pt>
File: figures/WS-08-result.png Graphic file (type png)
<use figures/WS-08-result.png>
Package pdftex.def Info: figures/WS-08-result.png  used on input line 1940.
(pdftex.def)             Requested size: 159.3356pt x 16.9424pt.
<figures/LG-09-code.png, id=2492, 1543.7675pt x 435.6275pt>
File: figures/LG-09-code.png Graphic file (type png)
<use figures/LG-09-code.png>
Package pdftex.def Info: figures/LG-09-code.png  used on input line 1947.
(pdftex.def)             Requested size: 173.56198pt x 48.97606pt.
<figures/LG-09-result.png, id=2493, 1025.8325pt x 148.555pt>
File: figures/LG-09-result.png Graphic file (type png)
<use figures/LG-09-result.png>
Package pdftex.def Info: figures/LG-09-result.png  used on input line 1952.
(pdftex.def)             Requested size: 159.3356pt x 23.07338pt.
<figures/WS-10-code.png, id=2494, 1009.7725pt x 343.2825pt>
File: figures/WS-10-code.png Graphic file (type png)
<use figures/WS-10-code.png>
Package pdftex.def Info: figures/WS-10-code.png  used on input line 1959.
(pdftex.def)             Requested size: 173.56198pt x 59.00153pt.
<figures/WS-10-result.png, id=2495, 698.61pt x 88.33pt>
File: figures/WS-10-result.png Graphic file (type png)
<use figures/WS-10-result.png>
Package pdftex.def Info: figures/WS-10-result.png  used on input line 1964.
(pdftex.def)             Requested size: 159.3356pt x 20.14565pt.

chapter4.tex:1967: Infinite glue shrinkage found in box being split.
<argument> Infinite shrink error above ignored ! 
                                                 
l.1967 \end{longtable}
                      
The box you are \vsplitting contains some infinitely
shrinkable glue, e.g., `\vss' or `\vskip 0pt minus 1fil'.
Such glue doesn't belong there; but you can safely proceed,
since the offensive shrinkability has been made finite.


[256 <./figures/LG-01-code.png> <./figures/LG-01-result.png> <./figures/LG-02-code.png> <./figures/LG-02-result.png> <./figures/LG-03-code.png> <./figures/LG-03-result.png> <./figures/LG-04-code.png> <./figures/LG-04-result.png>]
Overfull \hbox (2.18993pt too wide) in paragraph at lines 1972--1972
 \OT1/cmr/bx/n/12 Case 
 []

<figures/SU-01-code.png, id=2509, 786.94pt x 116.435pt>
File: figures/SU-01-code.png Graphic file (type png)
<use figures/SU-01-code.png>
Package pdftex.def Info: figures/SU-01-code.png  used on input line 1977.
(pdftex.def)             Requested size: 173.56198pt x 25.67973pt.
<figures/SU-01-result.png, id=2510, 981.6675pt x 242.9075pt>
File: figures/SU-01-result.png Graphic file (type png)
<use figures/SU-01-result.png>
Package pdftex.def Info: figures/SU-01-result.png  used on input line 1982.
(pdftex.def)             Requested size: 159.3356pt x 39.42566pt.
<figures/SU-02-code.png, id=2511, 576.1525pt x 186.6975pt>
File: figures/SU-02-code.png Graphic file (type png)
<use figures/SU-02-code.png>
Package pdftex.def Info: figures/SU-02-code.png  used on input line 1989.
(pdftex.def)             Requested size: 173.56198pt x 56.24042pt.
<figures/SU-02-result.png, id=2512, 951.555pt x 56.21pt>
File: figures/SU-02-result.png Graphic file (type png)
<use figures/SU-02-result.png>
Package pdftex.def Info: figures/SU-02-result.png  used on input line 1994.
(pdftex.def)             Requested size: 159.3356pt x 9.41147pt.
<figures/SU-03-code.png, id=2513, 766.865pt x 120.45pt>
File: figures/SU-03-code.png Graphic file (type png)
<use figures/SU-03-code.png>
Package pdftex.def Info: figures/SU-03-code.png  used on input line 2001.
(pdftex.def)             Requested size: 173.56198pt x 27.25996pt.
<figures/SU-03-result.png, id=2514, 991.705pt x 242.9075pt>
File: figures/SU-03-result.png Graphic file (type png)
<use figures/SU-03-result.png>
Package pdftex.def Info: figures/SU-03-result.png  used on input line 2006.
(pdftex.def)             Requested size: 159.3356pt x 39.02536pt.
<figures/SU-04-code.png, id=2515, 1527.7075pt x 1485.55pt>
File: figures/SU-04-code.png Graphic file (type png)
<use figures/SU-04-code.png>
Package pdftex.def Info: figures/SU-04-code.png  used on input line 2013.
(pdftex.def)             Requested size: 173.56198pt x 168.76056pt.
<figures/SU-04-result.png, id=2516, 991.705pt x 88.33pt>
File: figures/SU-04-result.png Graphic file (type png)
<use figures/SU-04-result.png>
Package pdftex.def Info: figures/SU-04-result.png  used on input line 2018.
(pdftex.def)             Requested size: 159.3356pt x 14.19104pt.
<figures/SU-05-code.png, id=2517, 1614.03pt x 473.77pt>
File: figures/SU-05-code.png Graphic file (type png)
<use figures/SU-05-code.png>
Package pdftex.def Info: figures/SU-05-code.png  used on input line 2025.
(pdftex.def)             Requested size: 173.56198pt x 50.94374pt.

LaTeX Warning: File `figures/SU-05-result.png' not found on input line 2030.


chapter4.tex:2030: Package pdftex.def Error: File `figures/SU-05-result.png' not found: using draft setting.

See the pdftex.def package documentation for explanation.
Type  H <return>  for immediate help.
 ...                                              
                                                  
l.2030 ...h=1\linewidth]{figures/SU-05-result.png}
                                                  
Try typing  <return>  to proceed.
If that doesn't work, type  X <return>  to quit.

<figures/SU-06-code.png, id=2518, 1632.0975pt x 479.7925pt>
File: figures/SU-06-code.png Graphic file (type png)
<use figures/SU-06-code.png>
Package pdftex.def Info: figures/SU-06-code.png  used on input line 2037.
(pdftex.def)             Requested size: 173.56198pt x 51.02028pt.

LaTeX Warning: File `figures/SU-06-result.png' not found on input line 2042.


chapter4.tex:2042: Package pdftex.def Error: File `figures/SU-06-result.png' not found: using draft setting.

See the pdftex.def package documentation for explanation.
Type  H <return>  for immediate help.
 ...                                              
                                                  
l.2042 ...h=1\linewidth]{figures/SU-06-result.png}
                                                  
Try typing  <return>  to proceed.
If that doesn't work, type  X <return>  to quit.

<figures/SU-07-code.png, id=2519, 2079.77pt x 411.5375pt>
File: figures/SU-07-code.png Graphic file (type png)
<use figures/SU-07-code.png>
Package pdftex.def Info: figures/SU-07-code.png  used on input line 2049.
(pdftex.def)             Requested size: 173.56198pt x 34.34285pt.

LaTeX Warning: File `figures/SU-07-result.png' not found on input line 2054.


chapter4.tex:2054: Package pdftex.def Error: File `figures/SU-07-result.png' not found: using draft setting.

See the pdftex.def package documentation for explanation.
Type  H <return>  for immediate help.
 ...                                              
                                                  
l.2054 ...h=1\linewidth]{figures/SU-07-result.png}
                                                  
Try typing  <return>  to proceed.
If that doesn't work, type  X <return>  to quit.


LaTeX Warning: File `figures/SU-08-code.png' not found on input line 2061.


chapter4.tex:2061: Package pdftex.def Error: File `figures/SU-08-code.png' not found: using draft setting.

See the pdftex.def package documentation for explanation.
Type  H <return>  for immediate help.
 ...                                              
                                                  
l.2061 ...dth=1\linewidth]{figures/SU-08-code.png}
                                                  
Try typing  <return>  to proceed.
If that doesn't work, type  X <return>  to quit.


LaTeX Warning: File `figures/SU-08-result.png' not found on input line 2066.


chapter4.tex:2066: Package pdftex.def Error: File `figures/SU-08-result.png' not found: using draft setting.

See the pdftex.def package documentation for explanation.
Type  H <return>  for immediate help.
 ...                                              
                                                  
l.2066 ...h=1\linewidth]{figures/SU-08-result.png}
                                                  
Try typing  <return>  to proceed.
If that doesn't work, type  X <return>  to quit.

<figures/SU-09-code.png, id=2520, 2133.9725pt x 371.3875pt>
File: figures/SU-09-code.png Graphic file (type png)
<use figures/SU-09-code.png>
Package pdftex.def Info: figures/SU-09-code.png  used on input line 2073.
(pdftex.def)             Requested size: 173.56198pt x 30.20462pt.

LaTeX Warning: File `figures/SU-09-result.png' not found on input line 2078.


chapter4.tex:2078: Package pdftex.def Error: File `figures/SU-09-result.png' not found: using draft setting.

See the pdftex.def package documentation for explanation.
Type  H <return>  for immediate help.
 ...                                              
                                                  
l.2078 ...h=1\linewidth]{figures/SU-09-result.png}
                                                  
Try typing  <return>  to proceed.
If that doesn't work, type  X <return>  to quit.


chapter4.tex:2081: Infinite glue shrinkage found in box being split.
<argument> Infinite shrink error above ignored ! 
                                                 
l.2081 \end{longtable}
                      
The box you are \vsplitting contains some infinitely
shrinkable glue, e.g., `\vss' or `\vskip 0pt minus 1fil'.
Such glue doesn't belong there; but you can safely proceed,
since the offensive shrinkability has been made finite.


[257 <./figures/PA-05-code.png> <./figures/PA-05-result.png> <./figures/LG-06-code.png> <./figures/LG-06-result.png> <./figures/LG-07-code.png> <./figures/LG-07-result.png> <./figures/WS-08-code.png> <./figures/WS-08-result.png> <./figures/LG-09-code.png> <./figures/LG-09-result.png> <./figures/WS-10-code.png> <./figures/WS-10-result.png>]
chapter4.tex:2081: Infinite glue shrinkage found in box being split.
<argument> Infinite shrink error above ignored ! 
                                                 
l.2081 \end{longtable}
                      
The box you are \vsplitting contains some infinitely
shrinkable glue, e.g., `\vss' or `\vskip 0pt minus 1fil'.
Such glue doesn't belong there; but you can safely proceed,
since the offensive shrinkability has been made finite.


[258 <./figures/SU-01-code.png> <./figures/SU-01-result.png> <./figures/SU-02-code.png> <./figures/SU-02-result.png> <./figures/SU-03-code.png> <./figures/SU-03-result.png> <./figures/SU-04-code.png> <./figures/SU-04-result.png>]
chapter4.tex:2081: Infinite glue shrinkage found in box being split.
<argument> Infinite shrink error above ignored ! 
                                                 
l.2081 \end{longtable}
                      
The box you are \vsplitting contains some infinitely
shrinkable glue, e.g., `\vss' or `\vskip 0pt minus 1fil'.
Such glue doesn't belong there; but you can safely proceed,
since the offensive shrinkability has been made finite.


[259 <./figures/SU-05-code.png> <./figures/SU-06-code.png>]
chapter4.tex:2081: Infinite glue shrinkage found in box being split.
<argument> Infinite shrink error above ignored ! 
                                                 
l.2081 \end{longtable}
                      
The box you are \vsplitting contains some infinitely
shrinkable glue, e.g., `\vss' or `\vskip 0pt minus 1fil'.
Such glue doesn't belong there; but you can safely proceed,
since the offensive shrinkability has been made finite.


[260 <./figures/SU-07-code.png>]

LaTeX Warning: File `figures/bar-functional.png' not found on input line 2094.


chapter4.tex:2094: Package pdftex.def Error: File `figures/bar-functional.png' not found: using draft setting.

See the pdftex.def package documentation for explanation.
Type  H <return>  for immediate help.
 ...                                              
                                                  
l.2094 ...1\textwidth]{figures/bar-functional.png}
                                                  
Try typing  <return>  to proceed.
If that doesn't work, type  X <return>  to quit.



[261 <./figures/SU-09-code.png>]

[262]

LaTeX Warning: File `figures/bar-usability.png' not found on input line 2107.


chapter4.tex:2107: Package pdftex.def Error: File `figures/bar-usability.png' not found: using draft setting.

See the pdftex.def package documentation for explanation.
Type  H <return>  for immediate help.
 ...                                              
                                                  
l.2107 ...=1\textwidth]{figures/bar-usability.png}
                                                  
Try typing  <return>  to proceed.
If that doesn't work, type  X <return>  to quit.



[263]
<figures/charging-one-detachable.png, id=2575, 1035.87pt x 548.0475pt>
File: figures/charging-one-detachable.png Graphic file (type png)
<use figures/charging-one-detachable.png>
Package pdftex.def Info: figures/charging-one-detachable.png  used on input line 2147.
(pdftex.def)             Requested size: 397.48502pt x 210.30066pt.

Underfull \hbox (badness 10000) in paragraph at lines 2151--2151
[]|\OT1/cmr/bx/n/12 Station Bat-tery
 []


Underfull \hbox (badness 10000) in paragraph at lines 2153--2153
[]|\OT1/cmr/m/n/12 Solar Charge Con-
 []


Overfull \hbox (12.79999pt too wide) in alignment at lines 2135--2161
 [] [] [] [] 
 []



[264]
<figures/charge1.png, id=2581, 1035.87pt x 548.0475pt>
File: figures/charge1.png Graphic file (type png)
<use figures/charge1.png>
Package pdftex.def Info: figures/charge1.png  used on input line 2170.
(pdftex.def)             Requested size: 278.2383pt x 147.20544pt.
<figures/c1.png, id=2582, 609.02531pt x 340.27126pt>
File: figures/c1.png Graphic file (type png)
<use figures/c1.png>
Package pdftex.def Info: figures/c1.png  used on input line 2176.
(pdftex.def)             Requested size: 166.94298pt x 93.27113pt.
<figures/c2.png, id=2583, 572.1375pt x 356.0803pt>
File: figures/c2.png Graphic file (type png)
<use figures/c2.png>
Package pdftex.def Info: figures/c2.png  used on input line 2176.
(pdftex.def)             Requested size: 166.94298pt x 103.90178pt.
<figures/c3.png, id=2584, 612.78937pt x 388.45125pt>
File: figures/c3.png Graphic file (type png)
<use figures/c3.png>
Package pdftex.def Info: figures/c3.png  used on input line 2177.
(pdftex.def)             Requested size: 166.94298pt x 105.82567pt.
<figures/c4.png, id=2585, 572.89032pt x 418.56375pt>
File: figures/c4.png Graphic file (type png)
<use figures/c4.png>
Package pdftex.def Info: figures/c4.png  used on input line 2177.
(pdftex.def)             Requested size: 166.94298pt x 121.97433pt.
<figures/c5.png, id=2586, 573.64313pt x 438.8897pt>
File: figures/c5.png Graphic file (type png)
<use figures/c5.png>
Package pdftex.def Info: figures/c5.png  used on input line 2178.
(pdftex.def)             Requested size: 166.94298pt x 127.72343pt.
<figures/c6.png, id=2587, 535.2497pt x 439.6425pt>
File: figures/c6.png Graphic file (type png)
<use figures/c6.png>
Package pdftex.def Info: figures/c6.png  used on input line 2178.
(pdftex.def)             Requested size: 166.94298pt x 137.12631pt.
<figures/c7.png, id=2588, 598.48593pt x 389.20406pt>
File: figures/c7.png Graphic file (type png)
<use figures/c7.png>
Package pdftex.def Info: figures/c7.png  used on input line 2179.
(pdftex.def)             Requested size: 166.94298pt x 108.56067pt.
<figures/c8.png, id=2589, 539.01375pt x 386.94562pt>
File: figures/c8.png Graphic file (type png)
<use figures/c8.png>
Package pdftex.def Info: figures/c8.png  used on input line 2179.
(pdftex.def)             Requested size: 166.94298pt x 119.84561pt.
<figures/c9.png, id=2590, 609.02531pt x 420.82219pt>
File: figures/c9.png Graphic file (type png)
<use figures/c9.png>
Package pdftex.def Info: figures/c9.png  used on input line 2180.
(pdftex.def)             Requested size: 166.94298pt x 115.35081pt.
<figures/c10.png, id=2591, 493.0922pt x 448.67625pt>
File: figures/c10.png Graphic file (type png)
<use figures/c10.png>
Package pdftex.def Info: figures/c10.png  used on input line 2180.
(pdftex.def)             Requested size: 166.94298pt x 151.90436pt.

Overfull \hbox (55.73618pt too wide) in alignment at lines 2166--2202
 [] [] [] [] [] [] 
 []



[265 <./figures/charging-one-detachable.png (PNG copy)>]
chapter4.tex:2202: Infinite glue shrinkage found in box being split.
<argument> Infinite shrink error above ignored ! 
                                                 
l.2202 \end{longtable}
                      
The box you are \vsplitting contains some infinitely
shrinkable glue, e.g., `\vss' or `\vskip 0pt minus 1fil'.
Such glue doesn't belong there; but you can safely proceed,
since the offensive shrinkability has been made finite.


[266 <./figures/charge1.png (PNG copy)> <./figures/c1.png> <./figures/c2.png> <./figures/c3.png> <./figures/c4.png>]
chapter4.tex:2202: Infinite glue shrinkage found in box being split.
<argument> Infinite shrink error above ignored ! 
                                                 
l.2202 \end{longtable}
                      
The box you are \vsplitting contains some infinitely
shrinkable glue, e.g., `\vss' or `\vskip 0pt minus 1fil'.
Such glue doesn't belong there; but you can safely proceed,
since the offensive shrinkability has been made finite.


[267 <./figures/c5.png> <./figures/c6.png> <./figures/c7.png> <./figures/c8.png> <./figures/c9.png> <./figures/c10.png>])

[268]
\openout2 = `chapter5.aux'.

 (chapter5.tex
Chapter 5.


[269




]

[270])

[271]
\openout2 = `appendix.aux'.

 (appendix.tex

[272




]

[273]

[274]
Underfull \hbox (badness 10000) in paragraph at lines 165--165
[]|\OT1/cmr/bx/n/12 Power
 []


Underfull \hbox (badness 10000) in paragraph at lines 165--165
[]|\OT1/cmr/bx/n/12 With Power
 []


Underfull \hbox (badness 10000) in paragraph at lines 165--166
[]|\OT1/cmr/bx/n/12 Usage
 []


Overfull \hbox (3.94801pt too wide) in alignment at lines 162--167
 [] [] [] [] [] 
 []


Underfull \hbox (badness 10000) in paragraph at lines 170--170
[]|\OT1/cmr/bx/n/12 Power
 []


Underfull \hbox (badness 10000) in paragraph at lines 170--170
[]|\OT1/cmr/bx/n/12 With Power
 []


Underfull \hbox (badness 10000) in paragraph at lines 170--171
[]| \OT1/cmr/bx/n/12 Us-age
 []


Overfull \hbox (3.94801pt too wide) in alignment at lines 167--172
 [] [] [] [] [] 
 []


Overfull \hbox (3.94801pt too wide) in alignment at lines 172--174
 [] [] [] [] [] 
 []


Overfull \hbox (3.94801pt too wide) in alignment at lines 174--182
 [] [] [] [] [] 
 []



[275]
<figures/gantt-new.png, id=2655, 934.24031pt x 516.42938pt>
File: figures/gantt-new.png Graphic file (type png)
<use figures/gantt-new.png>
Package pdftex.def Info: figures/gantt-new.png  used on input line 206.
(pdftex.def)             Requested size: 397.48502pt x 219.71992pt.


[276 <./figures/gantt-new.png>]

[277]

[278]
Underfull \hbox (badness 7704) in paragraph at lines 367--367
[]|\OT1/cmr/bx/n/12 Address: \OT1/cmr/m/n/12 Tup-san, Mam-ba-jao,
 []

appendix.tex:373: Undefined control sequence.
l.373 \hrulespace
                  % Custom separator
The control sequence at the end of the top line
of your error message was never \def'ed. If you have
misspelled it (e.g., `\hobx'), type `I' and the correct
spelling (e.g., `I\hbox'). Otherwise just continue,
and I'll forget about whatever was undefined.

appendix.tex:461: Undefined control sequence.
l.461 \hrulespace
                  % Custom separator
The control sequence at the end of the top line
of your error message was never \def'ed. If you have
misspelled it (e.g., `\hobx'), type `I' and the correct
spelling (e.g., `I\hbox'). Otherwise just continue,
and I'll forget about whatever was undefined.

<figures/interview1.png, id=2670, 3035.34pt x 4047.12pt>
File: figures/interview1.png Graphic file (type png)
<use figures/interview1.png>
Package pdftex.def Info: figures/interview1.png  used on input line 466.
(pdftex.def)             Requested size: 226.0133pt x 301.29776pt.
<figures/interview2.png, id=2671, 3035.34pt x 4047.12pt>
File: figures/interview2.png Graphic file (type png)
<use figures/interview2.png>
Package pdftex.def Info: figures/interview2.png  used on input line 472.
(pdftex.def)             Requested size: 226.0133pt x 301.29776pt.
Package mdframed Info: Box was splittet wrong
 starting loop to iterate the splitting point
(mdframed)              on input line 475.


[279]
Package mdframed Info: Box was splittet wrong
 starting loop to iterate the splitting point
(mdframed)              on input line 475.


[280]
Package mdframed Info: Box was splittet wrong
 starting loop to iterate the splitting point
(mdframed)              on input line 475.


[281]

[282 <./figures/interview1.png>]

[283 <./figures/interview2.png>]
Underfull \hbox (badness 7704) in paragraph at lines 513--513
[]|\OT1/cmr/bx/n/12 Address: \OT1/cmr/m/n/12 Tup-san, Mam-ba-jao,
 []

appendix.tex:519: Undefined control sequence.
l.519 \hrulespace
                  % Custom separator
The control sequence at the end of the top line
of your error message was never \def'ed. If you have
misspelled it (e.g., `\hobx'), type `I' and the correct
spelling (e.g., `I\hbox'). Otherwise just continue,
and I'll forget about whatever was undefined.

appendix.tex:607: Undefined control sequence.
l.607 \hrulespace
                  % Custom separator
The control sequence at the end of the top line
of your error message was never \def'ed. If you have
misspelled it (e.g., `\hobx'), type `I' and the correct
spelling (e.g., `I\hbox'). Otherwise just continue,
and I'll forget about whatever was undefined.

<figures/interview3.png, id=2709, 3035.34pt x 3035.34pt>
File: figures/interview3.png Graphic file (type png)
<use figures/interview3.png>
Package pdftex.def Info: figures/interview3.png  used on input line 612.
(pdftex.def)             Requested size: 226.0133pt x 225.97331pt.
<figures/interview4.png, id=2710, 3035.34pt x 3035.34pt>
File: figures/interview4.png Graphic file (type png)
<use figures/interview4.png>
Package pdftex.def Info: figures/interview4.png  used on input line 618.
(pdftex.def)             Requested size: 226.0133pt x 225.97331pt.
Package mdframed Info: Box was splittet wrong
 starting loop to iterate the splitting point
(mdframed)              on input line 621.


[284]

[285]

[286]

[287 <./figures/interview3.png> <./figures/interview4.png>]
Underfull \hbox (badness 7704) in paragraph at lines 658--658
[]|\OT1/cmr/bx/n/12 Address: \OT1/cmr/m/n/12 Tup-san, Mam-ba-jao,
 []

appendix.tex:664: Undefined control sequence.
l.664 \hrulespace
                  % Custom separator
The control sequence at the end of the top line
of your error message was never \def'ed. If you have
misspelled it (e.g., `\hobx'), type `I' and the correct
spelling (e.g., `I\hbox'). Otherwise just continue,
and I'll forget about whatever was undefined.

appendix.tex:752: Undefined control sequence.
l.752 \hrulespace
                  % Custom separator
The control sequence at the end of the top line
of your error message was never \def'ed. If you have
misspelled it (e.g., `\hobx'), type `I' and the correct
spelling (e.g., `I\hbox'). Otherwise just continue,
and I'll forget about whatever was undefined.

<figures/interview5.png, id=2742, 3035.34pt x 3035.34pt>
File: figures/interview5.png Graphic file (type png)
<use figures/interview5.png>
Package pdftex.def Info: figures/interview5.png  used on input line 757.
(pdftex.def)             Requested size: 226.0133pt x 225.97331pt.
<figures/sample-interview.jpg, id=2743, 473.77pt x 473.77pt>
File: figures/sample-interview.jpg Graphic file (type jpg)
<use figures/sample-interview.jpg>
Package pdftex.def Info: figures/sample-interview.jpg  used on input line 763.
(pdftex.def)             Requested size: 226.0133pt x 226.0118pt.


[288]
Package mdframed Info: Box was splittet wrong
 starting loop to iterate the splitting point
(mdframed)              on input line 766.


[289]

[290]

[291 <./figures/interview5.png> <./figures/sample-interview.jpg>]
Underfull \hbox (badness 7704) in paragraph at lines 802--802
[]|\OT1/cmr/bx/n/12 Address: \OT1/cmr/m/n/12 Tup-san, Mam-ba-jao,
 []

appendix.tex:808: Undefined control sequence.
l.808 \hrulespace
                  % Custom separator
The control sequence at the end of the top line
of your error message was never \def'ed. If you have
misspelled it (e.g., `\hobx'), type `I' and the correct
spelling (e.g., `I\hbox'). Otherwise just continue,
and I'll forget about whatever was undefined.

appendix.tex:896: Undefined control sequence.
l.896 \hrulespace
                  % Custom separator
The control sequence at the end of the top line
of your error message was never \def'ed. If you have
misspelled it (e.g., `\hobx'), type `I' and the correct
spelling (e.g., `I\hbox'). Otherwise just continue,
and I'll forget about whatever was undefined.

File: figures/sample-interview.jpg Graphic file (type jpg)
<use figures/sample-interview.jpg>
Package pdftex.def Info: figures/sample-interview.jpg  used on input line 901.
(pdftex.def)             Requested size: 226.0133pt x 226.0118pt.
File: figures/sample-interview.jpg Graphic file (type jpg)
<use figures/sample-interview.jpg>
Package pdftex.def Info: figures/sample-interview.jpg  used on input line 907.
(pdftex.def)             Requested size: 226.0133pt x 226.0118pt.


[292]

[293]

[294]

[295]
Underfull \hbox (badness 7704) in paragraph at lines 946--946
[]|\OT1/cmr/bx/n/12 Address: \OT1/cmr/m/n/12 Tup-san, Mam-ba-jao,
 []

appendix.tex:952: Undefined control sequence.
l.952 \hrulespace
                  % Custom separator
The control sequence at the end of the top line
of your error message was never \def'ed. If you have
misspelled it (e.g., `\hobx'), type `I' and the correct
spelling (e.g., `I\hbox'). Otherwise just continue,
and I'll forget about whatever was undefined.

appendix.tex:1040: Undefined control sequence.
l.1040 \hrulespace
                   % Custom separator
The control sequence at the end of the top line
of your error message was never \def'ed. If you have
misspelled it (e.g., `\hobx'), type `I' and the correct
spelling (e.g., `I\hbox'). Otherwise just continue,
and I'll forget about whatever was undefined.

File: figures/sample-interview.jpg Graphic file (type jpg)
<use figures/sample-interview.jpg>
Package pdftex.def Info: figures/sample-interview.jpg  used on input line 1045.
(pdftex.def)             Requested size: 226.0133pt x 226.0118pt.
File: figures/sample-interview.jpg Graphic file (type jpg)
<use figures/sample-interview.jpg>
Package pdftex.def Info: figures/sample-interview.jpg  used on input line 1051.
(pdftex.def)             Requested size: 226.0133pt x 226.0118pt.
Package mdframed Info: Box was splittet wrong
 starting loop to iterate the splitting point
(mdframed)              on input line 1054.


[296]
Package mdframed Info: Box was splittet wrong
 starting loop to iterate the splitting point
(mdframed)              on input line 1054.


[297]

[298]

[299]
Underfull \hbox (badness 7704) in paragraph at lines 1090--1090
[]|\OT1/cmr/bx/n/12 Address: \OT1/cmr/m/n/12 Tup-san, Mam-ba-jao,
 []

appendix.tex:1096: Undefined control sequence.
l.1096 \hrulespace
                   % Custom separator
The control sequence at the end of the top line
of your error message was never \def'ed. If you have
misspelled it (e.g., `\hobx'), type `I' and the correct
spelling (e.g., `I\hbox'). Otherwise just continue,
and I'll forget about whatever was undefined.

appendix.tex:1184: Undefined control sequence.
l.1184 \hrulespace
                   % Custom separator
The control sequence at the end of the top line
of your error message was never \def'ed. If you have
misspelled it (e.g., `\hobx'), type `I' and the correct
spelling (e.g., `I\hbox'). Otherwise just continue,
and I'll forget about whatever was undefined.

File: figures/sample-interview.jpg Graphic file (type jpg)
<use figures/sample-interview.jpg>
Package pdftex.def Info: figures/sample-interview.jpg  used on input line 1189.
(pdftex.def)             Requested size: 226.0133pt x 226.0118pt.
File: figures/sample-interview.jpg Graphic file (type jpg)
<use figures/sample-interview.jpg>
Package pdftex.def Info: figures/sample-interview.jpg  used on input line 1195.
(pdftex.def)             Requested size: 226.0133pt x 226.0118pt.
Package mdframed Info: Box was splittet wrong
 starting loop to iterate the splitting point
(mdframed)              on input line 1198.


[300]
Package mdframed Info: Box was splittet wrong
 starting loop to iterate the splitting point
(mdframed)              on input line 1198.


[301]

[302]

[303]
Underfull \hbox (badness 7704) in paragraph at lines 1235--1235
[]|\OT1/cmr/bx/n/12 Address: \OT1/cmr/m/n/12 Tup-san, Mam-ba-jao,
 []

appendix.tex:1241: Undefined control sequence.
l.1241 \hrulespace
                   % Custom separator
The control sequence at the end of the top line
of your error message was never \def'ed. If you have
misspelled it (e.g., `\hobx'), type `I' and the correct
spelling (e.g., `I\hbox'). Otherwise just continue,
and I'll forget about whatever was undefined.

appendix.tex:1329: Undefined control sequence.
l.1329 \hrulespace
                   % Custom separator
The control sequence at the end of the top line
of your error message was never \def'ed. If you have
misspelled it (e.g., `\hobx'), type `I' and the correct
spelling (e.g., `I\hbox'). Otherwise just continue,
and I'll forget about whatever was undefined.

File: figures/sample-interview.jpg Graphic file (type jpg)
<use figures/sample-interview.jpg>
Package pdftex.def Info: figures/sample-interview.jpg  used on input line 1334.
(pdftex.def)             Requested size: 226.0133pt x 226.0118pt.
File: figures/sample-interview.jpg Graphic file (type jpg)
<use figures/sample-interview.jpg>
Package pdftex.def Info: figures/sample-interview.jpg  used on input line 1340.
(pdftex.def)             Requested size: 226.0133pt x 226.0118pt.
Package mdframed Info: Box was splittet wrong
 starting loop to iterate the splitting point
(mdframed)              on input line 1343.


[304]
Package mdframed Info: Box was splittet wrong
 starting loop to iterate the splitting point
(mdframed)              on input line 1343.


[305]

[306]

[307]
Underfull \hbox (badness 7704) in paragraph at lines 1380--1380
[]|\OT1/cmr/bx/n/12 Address: \OT1/cmr/m/n/12 Tup-san, Mam-ba-jao,
 []

appendix.tex:1386: Undefined control sequence.
l.1386 \hrulespace
                   % Custom separator
The control sequence at the end of the top line
of your error message was never \def'ed. If you have
misspelled it (e.g., `\hobx'), type `I' and the correct
spelling (e.g., `I\hbox'). Otherwise just continue,
and I'll forget about whatever was undefined.

appendix.tex:1474: Undefined control sequence.
l.1474 \hrulespace
                   % Custom separator
The control sequence at the end of the top line
of your error message was never \def'ed. If you have
misspelled it (e.g., `\hobx'), type `I' and the correct
spelling (e.g., `I\hbox'). Otherwise just continue,
and I'll forget about whatever was undefined.

File: figures/sample-interview.jpg Graphic file (type jpg)
<use figures/sample-interview.jpg>
Package pdftex.def Info: figures/sample-interview.jpg  used on input line 1479.
(pdftex.def)             Requested size: 226.0133pt x 226.0118pt.
File: figures/sample-interview.jpg Graphic file (type jpg)
<use figures/sample-interview.jpg>
Package pdftex.def Info: figures/sample-interview.jpg  used on input line 1485.
(pdftex.def)             Requested size: 226.0133pt x 226.0118pt.
Package mdframed Info: Box was splittet wrong
 starting loop to iterate the splitting point
(mdframed)              on input line 1488.


[308]
Package mdframed Info: Box was splittet wrong
 starting loop to iterate the splitting point
(mdframed)              on input line 1488.


[309]

[310]

[311]
Underfull \hbox (badness 7704) in paragraph at lines 1525--1525
[]|\OT1/cmr/bx/n/12 Address: \OT1/cmr/m/n/12 Tup-san, Mam-ba-jao,
 []

appendix.tex:1531: Undefined control sequence.
l.1531 \hrulespace
                   % Custom separator
The control sequence at the end of the top line
of your error message was never \def'ed. If you have
misspelled it (e.g., `\hobx'), type `I' and the correct
spelling (e.g., `I\hbox'). Otherwise just continue,
and I'll forget about whatever was undefined.

appendix.tex:1619: Undefined control sequence.
l.1619 \hrulespace
                   % Custom separator
The control sequence at the end of the top line
of your error message was never \def'ed. If you have
misspelled it (e.g., `\hobx'), type `I' and the correct
spelling (e.g., `I\hbox'). Otherwise just continue,
and I'll forget about whatever was undefined.

File: figures/sample-interview.jpg Graphic file (type jpg)
<use figures/sample-interview.jpg>
Package pdftex.def Info: figures/sample-interview.jpg  used on input line 1624.
(pdftex.def)             Requested size: 226.0133pt x 226.0118pt.
File: figures/sample-interview.jpg Graphic file (type jpg)
<use figures/sample-interview.jpg>
Package pdftex.def Info: figures/sample-interview.jpg  used on input line 1630.
(pdftex.def)             Requested size: 226.0133pt x 226.0118pt.
Package mdframed Info: Box was splittet wrong
 starting loop to iterate the splitting point
(mdframed)              on input line 1633.


[312]
Package mdframed Info: Box was splittet wrong
 starting loop to iterate the splitting point
(mdframed)              on input line 1633.


[313]

[314]

[315]
Underfull \hbox (badness 7704) in paragraph at lines 1670--1670
[]|\OT1/cmr/bx/n/12 Address: \OT1/cmr/m/n/12 Tup-san, Mam-ba-jao,
 []

appendix.tex:1676: Undefined control sequence.
l.1676 \hrulespace
                   % Custom separator
The control sequence at the end of the top line
of your error message was never \def'ed. If you have
misspelled it (e.g., `\hobx'), type `I' and the correct
spelling (e.g., `I\hbox'). Otherwise just continue,
and I'll forget about whatever was undefined.

appendix.tex:1764: Undefined control sequence.
l.1764 \hrulespace
                   % Custom separator
The control sequence at the end of the top line
of your error message was never \def'ed. If you have
misspelled it (e.g., `\hobx'), type `I' and the correct
spelling (e.g., `I\hbox'). Otherwise just continue,
and I'll forget about whatever was undefined.

File: figures/sample-interview.jpg Graphic file (type jpg)
<use figures/sample-interview.jpg>
Package pdftex.def Info: figures/sample-interview.jpg  used on input line 1769.
(pdftex.def)             Requested size: 226.0133pt x 226.0118pt.
File: figures/sample-interview.jpg Graphic file (type jpg)
<use figures/sample-interview.jpg>
Package pdftex.def Info: figures/sample-interview.jpg  used on input line 1775.
(pdftex.def)             Requested size: 226.0133pt x 226.0118pt.
Package mdframed Info: Box was splittet wrong
 starting loop to iterate the splitting point
(mdframed)              on input line 1778.


[316]
Package mdframed Info: Box was splittet wrong
 starting loop to iterate the splitting point
(mdframed)              on input line 1778.


[317]

[318]

[319]

[320]

[321]

[322]

[323]

[324]

[325]

[326])

[327]
\openout2 = `bibliography.aux'.

 (bibliography.tex)
\openout2 = `cv.aux'.

 (cv.tex
<figures/esbiii.jpg, id=3015, 738.76pt x 534.99875pt>
File: figures/esbiii.jpg Graphic file (type jpg)
<use figures/esbiii.jpg>
Package pdftex.def Info: figures/esbiii.jpg  used on input line 28.
(pdftex.def)             Requested size: 144.5367pt x 144.54138pt.

Overfull \hbox (32.08998pt too wide) in paragraph at lines 28--29
 []
 []



[328






 <./figures/esbiii.jpg>]
File: figures/esbiii.jpg Graphic file (type jpg)
<use figures/esbiii.jpg>
Package pdftex.def Info: figures/esbiii.jpg  used on input line 93.
(pdftex.def)             Requested size: 144.5367pt x 144.54138pt.

Overfull \hbox (32.08998pt too wide) in paragraph at lines 93--94
 []
 []



[329]
File: figures/esbiii.jpg Graphic file (type jpg)
<use figures/esbiii.jpg>
Package pdftex.def Info: figures/esbiii.jpg  used on input line 158.
(pdftex.def)             Requested size: 144.5367pt x 144.54138pt.

Overfull \hbox (32.08998pt too wide) in paragraph at lines 158--159
 []
 []



[330]
File: figures/esbiii.jpg Graphic file (type jpg)
<use figures/esbiii.jpg>
Package pdftex.def Info: figures/esbiii.jpg  used on input line 224.
(pdftex.def)             Requested size: 144.5367pt x 144.54138pt.

Overfull \hbox (32.08998pt too wide) in paragraph at lines 224--225
 []
 []



[331]
File: figures/esbiii.jpg Graphic file (type jpg)
<use figures/esbiii.jpg>
Package pdftex.def Info: figures/esbiii.jpg  used on input line 292.
(pdftex.def)             Requested size: 144.5367pt x 144.54138pt.

Overfull \hbox (32.08998pt too wide) in paragraph at lines 292--293
 []
 []

)

[332]
\openout2 = `caa.aux'.

 (caa.tex

caa.tex:8: LaTeX Error: Can be used only in preamble.

See the LaTeX manual or LaTeX Companion for explanation.
Type  H <return>  for immediate help.
 ...                                              
                                                  
l.8 \begin{document}
                    
Your command was ignored.
Type  I <command> <return>  to replace it with another command,
or  <return>  to continue without it.



[333



] (thesis.aux (chapter1.aux) (chapter2.aux) (chapter3.aux) (chapter4.aux) (chapter5.aux) (appendix.aux) (bibliography.aux) (cv.aux) (caa.aux))
 ***********
LaTeX2e <2025-11-01>
L3 programming layer <2020/03/25>
 ***********


LaTeX Warning: There were undefined references.


LaTeX Warning: There were multiply-defined labels.

Package rerunfilecheck Info: File `thesis.out' has not changed.
(rerunfilecheck)             Checksum: DF24E76E6B6A44D41F67CF2C93203851;32869.
 ) )
(\end occurred inside a group at level 1)

### semi simple group (level 1) entered at line 8 (\begingroup)
### bottom level
(\end occurred when \iftrue on line 89 was incomplete)
(\end occurred when \ifx on line 89 was incomplete)
(\end occurred when \ifnum on line 89 was incomplete) 
Here is how much of TeX's memory you used:
 20445 strings out of 467875
 346837 string characters out of 5418388
 836896 words of memory out of 5000000
 48066 multiletter control sequences out of 15000+600000
 640890 words of font info for 94 fonts, out of 8000000 for 9000
 1141 hyphenation exceptions out of 8191
 80i,20n,82p,2550b,1122s stack positions out of 10000i,1000n,20000p,200000b,200000s
 <C:\Users\Maurice Mary Simon\AppData\Local\MiKTeX\fonts/pk/ljfour/jknappen/ec/dpi600\tcbx1200.pk> <C:\Users\Maurice Mary Simon\AppData\Local\MiKTeX\fonts/pk/ljfour/jknappen/ec/dpi600\tcrm1200.pk><C:/Users/Maurice Mary Simon/Application Mods/fonts/type1/public/amsfonts/cm/cmbx10.pfb><C:/Users/Maurice Mary Simon/Application Mods/fonts/type1/public/amsfonts/cm/cmbx12.pfb><C:/Users/Maurice Mary Simon/Application Mods/fonts/type1/public/amsfonts/cm/cmbxti10.pfb><C:/Users/Maurice Mary Simon/Application Mods/fonts/type1/public/amsfonts/cm/cmex10.pfb><C:/Users/Maurice Mary Simon/Application Mods/fonts/type1/public/amsfonts/cm/cmmi12.pfb><C:/Users/Maurice Mary Simon/Application Mods/fonts/type1/public/amsfonts/cm/cmmi8.pfb><C:/Users/Maurice Mary Simon/Application Mods/fonts/type1/public/amsfonts/cm/cmr10.pfb><C:/Users/Maurice Mary Simon/Application Mods/fonts/type1/public/amsfonts/cm/cmr12.pfb><C:/Users/Maurice Mary Simon/Application Mods/fonts/type1/public/amsfonts/cm/cmr6.pfb><C:/Users/Maurice Mary Simon/Application Mods/fonts/type1/public/amsfonts/cm/cmr8.pfb><C:/Users/Maurice Mary Simon/Application Mods/fonts/type1/public/amsfonts/cm/cmsy10.pfb><C:/Users/Maurice Mary Simon/Application Mods/fonts/type1/public/amsfonts/cm/cmti12.pfb><C:/Users/Maurice Mary Simon/Application Mods/fonts/type1/public/amsfonts/cm/cmtt12.pfb><C:/Users/Maurice Mary Simon/Application Mods/fonts/type1/public/amsfonts/symbols/msam10.pfb>
Output written on thesis.pdf (352 pages, 63323231 bytes).
PDF statistics:
 3289 PDF objects out of 3580 (max. 8388607)
 826 named destinations out of 1000 (max. 500000)
 1838 words of extra memory for PDF output out of 10000 (max. 10000000)

